
LHAPDF 6.4.0 loading /cvmfs/cms.cern.ch/el9_amd64_gcc12/external/lhapdf/6.4.0-e7c4b9323f96fa15c22775e405ec99ed/share/LHAPDF/NNPDF31_nnlo_as_0118/NNPDF31_nnlo_as_0118_0000.dat
NNPDF31_nnlo_as_0118 PDF set, member #0, version 1; LHAPDF ID = 303600
LHAPDF 6.4.0 loading /cvmfs/cms.cern.ch/el9_amd64_gcc12/external/lhapdf/6.4.0-e7c4b9323f96fa15c22775e405ec99ed/share/LHAPDF/NNPDF31_nnlo_as_0118/NNPDF31_nnlo_as_0118_0000.dat
NNPDF31_nnlo_as_0118 PDF set, member #0, version 1; LHAPDF ID = 303600

 *-------  PYTHIA Process Initialization  --------------------------*
 |                                                                  |
 | We collide p+ with p+ at a CM energy of 1.360e+04 GeV            |
 |                                                                  |
 |------------------------------------------------------------------|
 |                                                    |             |
 | Subprocess                                    Code |   Estimated |
 |                                                    |    max (mb) |
 |                                                    |             |
 |------------------------------------------------------------------|
 |                                                    |             |
 | q qbar -> b bbar                               124 |   1.004e-06 |
 |                                                                  |
 *-------  End PYTHIA Process Initialization -----------------------*
 PYTHIA Warning in SimpleTimeShower::init: pTmin too low , raised to 0.611

 *-------  PYTHIA Multiparton Interactions Initialization  ---------* 
 |                                                                  | 
 |                   sigmaNonDiffractive =    55.42 mb              | 
 |                                                                  | 
 |    pT0 =  1.44 gives sigmaInteraction =   500.67 mb: accepted    | 
 |                                                                  | 
 *-------  End PYTHIA Multiparton Interactions Initialization  -----* 
 PYTHIA Warning in MultipartonInteractions::init: maximum increased by factor 1.090

 *-------  PYTHIA Flag + Mode + Parm + Word + FVec + MVec + PVec + WVec Settings (changes only)  ------------------* 
 |                                                                                                                 | 
 | Name                                          |                      Now |      Default         Min         Max | 
 |                                               |                          |                                      | 
 | Beams:eCM                                     |                13600.000 |    14000.000         0.0             | 
 | Check:epTolErr                                |                0.0100000 |   1.0000e-04                         | 
 | ColourReconnection:range                      |                  5.17600 |      1.80000         0.0    10.00000 | 
 | HardQCD:qqbar2bbbar                           |                       on |          off                         | 
 | Main:timesAllowErrors                         |                    10000 |           10           0             | 
 | MultipartonInteractions:alphaSorder           |                        2 |            1           0           3 | 
 | MultipartonInteractions:alphaSvalue           |                  0.11800 |      0.13000   0.0600000     0.25000 | 
 | MultipartonInteractions:bProfile              |                        2 |            3           0           4 | 
 | MultipartonInteractions:coreFraction          |                  0.63000 |      0.50000         0.0     1.00000 | 
 | MultipartonInteractions:coreRadius            |                  0.76340 |      0.40000     0.10000     1.00000 | 
 | MultipartonInteractions:ecmPow                |                0.0334400 |      0.21500         0.0     0.50000 | 
 | MultipartonInteractions:pT0Ref                |                  1.41000 |      2.28000     0.50000    10.00000 | 
 | Next:numberShowEvent                          |                        0 |            1           0             | 
 | ParticleDecays:allowPhotonRadiation           |                       on |          off                         | 
 | ParticleDecays:limitTau0                      |                       on |          off                         | 
 | PDF:pSet                                      | LHAPDF6:NNPDF31_nnlo_as_0118 |           13                     | 
 | PhaseSpace:pTHatMin                           |                100.00000 |          0.0         0.0             | 
 | SigmaProcess:alphaSorder                      |                        2 |            1           0           3 | 
 | SigmaProcess:alphaSvalue                      |                  0.11800 |      0.13000   0.0600000     0.25000 | 
 | SigmaTotal:mode                               |                        0 |            1           0           4 | 
 | SigmaTotal:sigmaEl                            |                 21.89000 |     25.00000         0.0             | 
 | SigmaTotal:sigmaTot                           |                100.30900 |    100.00000         0.0             | 
 | SigmaTotal:zeroAXB                            |                      off |           on                         | 
 | SLHA:minMassSM                                |                 1000.000 |    100.00000                         | 
 | SpaceShower:alphaSorder                       |                        2 |            1           0           3 | 
 | SpaceShower:alphaSvalue                       |                  0.11800 |      0.13650   0.0600000     0.25000 | 
 | TimeShower:alphaSorder                        |                        2 |            1           0           3 | 
 | TimeShower:alphaSvalue                        |                  0.11800 |      0.13650   0.0600000     0.25000 | 
 |                                                                                                                 | 
 *-------  End PYTHIA Flag + Mode + Parm + Word + FVec + MVec + PVec + WVec Settings  -----------------------------* 

 --------  PYTHIA Particle Data Table (changed only)  ------------------------------------------------------------------------------
 
      id   name            antiName         spn chg col      m0        mWidth      mMin       mMax       tau0    res dec ext vis wid
             no onMode   bRatio   meMode     products 

 no particle data has been changed from its default value 

 --------  End PYTHIA Particle Data Table  -----------------------------------------------------------------------------------------


 *-------  PYTHIA Flag + Mode + Parm + Word + FVec + MVec + PVec + WVec Settings (changes only)  ------------------* 
 |                                                                                                                 | 
 | Name                                          |                      Now |      Default         Min         Max | 
 |                                               |                          |                                      | 
 | Next:numberShowEvent                          |                        0 |            1           0             | 
 | ParticleDecays:allowPhotonRadiation           |                       on |          off                         | 
 | ParticleDecays:limitTau0                      |                       on |          off                         | 
 | ProcessLevel:all                              |                      off |           on                         | 
 |                                                                                                                 | 
 *-------  End PYTHIA Flag + Mode + Parm + Word + FVec + MVec + PVec + WVec Settings  -----------------------------* 

 --------  PYTHIA Particle Data Table (changed only)  ------------------------------------------------------------------------------
 
      id   name            antiName         spn chg col      m0        mWidth      mMin       mMax       tau0    res dec ext vis wid
             no onMode   bRatio   meMode     products 

 no particle data has been changed from its default value 

 --------  End PYTHIA Particle Data Table  -----------------------------------------------------------------------------------------

 PYTHIA Warning in SimpleSpaceShower::pT2nextQCD: weight above unity

 --------  PYTHIA Info Listing  ---------------------------------------- 
 
 Beam A: id =   2212, pz =  6.800e+03, e =  6.800e+03, m =  9.383e-01.
 Beam B: id =   2212, pz = -6.800e+03, e =  6.800e+03, m =  9.383e-01.

 In 1: id =   -2, x =  2.174e-03, pdf =  1.145e+00 at Q2 =  1.284e+04.
 In 2: id =    2, x =  3.901e-01, pdf =  2.107e-01 at same Q2.

 Subprocess q qbar -> b bbar with code 124 is 2 -> 2.
 It has sHat =  1.569e+05,    tHat = -1.428e+05,    uHat = -1.409e+04,
       pTHat =  1.132e+02,   m3Hat =  4.800e+00,   m4Hat =  4.800e+00,
    thetaHat =  2.533e+00,  phiHat =  9.905e-01.
     alphaEM =  7.837e-03,  alphaS =  1.143e-01    at Q2 =  1.284e+04.

 Impact parameter b =  3.136e-01 gives enhancement factor =  3.709e+00.
 Max pT scale for MPI =  1.133e+02, ISR =  1.133e+02, FSR =  1.133e+02.
 Number of MPI =    32, ISR =    28, FSRproc =    64, FSRreson =     0.

 --------  End PYTHIA Info Listing  ------------------------------------

 --------  PYTHIA Event Listing  (hard process)  -----------------------------------------------------------------------------------
 
    no         id  name            status     mothers   daughters     colours      p_x        p_y        p_z         e          m 
     0         90  (system)           -11     0     0     0     0     0     0      0.000      0.000      0.000  13600.000  13600.000
     1       2212  (p+)               -12     0     0     3     0     0     0      0.000      0.000   6800.000   6800.000      0.938
     2       2212  (p+)               -12     0     0     4     0     0     0      0.000      0.000  -6800.000   6800.000      0.938
     3         -2  (ubar)             -21     1     0     5     6     0   101      0.000      0.000     14.785     14.785      0.000
     4          2  (u)                -21     2     0     5     6   102     0      0.000      0.000  -2652.934   2652.934      0.000
     5         -5  bbar                23     3     4     0     0     0   101     62.071     94.690  -2413.001   2415.661      4.800
     6          5  b                   23     3     4     0     0   102     0    -62.071    -94.690   -225.148    252.059      4.800
                                   Charge sum:  0.000           Momentum sum:      0.000      0.000  -2638.149   2667.719    396.101

 --------  End PYTHIA Event Listing  -----------------------------------------------------------------------------------------------

[ParticleListDrawer] analysing particle collection genParticles
 idx  |    ID -       Name |Stat|  Mo1  Mo2  Da1  Da2 |nMo nDa|    pt       eta     phi   |     px         py         pz        m     |        vx       vy        vz     |
    0 |  2212 -         p+ |  4 |   -1   -1  512  738 |  0 39 |   0.000  29556.000  0.000 |      0.000      0.000   6800.000    0.938 |      0.000      0.000      0.000 |  FirstCopy  LastCopy  LastCopyBeforeFSR
    1 |  2212 -         p+ |  4 |   -1   -1  513  744 |  0 38 |   0.000 -29556.000  0.000 |      0.000      0.000  -6800.000    0.938 |      0.000      0.000      0.000 |  FirstCopy  LastCopy  LastCopyBeforeFSR
    2 |    -2 -       ubar | 21 |    6    6    4    5 |  1  2 |   0.000  22770.785  0.000 |      0.000      0.000     14.785   -0.000 |      0.028     -0.017      3.112 |  HardProcess  HardProcessBeforeFSR  LastCopy
    3 |     2 -          u | 21 |    7    7    4    5 |  1  2 |   0.000 -25408.934  0.000 |      0.000      0.000  -2652.934    0.000 |      0.028     -0.017      3.112 |  HardProcess  HardProcessBeforeFSR  LastCopy
    4 |    -5 -       bbar | 23 |    2    3    8    8 |  2  1 | 113.221     -3.753  0.991 |     62.071     94.690  -2413.001    4.800 |      0.028     -0.017      3.112 |  HardProcess  FirstCopy
    5 |     5 -          b | 23 |    2    3    9    9 |  2  1 | 113.221     -1.439 -2.151 |    -62.071    -94.690   -225.148    4.800 |      0.028     -0.017      3.112 |  HardProcess  FirstCopy
    6 |    -2 -       ubar | 42 |   11   11    2    2 |  1  1 |   0.000     33.007 -1.551 |      0.000     -0.000     14.785   -0.000 |      0.028     -0.017      3.112 |
    7 |     2 -          u | 41 |   12   12    3   10 |  1  2 |   0.000    -38.251  1.590 |     -0.000      0.000  -2800.363   -0.000 |      0.028     -0.017      3.112 |  LastCopyBeforeFSR
    8 |    -5 -       bbar | 44 |    4    4   13   13 |  1  1 | 119.745     -3.740  1.027 |     61.919    102.493  -2520.191    4.800 |      0.028     -0.017      3.112 |
    9 |     5 -          b | 44 |    5    5   14   14 |  1  1 | 112.585     -1.488 -2.155 |    -62.086    -93.918   -236.467    4.800 |      0.028     -0.017      3.112 |
   10 |    21 -          g | 43 |    7    7   15   15 |  1  1 |   8.576     -1.930 -1.551 |      0.167     -8.575    -28.921   -0.000 |      0.028     -0.017      3.112 |  FirstCopy  LastCopyBeforeFSR
   11 |    -2 -       ubar | 41 |  512  512    6   16 |  1  2 |   0.000     37.936 -1.446 |      0.000     -0.000     53.512    0.000 |      0.028     -0.017      3.112 |  LastCopyBeforeFSR
   12 |     2 -          u | 42 |   72   72    7    7 |  1  1 |   0.000    -40.714  1.705 |     -0.000      0.000  -2800.363   -0.000 |      0.028     -0.017      3.112 |
   13 |    -5 -       bbar | 44 |    8    8  207  207 |  1  1 | 118.600     -3.729  1.019 |     62.129    101.024  -2467.374    4.800 |      0.028     -0.017      3.112 |
   14 |     5 -          b | 44 |    9    9   49   49 |  1  1 | 122.829     -1.572 -2.083 |    -60.207   -107.061   -283.184    4.800 |      0.028     -0.017      3.112 |
   15 |    21 -          g | 44 |   10   10   47   48 |  1  2 |   9.220     -2.000 -1.543 |      0.259     -9.217    -33.457    0.000 |      0.028     -0.017      3.112 |
   16 |    21 -          g | 43 |   11   11  205  206 |  1  2 |  15.410      1.614  1.713 |     -2.181     15.254     37.163   -0.000 |      0.028     -0.017      3.112 |  FirstCopy  LastCopyBeforeFSR
   17 |     3 -          s | 31 |   42   42   19   20 |  1  2 |   0.000  22769.064  0.000 |      0.000      0.000     13.064    0.000 |      0.028     -0.017      3.112 |
   18 |    21 -          g | 31 |   43   43   19   20 |  1  2 |   0.000 -22773.683  0.000 |      0.000      0.000    -17.683    0.000 |      0.028     -0.017      3.112 |
   19 |     3 -          s | 33 |   17   18   44   44 |  2  1 |   6.654      1.316  1.992 |     -2.722      6.072     11.507    0.500 |      0.028     -0.017      3.112 |
   20 |    21 -          g | 33 |   17   18   45   45 |  2  1 |   6.654     -1.619 -1.149 |      2.722     -6.072    -16.127    0.000 |      0.028     -0.017      3.112 |
   21 |    21 -          g | 31 |  103  103   23   24 |  1  2 |   0.000  22850.283  0.000 |      0.000      0.000     94.283   -0.000 |      0.028     -0.017      3.112 |
   22 |    21 -          g | 31 |  104  104   23   24 |  1  2 |   0.000 -22756.861  0.000 |      0.000      0.000     -0.861   -0.000 |      0.028     -0.017      3.112 |
   23 |    21 -          g | 33 |   21   22  105  105 |  2  1 |   6.128      1.412 -1.194 |      2.253     -5.699     11.833    0.000 |      0.028     -0.017      3.112 |
   24 |    21 -          g | 33 |   21   22  106  106 |  2  1 |   6.128      3.283  1.947 |     -2.253      5.699     81.588   -0.000 |      0.028     -0.017      3.112 |
   25 |    21 -          g | 31 |   33   33   27   28 |  1  2 |   0.000  22758.389  0.000 |      0.000      0.000      2.389    0.000 |      0.028     -0.017      3.112 |
   26 |    21 -          g | 31 |   34   34   27   28 |  1  2 |   0.000 -22774.309  0.000 |      0.000      0.000    -18.309   -0.000 |      0.028     -0.017      3.112 |  FirstCopy  LastCopyBeforeFSR
   27 |    21 -          g | 33 |   25   26   35   35 |  2  1 |   4.391     -1.986  2.766 |     -4.085      1.611    -15.699   -0.000 |      0.028     -0.017      3.112 |
   28 |    21 -          g | 33 |   25   26   36   36 |  2  1 |   4.391     -0.050 -0.376 |      4.085     -1.611     -0.221   -0.000 |      0.028     -0.017      3.112 |
   29 |    21 -          g | 31 |  149  149   31   32 |  1  2 |   0.000  22981.145  0.000 |      0.000      0.000    225.145    0.000 |      0.028     -0.017      3.112 |
   30 |     1 -          d | 31 |  150  150   31   32 |  1  2 |   0.000 -23073.944  0.000 |      0.000      0.000   -317.944    0.000 |      0.028     -0.017      3.112 |  LastCopyBeforeFSR
   31 |    21 -          g | 33 |   29   30  151  151 |  2  1 |   4.101      4.699 -2.558 |     -3.422     -2.259    225.113   -0.000 |      0.028     -0.017      3.112 |
   32 |     1 -          d | 33 |   29   30  152  152 |  2  1 |   4.101     -5.044  0.583 |      3.422      2.259   -317.912    0.330 |      0.028     -0.017      3.112 |
   33 |    21 -          g | 42 |  154  154   25   25 |  1  1 |   0.000     34.959  0.785 |      0.000      0.000      2.389    0.000 |      0.028     -0.017      3.112 |
   34 |    -2 -       ubar | 41 |  155  155   26   37 |  1  2 |   0.000    -37.561 -2.404 |     -0.000     -0.000    -33.881   -0.000 |      0.028     -0.017      3.112 |  LastCopyBeforeFSR
   35 |    21 -          g | 44 |   27   27  120  121 |  1  2 |   4.259     -2.202  2.039 |     -1.923      3.800    -19.028   -0.000 |      0.028     -0.017      3.112 |
   36 |    21 -          g | 44 |   28   28  122  122 |  1  1 |   4.584     -0.193 -0.286 |      4.397     -1.295     -0.890   -0.000 |      0.028     -0.017      3.112 |
   37 |    -2 -       ubar | 43 |   34   34  158  158 |  1  1 |   3.521     -1.905 -2.350 |     -2.475     -2.505    -11.573    0.330 |      0.028     -0.017      3.112 |
   38 |    21 -          g | 31 |   50   50   40   41 |  1  2 |   0.000  22787.848  0.000 |      0.000      0.000     31.848    0.000 |      0.028     -0.017      3.112 |
   39 |    21 -          g | 31 |   51   51   40   41 |  1  2 |   0.000 -22756.517  0.000 |      0.000      0.000     -0.517    0.000 |      0.028     -0.017      3.112 |
   40 |    21 -          g | 33 |   38   39   52   52 |  2  1 |   4.013      1.910  0.781 |      2.850      2.825     13.247   -0.000 |      0.028     -0.017      3.112 |
   41 |    21 -          g | 33 |   38   39   53   53 |  2  1 |   4.013      2.211 -2.361 |     -2.850     -2.825     18.084   -0.000 |      0.028     -0.017      3.112 |
   42 |     3 -          s | 41 |   97   97   17   46 |  1  2 |   0.000     39.420 -1.571 |      0.000     -0.000     21.941    0.000 |      0.028     -0.017      3.112 |  LastCopyBeforeFSR
   43 |    21 -          g | 42 |   98   98   18   18 |  1  1 |   0.000    -38.909  3.017 |     -0.000      0.000    -17.683   -0.000 |      0.028     -0.017      3.112 |
   44 |     3 -          s | 44 |   19   19   99   99 |  1  1 |   9.314      1.021  2.317 |     -6.324      6.839     11.256    0.500 |      0.028     -0.017      3.112 |
   45 |    21 -          g | 44 |   20   20  100  100 |  1  1 |   6.540     -1.559 -1.174 |      2.530     -6.031    -14.862   -0.000 |      0.028     -0.017      3.112 |
   46 |    21 -          g | 43 |   42   42  101  101 |  1  1 |   3.879      1.456 -0.210 |      3.794     -0.808      7.864   -0.000 |      0.028     -0.017      3.112 |  FirstCopy  LastCopyBeforeFSR
   47 |    21 -          g | 51 |   15   15   70   71 |  1  2 |  21.369     -1.829 -1.788 |     -4.596    -20.869    -64.839   -0.000 |      0.028     -0.017      3.112 |
   48 |    21 -          g | 51 |   15   15  180  181 |  1  2 |   4.568     -1.241 -2.427 |     -3.451     -2.993     -7.238   -0.000 |      0.028     -0.017      3.112 |
   49 |     5 -          b | 52 |   14   14  182  182 |  1  1 | 105.993     -1.573 -2.083 |    -51.901    -92.416   -244.563    4.800 |      0.028     -0.017      3.112 |
   50 |    21 -          g | 42 |   64   64   38   38 |  1  1 |   0.000     39.505 -1.571 |      0.000     -0.000     31.848    0.000 |      0.028     -0.017      3.112 |
   51 |    21 -          g | 41 |   65   65   39   54 |  1  2 |   0.000    -36.772  1.571 |      0.000      0.000     -1.036    0.000 |      0.028     -0.017      3.112 |
   52 |    21 -          g | 44 |   40   40   66   66 |  1  1 |   5.400      1.841  0.970 |      3.054      4.453     16.584    0.000 |      0.028     -0.017      3.112 |
   53 |    21 -          g | 44 |   41   41   67   67 |  1  1 |   3.148      1.602 -2.601 |     -2.699     -1.619      7.496   -0.000 |      0.028     -0.017      3.112 |
   54 |    21 -          g | 43 |   51   51   68   68 |  1  1 |   2.856      1.593 -1.695 |     -0.354     -2.834      6.732    0.000 |      0.028     -0.017      3.112 |
   55 |    21 -          g | 31 |   59   59   57   58 |  1  2 |   0.000  22794.997  0.000 |      0.000      0.000     38.997    0.000 |      0.028     -0.017      3.112 |
   56 |    21 -          g | 31 |   60   60   57   58 |  1  2 |   0.000 -22952.708  0.000 |      0.000      0.000   -196.708    0.000 |      0.028     -0.017      3.112 |
   57 |    21 -          g | 33 |   55   56   61   61 |  2  1 |   3.576      3.082 -3.000 |     -3.541     -0.505     38.899   -0.000 |      0.028     -0.017      3.112 |
   58 |    21 -          g | 33 |   55   56   62   62 |  2  1 |   3.576     -4.700  0.142 |      3.541      0.505   -196.610    0.000 |      0.028     -0.017      3.112 |
   59 |    21 -          g | 42 |   88   88   55   55 |  1  1 |   0.000     35.781 -2.973 |     -0.000     -0.000     38.997   -0.000 |      0.028     -0.017      3.112 |
   60 |    21 -          g | 41 |   89   89   56   63 |  1  2 |   0.000    -37.448  0.163 |      0.000      0.000   -204.393   -0.000 |      0.028     -0.017      3.112 |
   61 |    21 -          g | 44 |   57   57   90   90 |  1  1 |   3.575      3.072 -3.000 |     -3.539     -0.505     38.488   -0.000 |      0.028     -0.017      3.112 |
   62 |    21 -          g | 44 |   58   58   91   91 |  1  1 |   6.498     -4.113  0.154 |      6.421      0.997   -198.527   -0.000 |      0.028     -0.017      3.112 |
   63 |    21 -          g | 43 |   60   60   92   92 |  1  1 |   2.924     -1.366 -2.972 |     -2.882     -0.493     -5.357    0.000 |      0.028     -0.017      3.112 |
   64 |    21 -          g | 42 |   73   73   50   50 |  1  1 |   0.000     37.459  0.245 |      0.000      0.000     31.848    0.000 |      0.028     -0.017      3.112 |
   65 |    21 -          g | 41 |   74   74   51   69 |  1  2 |   0.000    -35.654 -2.897 |     -0.000     -0.000     -2.794    0.000 |      0.028     -0.017      3.112 |
   66 |    21 -          g | 44 |   52   52   75   75 |  1  1 |   6.411      1.898  0.840 |      4.277      4.776     20.906   -0.000 |      0.028     -0.017      3.112 |
   67 |    21 -          g | 44 |   53   53   76   76 |  1  1 |   2.264      1.158 -2.486 |     -1.794     -1.381      3.248   -0.000 |      0.028     -0.017      3.112 |
   68 |    21 -          g | 44 |   54   54   77   77 |  1  1 |   2.658      1.406 -1.391 |      0.475     -2.616      5.099   -0.000 |      0.028     -0.017      3.112 |
   69 |    21 -          g | 43 |   65   65   78   78 |  1  1 |   3.059     -0.065 -2.884 |     -2.958     -0.780     -0.199   -0.000 |      0.028     -0.017      3.112 |
   70 |    21 -          g | 51 |   47   47  214  215 |  1  2 |   4.995     -1.745 -1.191 |      1.851     -4.640    -13.865    0.000 |      0.028     -0.017      3.112 |  LastCopy
   71 |    21 -          g | 51 |   47   47  216  216 |  1  1 |  17.462     -1.921 -1.949 |     -6.446    -16.229    -58.323    0.000 |      0.028     -0.017      3.112 |
   72 |     2 -          u | 53 |  266  266   12   12 |  1  1 |   0.000    -37.339  3.074 |     -0.000      0.000  -2807.713    0.000 |      0.028     -0.017      3.112 |
   73 |    21 -          g | 42 |  286  286   64   64 |  1  1 |   0.000     37.798 -0.068 |      0.000     -0.000     31.848    0.000 |      0.028     -0.017      3.112 |
   74 |    21 -          g | 41 |  287  287   65   79 |  1  2 |   0.000    -36.427  3.067 |     -0.000      0.000    -14.716    0.000 |      0.028     -0.017      3.112 |
   75 |    21 -          g | 44 |   66   66  211  212 |  1  2 |   6.708      1.918  0.786 |      4.742      4.744     22.335   -0.000 |      0.028     -0.017      3.112 |
   76 |    21 -          g | 44 |   67   67  289  289 |  1  1 |   2.018      1.018 -2.372 |     -1.450     -1.404      2.428   -0.000 |      0.028     -0.017      3.112 |
   77 |    21 -          g | 44 |   68   68  213  213 |  1  1 |   2.753      1.416 -1.280 |      0.790     -2.637      5.338   -0.000 |      0.028     -0.017      3.112 |
   78 |    21 -          g | 44 |   69   69  291  291 |  1  1 |   1.638     -0.715 -2.569 |     -1.376     -0.887     -1.274   -0.000 |      0.028     -0.017      3.112 |
   79 |    21 -          g | 43 |   74   74  280  281 |  1  2 |   2.713     -2.168  3.074 |     -2.706      0.184    -11.695   -0.000 |      0.028     -0.017      3.112 |
   80 |    21 -          g | 31 |  130  130   82   83 |  1  2 |   0.000  22757.263  0.000 |      0.000      0.000      1.263    0.000 |      0.028     -0.017      3.112 |
   81 |    21 -          g | 31 |  131  131   82   83 |  1  2 |   0.000 -22771.836  0.000 |      0.000      0.000    -15.836    0.000 |      0.028     -0.017      3.112 |
   82 |    21 -          g | 33 |   80   81  123  124 |  2  2 |   2.570     -0.112  0.746 |      1.887      1.744     -0.290   -0.000 |      0.028     -0.017      3.112 |
   83 |    21 -          g | 33 |   80   81  125  125 |  2  1 |   2.570     -2.416 -2.395 |     -1.887     -1.744    -14.283   -0.000 |      0.028     -0.017      3.112 |
   84 |    21 -          g | 31 |  108  108   86   87 |  1  2 |   0.000  22776.778  0.000 |      0.000      0.000     20.778   -0.000 |      0.028     -0.017      3.112 |
   85 |     2 -          u | 31 |  109  109   86   87 |  1  2 |   0.000 -22814.964  0.000 |      0.000      0.000    -58.964    0.000 |      0.028     -0.017      3.112 |  LastCopyBeforeFSR
   86 |    21 -          g | 33 |   84   85  110  110 |  2  1 |   2.449      2.830  0.337 |      2.311      0.809     20.680    0.000 |      0.028     -0.017      3.112 |
   87 |     2 -          u | 33 |   84   85  111  111 |  2  1 |   2.449     -3.873 -2.805 |     -2.311     -0.809    -58.866    0.330 |      0.028     -0.017      3.112 |
   88 |    21 -          g | 41 |  161  161   59   93 |  1  2 |   0.000     41.124  3.142 |     -0.000      0.000     40.215    0.000 |      0.028     -0.017      3.112 |
   89 |    21 -          g | 42 |  162  162   60   60 |  1  1 |   0.000 -22960.393  0.000 |      0.000      0.000   -204.393   -0.000 |      0.028     -0.017      3.112 |
   90 |    21 -          g | 44 |   61   61   96   96 |  1  1 |   2.817      3.316 -2.367 |     -2.013     -1.970     38.745    0.000 |      0.028     -0.017      3.112 |
   91 |    21 -          g | 44 |   62   62  164  164 |  1  1 |   6.500     -4.107  0.154 |      6.423      0.995   -197.484   -0.000 |      0.028     -0.017      3.112 |
   92 |    21 -          g | 44 |   63   63  165  165 |  1  1 |   2.912     -1.356 -2.967 |     -2.867     -0.507     -5.274   -0.000 |      0.028     -0.017      3.112 |
   93 |    21 -          g | 43 |   88   88   94   95 |  1  2 |   2.139     -0.077  2.377 |     -1.543      1.481     -0.165   -0.000 |      0.028     -0.017      3.112 |
   94 |    21 -          g | 51 |   93   93  166  166 |  1  1 |   0.845     -0.965  2.550 |     -0.701      0.472     -0.948    0.000 |      0.028     -0.017      3.112 |
   95 |    21 -          g | 51 |   93   93  167  167 |  1  1 |   1.387      2.511  2.680 |     -1.242      0.618      8.483    0.000 |      0.028     -0.017      3.112 |
   96 |    21 -          g | 52 |   90   90  163  163 |  1  1 |   2.257      3.316 -2.367 |     -1.613     -1.578     31.045   -0.000 |      0.028     -0.017      3.112 |
   97 |     3 -          s | 42 |  528  528   42   42 |  1  1 |   0.000     35.592 -2.372 |     -0.000     -0.000     21.941    0.000 |      0.028     -0.017      3.112 |
   98 |    21 -          g | 41 |  279  279   43  102 |  1  2 |   0.000    -35.545  0.791 |      0.000      0.000    -20.937    0.000 |      0.028     -0.017      3.112 |
   99 |     3 -          s | 44 |   44   44  530  530 |  1  1 |   9.322      0.999  2.295 |     -6.174      6.985     10.948    0.500 |      0.028     -0.017      3.112 |
  100 |    21 -          g | 44 |   45   45  244  245 |  1  2 |   6.103     -1.651 -0.874 |      3.917     -4.680    -15.322   -0.000 |      0.028     -0.017      3.112 |
  101 |    21 -          g | 44 |   46   46  246  246 |  1  1 |   3.910      1.441 -0.198 |      3.834     -0.768      7.800    0.000 |      0.028     -0.017      3.112 |
  102 |    21 -          g | 43 |   98   98  533  533 |  1  1 |   2.202     -0.950 -2.369 |     -1.578     -1.536     -2.422    0.000 |      0.028     -0.017      3.112 |
  103 |    21 -          g | 42 |  217  217   21   21 |  1  1 |   0.000     41.283  1.571 |      0.000      0.000     94.283   -0.000 |      0.028     -0.017      3.112 |
  104 |    21 -          g | 41 |  218  218   22  107 |  1  2 |   0.000    -37.564  3.142 |     -0.000      0.000     -1.143    0.000 |      0.028     -0.017      3.112 |
  105 |    21 -          g | 44 |   23   23  219  219 |  1  1 |   5.081      1.158 -0.929 |      3.040     -4.071      7.292   -0.000 |      0.028     -0.017      3.112 |
  106 |    21 -          g | 44 |   24   24  220  220 |  1  1 |   6.320      3.248  1.915 |     -2.132      5.950     81.174   -0.000 |      0.028     -0.017      3.112 |
  107 |    21 -          g | 43 |  104  104  221  221 |  1  1 |   2.086      1.546 -2.021 |     -0.908     -1.878      4.674   -0.000 |      0.028     -0.017      3.112 |
  108 |    21 -          g | 41 |  610  610   84  112 |  1  2 |   0.000     40.501 -1.571 |      0.000     -0.000     21.561   -0.000 |      0.028     -0.017      3.112 |
  109 |     2 -          u | 42 |  611  611   85   85 |  1  1 |   0.000    -40.812  1.633 |     -0.000      0.000    -58.964   -0.000 |      0.028     -0.017      3.112 |
  110 |    21 -          g | 44 |   86   86  115  115 |  1  1 |   2.448      2.861 -0.074 |      2.442     -0.180     21.322   -0.000 |      0.028     -0.017      3.112 |
  111 |     2 -          u | 44 |   87   87  613  613 |  1  1 |   2.449     -3.843 -2.804 |     -2.311     -0.811    -57.117    0.330 |      0.028     -0.017      3.112 |
  112 |    21 -          g | 43 |  108  108  113  114 |  1  2 |   1.000     -1.253  1.702 |     -0.131      0.991     -1.608   -0.000 |      0.028     -0.017      3.112 |
  113 |    21 -          g | 51 |  112  112  303  304 |  1  2 |   1.099     -1.011 -1.007 |      0.588     -0.929     -1.310    0.000 |      0.028     -0.017      3.112 |
  114 |    21 -          g | 51 |  112  112  305  305 |  1  1 |   1.912      1.332  1.728 |     -0.299      1.889      3.369    0.000 |      0.028     -0.017      3.112 |
  115 |    21 -          g | 52 |  110  110  612  612 |  1  1 |   2.027      2.861 -0.074 |      2.022     -0.149     17.655   -0.000 |      0.028     -0.017      3.112 |
  116 |    21 -          g | 31 |  175  175  118  119 |  1  2 |   0.000  23774.879  0.000 |      0.000      0.000   1018.879    0.000 |      0.028     -0.017      3.112 |
  117 |    21 -          g | 31 |  176  176  118  119 |  1  2 |   0.000 -22756.114  0.000 |      0.000      0.000     -0.114    0.000 |      0.028     -0.017      3.112 |
  118 |    21 -          g | 33 |  116  117  177  177 |  2  1 |   2.226      6.808 -1.394 |      0.392     -2.192   1007.910    0.000 |      0.028     -0.017      3.112 |
  119 |    21 -          g | 33 |  116  117  178  178 |  2  1 |   2.226      2.288  1.748 |     -0.392      2.192     10.855   -0.000 |      0.028     -0.017      3.112 |
  120 |    21 -          g | 51 |   35   35  156  156 |  1  1 |   3.499     -1.461  2.251 |     -2.200      2.721     -7.137    0.000 |      0.028     -0.017      3.112 |
  121 |    21 -          g | 51 |   35   35  159  159 |  1  1 |   1.200     -2.997  0.902 |      0.744      0.941    -11.985   -0.000 |      0.028     -0.017      3.112 |
  122 |    21 -          g | 52 |   36   36  157  157 |  1  1 |   4.098     -0.193 -0.286 |      3.931     -1.158     -0.796   -0.000 |      0.028     -0.017      3.112 |
  123 |    21 -          g | 51 |   82   82  132  132 |  1  1 |   1.766     -0.650  2.562 |     -1.478      0.968     -1.231    0.000 |      0.028     -0.017      3.112 |
  124 |    21 -          g | 51 |   82   82  134  134 |  1  1 |   2.954     -0.728  0.127 |      2.930      0.375     -2.345    0.000 |      0.028     -0.017      3.112 |
  125 |    21 -          g | 52 |   83   83  133  133 |  1  1 |   1.978     -2.416 -2.395 |     -1.453     -1.343    -10.997   -0.000 |      0.028     -0.017      3.112 |
  126 |     1 -          d | 31 |  625  625  128  129 |  1  2 |   0.000  22756.099  0.000 |      0.000      0.000      0.099    0.000 |      0.028     -0.017      3.112 |  LastCopyBeforeFSR
  127 |    21 -          g | 31 |  626  626  128  129 |  1  2 |   0.000 -22799.572  0.000 |      0.000      0.000    -43.572    0.000 |      0.028     -0.017      3.112 |
  128 |     1 -          d | 33 |  126  127  429  429 |  2  1 |   2.053     -2.982  2.336 |     -1.423      1.480    -20.193    0.330 |      0.028     -0.017      3.112 |
  129 |    21 -          g | 33 |  126  127  427  428 |  2  2 |   2.053     -3.123 -0.805 |      1.423     -1.480    -23.280    0.000 |      0.028     -0.017      3.112 |
  130 |    21 -          g | 42 |  195  195   80   80 |  1  1 |   0.000     34.067 -2.702 |     -0.000     -0.000      1.263    0.000 |      0.028     -0.017      3.112 |
  131 |    21 -          g | 41 |  196  196   81  135 |  1  2 |   0.000    -36.942  0.451 |      0.000      0.000    -21.831   -0.000 |      0.028     -0.017      3.112 |
  132 |    21 -          g | 44 |  123  123  197  197 |  1  1 |   1.692     -0.860  2.484 |     -1.339      1.035     -1.642   -0.000 |      0.028     -0.017      3.112 |
  133 |    21 -          g | 44 |  125  125  198  198 |  1  1 |   1.057     -3.211 -2.112 |     -0.544     -0.906    -13.084   -0.000 |      0.028     -0.017      3.112 |
  134 |    21 -          g | 44 |  124  124  199  199 |  1  1 |   3.220     -0.809  0.155 |      3.181      0.496     -2.899   -0.000 |      0.028     -0.017      3.112 |
  135 |    21 -          g | 43 |  131  131  200  200 |  1  1 |   1.441     -1.463 -2.693 |     -1.298     -0.624     -2.943    0.000 |      0.028     -0.017      3.112 |
  136 |    -1 -       dbar | 31 |  630  630  138  139 |  1  2 |   0.000  22756.469  0.000 |      0.000      0.000      0.469   -0.000 |      0.028     -0.017      3.112 |
  137 |    -2 -       ubar | 31 |  631  631  138  139 |  1  2 |   0.000 -22775.841  0.000 |      0.000      0.000    -19.841   -0.000 |      0.028     -0.017      3.112 |
  138 |    -1 -       dbar | 33 |  136  137  632  632 |  2  1 |   1.955     -0.885 -0.601 |      1.613     -1.105     -1.965    0.330 |      0.028     -0.017      3.112 |
  139 |    -2 -       ubar | 33 |  136  137  633  633 |  2  1 |   1.955     -2.883  2.541 |     -1.613      1.105    -17.406    0.330 |      0.028     -0.017      3.112 |
  140 |    21 -          g | 31 |  144  144  142  143 |  1  2 |   0.000  22816.732  0.000 |      0.000      0.000     60.732   -0.000 |      0.028     -0.017      3.112 |
  141 |    -4 -       cbar | 31 |  145  145  142  143 |  1  2 |   0.000 -22780.973  0.000 |      0.000      0.000    -24.973    0.000 |      0.028     -0.017      3.112 |  LastCopyBeforeFSR
  142 |    21 -          g | 33 |  140  141  146  146 |  2  1 |   1.931      4.141  2.505 |     -1.553      1.148     60.657   -0.000 |      0.028     -0.017      3.112 |
  143 |    -4 -       cbar | 33 |  140  141  147  147 |  2  1 |   1.931     -3.252 -0.636 |      1.553     -1.148    -24.898    1.500 |      0.028     -0.017      3.112 |
  144 |    21 -          g | 41 |  169  169  140  148 |  1  2 |   0.000     40.477 -2.976 |     -0.000     -0.000     64.013    0.000 |      0.028     -0.017      3.112 |
  145 |    -4 -       cbar | 42 |  170  170  141  141 |  1  1 |   0.000    -39.947 -0.124 |      0.000     -0.000    -24.973    0.000 |      0.028     -0.017      3.112 |  FirstCopy
  146 |    21 -          g | 44 |  142  142  171  171 |  1  1 |   0.766      5.077  1.449 |      0.093      0.760     61.384   -0.000 |      0.028     -0.017      3.112 |
  147 |    -4 -       cbar | 44 |  143  143  172  172 |  1  1 |   1.932     -3.240 -0.636 |      1.554     -1.148    -24.631    1.500 |      0.028     -0.017      3.112 |
  148 |    21 -          g | 43 |  144  144  173  173 |  1  1 |   1.692      1.110  2.910 |     -1.647      0.388      2.287   -0.000 |      0.028     -0.017      3.112 |
  149 |    21 -          g | 41 |  554  554   29  153 |  1  2 |   0.000     43.871 -1.571 |      0.000     -0.000   1254.272    0.000 |      0.028     -0.017      3.112 |
  150 |     1 -          d | 42 |  555  555   30   30 |  1  1 |   0.000    -43.192  3.142 |     -0.000      0.000   -317.944   -0.000 |      0.028     -0.017      3.112 |
  151 |    21 -          g | 44 |   31   31  186  187 |  1  2 |   5.947      4.327 -2.628 |     -5.179     -2.923    225.096    0.000 |      0.028     -0.017      3.112 |
  152 |     1 -          d | 44 |   32   32  557  557 |  1  1 |   4.101     -5.044  0.583 |      3.422      2.259   -317.891    0.330 |      0.028     -0.017      3.112 |
  153 |    21 -          g | 43 |  149  149  188  188 |  1  1 |   1.878      6.999  0.361 |      1.757      0.664   1029.123    0.000 |      0.028     -0.017      3.112 |
  154 |    21 -          g | 41 |  544  544   33  160 |  1  2 |   0.000     37.278  2.820 |     -0.000      0.000     10.863    0.000 |      0.028     -0.017      3.112 |
  155 |    -2 -       ubar | 42 |  545  545   34   34 |  1  1 |   0.000    -38.703  2.820 |     -0.000      0.000    -33.881   -0.000 |      0.028     -0.017      3.112 |
  156 |    21 -          g | 44 |  120  120  357  358 |  1  2 |   3.213     -1.362  2.212 |     -1.922      2.575     -5.863    0.000 |      0.028     -0.017      3.112 |
  157 |    21 -          g | 44 |  122  122  241  242 |  1  2 |   5.388     -0.453 -0.334 |      5.091     -1.764     -2.526   -0.000 |      0.028     -0.017      3.112 |
  158 |    -2 -       ubar | 44 |   37   37  548  548 |  1  1 |   3.466     -1.877 -2.294 |     -2.293     -2.600    -11.055    0.330 |      0.028     -0.017      3.112 |
  159 |    21 -          g | 44 |  121  121  243  243 |  1  1 |   1.205     -2.987  0.883 |      0.765      0.931    -11.914    0.000 |      0.028     -0.017      3.112 |
  160 |    21 -          g | 43 |  154  154  550  550 |  1  1 |   1.851      2.210  2.660 |     -1.641      0.857      8.339    0.000 |      0.028     -0.017      3.112 |
  161 |    21 -          g | 41 |  458  458   88  168 |  1  2 |   0.000     40.047  1.529 |      0.000      0.000    164.476   -0.000 |      0.028     -0.017      3.112 |
  162 |    21 -          g | 42 |  225  225   89   89 |  1  1 |   0.000    -41.651  1.529 |      0.000      0.000   -204.393   -0.000 |      0.028     -0.017      3.112 |
  163 |    21 -          g | 44 |   96   96  252  252 |  1  1 |   3.426      2.899 -2.098 |     -1.725     -2.960     30.995    0.000 |      0.028     -0.017      3.112 |
  164 |    21 -          g | 44 |   91   91  202  203 |  1  2 |   6.500     -4.107  0.153 |      6.423      0.993   -197.425    0.000 |      0.028     -0.017      3.112 |
  165 |    21 -          g | 44 |   92   92  250  251 |  1  2 |   2.916     -1.357 -2.961 |     -2.868     -0.523     -5.290    0.000 |      0.028     -0.017      3.112 |
  166 |    21 -          g | 44 |   94   94  463  463 |  1  1 |   0.842     -0.960  2.557 |     -0.702      0.464     -0.938   -0.000 |      0.028     -0.017      3.112 |
  167 |    21 -          g | 44 |   95   95  405  405 |  1  1 |   1.295      2.580  2.956 |     -1.272      0.238      8.492    0.000 |      0.028     -0.017      3.112 |
  168 |    21 -          g | 43 |  161  161  204  204 |  1  1 |   1.793      4.931  1.490 |      0.144      1.788    124.250    0.000 |      0.028     -0.017      3.112 |
  169 |    21 -          g | 42 |  634  634  144  144 |  1  1 |   0.000     36.706  1.541 |      0.000      0.000     64.013    0.000 |      0.028     -0.017      3.112 |
  170 |    21 -          g | 41 |  435  435  145  174 |  1  2 |   0.000    -36.139 -1.601 |     -0.000     -0.000    -35.775   -0.000 |      0.028     -0.017      3.112 |  LastCopy
  171 |    21 -          g | 44 |  146  146  185  185 |  1  1 |   0.766      5.076  1.449 |      0.093      0.760     61.291    0.000 |      0.028     -0.017      3.112 |
  172 |    -4 -       cbar | 44 |  147  147  183  184 |  1  2 |   2.584     -2.951 -0.939 |      1.527     -2.085    -24.633    1.500 |      0.028     -0.017      3.112 |
  173 |    21 -          g | 44 |  148  148  433  434 |  1  2 |   1.690      1.107  2.917 |     -1.647      0.377      2.277   -0.000 |      0.028     -0.017      3.112 |
  174 |     4 -          c | 43 |  170  170  639  639 |  1  1 |   0.948     -3.119  1.541 |      0.028      0.947    -10.697    1.500 |      0.028     -0.017      3.112 |  FirstCopy
  175 |    21 -          g | 42 |  189  189  116  116 |  1  1 |   0.000     40.135  0.702 |      0.000      0.000   1018.879    0.000 |      0.028     -0.017      3.112 |
  176 |    21 -          g | 41 |  190  190  117  179 |  1  2 |   0.000    -34.289  3.142 |     -0.000      0.000     -2.768   -0.000 |      0.028     -0.017      3.112 |  FirstCopy  LastCopyBeforeFSR
  177 |    21 -          g | 44 |  118  118  191  191 |  1  1 |   2.236      6.806 -1.401 |      0.378     -2.203   1009.408   -0.000 |      0.028     -0.017      3.112 |
  178 |    21 -          g | 44 |  119  119  192  192 |  1  1 |   2.044      2.196  2.572 |     -1.721      1.103      9.072   -0.000 |      0.028     -0.017      3.112 |
  179 |    21 -          g | 43 |  176  176  193  193 |  1  1 |   1.737     -1.117  0.686 |      1.343      1.100     -2.369   -0.000 |      0.028     -0.017      3.112 |
  180 |    21 -          g | 51 |   48   48  237  237 |  1  1 |   0.942     -0.736 -2.592 |     -0.803     -0.492     -0.758   -0.000 |      0.028     -0.017      3.112 |
  181 |    21 -          g | 51 |   48   48  235  236 |  1  2 |  17.910     -1.541 -2.138 |     -9.619    -15.108    -39.885   -0.000 |      0.028     -0.017      3.112 |
  182 |     5 -          b | 52 |   49   49  515  515 |  1  1 |  91.587     -1.572 -2.084 |    -44.930    -79.809   -211.158    4.800 |      0.028     -0.017      3.112 |
  183 |    -4 -       cbar | 51 |  172  172  383  383 |  1  1 |   1.035     -3.564 -0.135 |      1.025     -0.139    -18.249    1.500 |      0.028     -0.017      3.112 |
  184 |    21 -          g | 51 |  172  172  274  275 |  1  2 |   2.007     -1.857 -1.318 |      0.501     -1.944     -6.273    0.000 |      0.028     -0.017      3.112 |  FirstCopy  LastCopyBeforeFSR
  185 |    21 -          g | 52 |  171  171  276  276 |  1  1 |   0.764      5.076  1.449 |      0.093      0.759     61.179    0.000 |      0.028     -0.017      3.112 |
  186 |    21 -          g | 51 |  151  151  556  556 |  1  1 |   4.454      4.725 -2.652 |     -3.930     -2.096    251.125    0.000 |      0.028     -0.017      3.112 |
  187 |    21 -          g | 51 |  151  151  238  239 |  1  2 |   1.407      3.582 -2.542 |     -1.161     -0.794     25.264    0.000 |      0.028     -0.017      3.112 |
  188 |    21 -          g | 52 |  153  153  240  240 |  1  1 |   1.784      6.999  0.361 |      1.669      0.631    977.830    0.000 |      0.028     -0.017      3.112 |
  189 |    21 -          g | 42 |  617  617  175  175 |  1  1 |   0.000     38.352  1.529 |      0.000      0.000   1018.879    0.000 |      0.028     -0.017      3.112 |
  190 |    -3 -       sbar | 41 |  618  618  176  194 |  1  2 |   0.000    -37.240 -1.675 |     -0.000     -0.000    -79.790   -0.000 |      0.028     -0.017      3.112 |  LastCopyBeforeFSR
  191 |    21 -          g | 44 |  177  177  231  231 |  1  1 |   2.236      6.806 -1.401 |      0.378     -2.204   1009.791    0.000 |      0.028     -0.017      3.112 |
  192 |    21 -          g | 44 |  178  178  620  620 |  1  1 |   2.014      2.180  2.598 |     -1.724      1.041      8.799   -0.000 |      0.028     -0.017      3.112 |
  193 |    21 -          g | 44 |  179  179  229  230 |  1  2 |   1.327     -1.386 -0.258 |      1.283     -0.339     -2.487   -0.000 |      0.028     -0.017      3.112 |
  194 |    -3 -       sbar | 43 |  190  190  622  622 |  1  1 |   1.503     -4.630  1.529 |      0.063      1.502    -77.013    0.500 |      0.028     -0.017      3.112 |
  195 |    21 -          g | 41 |  601  601  130  201 |  1  2 |   0.000     37.646  0.464 |      0.000      0.000     22.196    0.000 |      0.028     -0.017      3.112 |
  196 |    21 -          g | 42 |  408  408  131  131 |  1  1 |   0.000    -36.794  2.743 |     -0.000      0.000    -21.831   -0.000 |      0.028     -0.017      3.112 |
  197 |    21 -          g | 44 |  132  132  603  603 |  1  1 |   2.105     -1.058  2.530 |     -1.724      1.208     -2.666    0.000 |      0.028     -0.017      3.112 |
  198 |    21 -          g | 44 |  133  133  255  255 |  1  1 |   1.060     -3.193 -2.135 |     -0.567     -0.895    -12.887   -0.000 |      0.028     -0.017      3.112 |
  199 |    21 -          g | 44 |  134  134  253  254 |  1  2 |   2.553     -0.556  0.337 |      2.410      0.844     -1.494    0.000 |      0.028     -0.017      3.112 |  LastCopy
  200 |    21 -          g | 44 |  135  135  406  407 |  1  2 |   1.575     -1.530 -2.789 |     -1.478     -0.543     -3.467    0.000 |      0.028     -0.017      3.112 |
  201 |    21 -          g | 43 |  195  195  607  607 |  1  1 |   1.491      3.334 -0.424 |      1.359     -0.613     20.880    0.000 |      0.028     -0.017      3.112 |
  202 |    21 -          g | 51 |  164  164  223  224 |  1  2 |   7.341     -3.926  0.277 |      7.062      2.005   -186.083   -0.000 |      0.028     -0.017      3.112 |
  203 |    21 -          g | 51 |  164  164  208  209 |  1  2 |   1.196     -2.941 -2.134 |     -0.639     -1.011    -11.291    0.000 |      0.028     -0.017      3.112 |  LastCopy
  204 |    21 -          g | 52 |  168  168  210  210 |  1  1 |   1.793      4.931  1.490 |      0.144      1.787    124.199   -0.000 |      0.028     -0.017      3.112 |
  205 |    21 -          g | 51 |   16   16  285  285 |  1  1 |  15.263      1.597  1.806 |     -3.561     14.842     36.126    0.000 |      0.028     -0.017      3.112 |
  206 |    21 -          g | 51 |   16   16  283  284 |  1  2 |   1.459      0.340  0.302 |      1.393      0.434      0.506    0.000 |      0.028     -0.017      3.112 |  LastCopy
  207 |    -5 -       bbar | 52 |   13   13  514  514 |  1  1 | 118.574     -3.729  1.019 |     62.116    101.002  -2466.844    4.800 |      0.028     -0.017      3.112 |
  208 |     2 -          u | 51 |  203  203  234  234 |  1  1 |   1.348      0.222 -3.121 |     -1.347     -0.028      0.302    0.330 |      0.028     -0.017      3.112 |  FirstCopy
  209 |    -2 -       ubar | 51 |  203  203  228  228 |  1  1 |   1.202     -2.885 -0.940 |      0.709     -0.971    -10.728    0.330 |      0.028     -0.017      3.112 |  FirstCopy
  210 |    21 -          g | 52 |  204  204  226  227 |  1  2 |   1.780      4.931  1.490 |      0.143      1.774    123.334   -0.000 |      0.028     -0.017      3.112 |
  211 |    21 -          g | 51 |   75   75  288  288 |  1  1 |   1.467      1.066  0.711 |      1.111      0.957      1.878    0.000 |      0.028     -0.017      3.112 |
  212 |    21 -          g | 51 |   75   75  293  293 |  1  1 |   5.043      2.148  0.730 |      3.759      3.362     21.318    0.000 |      0.028     -0.017      3.112 |
  213 |    21 -          g | 52 |   77   77  282  282 |  1  1 |   2.309      1.416 -1.280 |      0.663     -2.212      4.477    0.000 |      0.028     -0.017      3.112 |
  214 |    -3 -       sbar | 51 |   70   70  516  516 |  1  1 |   3.502     -1.726 -1.963 |     -1.339     -3.236     -9.528    0.500 |      0.028     -0.017      3.112 |  FirstCopy
  215 |     3 -          s | 51 |   70   70  371  372 |  1  2 |   5.291     -1.896 -1.230 |      1.767     -4.988    -17.216    0.500 |      0.028     -0.017      3.112 |  FirstCopy  LastCopyBeforeFSR
  216 |    21 -          g | 52 |   71   71  264  265 |  1  2 |  13.607     -1.921 -1.949 |     -5.023    -12.646    -45.445   -0.000 |      0.028     -0.017      3.112 |
  217 |    21 -          g | 42 |  536  536  103  103 |  1  1 |   0.000     35.834  3.007 |     -0.000      0.000     94.283    0.000 |      0.028     -0.017      3.112 |
  218 |    21 -          g | 41 |  537  537  104  222 |  1  2 |   0.000    -34.893 -0.130 |      0.000     -0.000    -26.794   -0.000 |      0.028     -0.017      3.112 |
  219 |    21 -          g | 44 |  105  105  376  376 |  1  1 |   5.787      1.284 -0.811 |      3.985     -4.197      9.648   -0.000 |      0.028     -0.017      3.112 |
  220 |    21 -          g | 44 |  106  106  374  375 |  1  2 |   6.254      3.233  1.894 |     -1.987      5.930     79.126   -0.000 |      0.028     -0.017      3.112 |
  221 |    21 -          g | 44 |  107  107  430  431 |  1  2 |   2.019      1.509 -1.896 |     -0.645     -1.914      4.342    0.000 |      0.028     -0.017      3.112 |
  222 |    21 -          g | 43 |  218  218  541  541 |  1  1 |   1.365     -3.626  3.009 |     -1.353      0.181    -25.628   -0.000 |      0.028     -0.017      3.112 |
  223 |    21 -          g | 51 |  202  202  232  233 |  1  2 |   7.379     -3.943  0.229 |      7.186      1.678   -190.151   -0.000 |      0.028     -0.017      3.112 |
  224 |    21 -          g | 51 |  202  202  468  468 |  1  1 |   0.350     -5.370  1.932 |     -0.124      0.328    -37.613   -0.000 |      0.028     -0.017      3.112 |
  225 |    21 -          g | 53 |  423  423  162  162 |  1  1 |   0.000    -37.720  0.033 |      0.000      0.000   -246.074    0.000 |      0.028     -0.017      3.112 |
  226 |    21 -          g | 51 |  210  210  247  248 |  1  2 |   2.757      4.474  1.346 |      0.614      2.688    120.933   -0.000 |      0.028     -0.017      3.112 |  LastCopy
  227 |    21 -          g | 51 |  210  210  249  249 |  1  1 |   1.033      1.532 -2.035 |     -0.462     -0.924      2.280   -0.000 |      0.028     -0.017      3.112 |
  228 |    -2 -       ubar | 52 |  209  209  402  402 |  1  1 |   1.189     -2.885 -0.940 |      0.702     -0.960    -10.607    0.330 |      0.028     -0.017      3.112 |
  229 |    21 -          g | 51 |  193  193  273  273 |  1  1 |   1.363     -1.285 -1.216 |      0.473     -1.278     -2.276    0.000 |      0.028     -0.017      3.112 |
  230 |    21 -          g | 51 |  193  193  271  272 |  1  2 |   1.237      1.186  0.857 |      0.810      0.935      1.837   -0.000 |      0.028     -0.017      3.112 |
  231 |    21 -          g | 52 |  191  191  619  619 |  1  1 |   2.232      6.806 -1.401 |      0.377     -2.200   1007.743   -0.000 |      0.028     -0.017      3.112 |
  232 |    21 -          g | 51 |  223  223  386  386 |  1  1 |   6.238     -3.905  0.418 |      5.701      2.531   -154.746    0.000 |      0.028     -0.017      3.112 |
  233 |    21 -          g | 51 |  223  223  330  331 |  1  2 |   1.697     -3.731 -0.527 |      1.467     -0.854    -35.400    0.000 |      0.028     -0.017      3.112 |
  234 |     2 -          u | 52 |  208  208  332  332 |  1  1 |   1.329      0.221 -3.121 |     -1.329     -0.028      0.297    0.330 |      0.028     -0.017      3.112 |
  235 |    21 -          g | 51 |  181  181  520  520 |  1  1 |  15.348     -1.582 -2.151 |     -8.407    -12.840    -35.738    0.000 |      0.028     -0.017      3.112 |
  236 |    21 -          g | 51 |  181  181  523  523 |  1  1 |   2.916     -1.211 -2.130 |     -1.546     -2.473     -4.463   -0.000 |      0.028     -0.017      3.112 |
  237 |    21 -          g | 52 |  180  180  518  518 |  1  1 |   0.550     -0.736 -2.592 |     -0.469     -0.287     -0.442   -0.000 |      0.028     -0.017      3.112 |
  238 |    21 -          g | 51 |  187  187  412  413 |  1  2 |   1.788      4.040 -1.980 |     -0.712     -1.640     50.771   -0.000 |      0.028     -0.017      3.112 |
  239 |    21 -          g | 51 |  187  187  414  414 |  1  1 |   0.951      4.805  1.899 |     -0.307      0.900     58.059   -0.000 |      0.028     -0.017      3.112 |
  240 |    21 -          g | 52 |  188  188  558  558 |  1  1 |   1.632      6.999  0.361 |      1.526      0.577    894.264   -0.000 |      0.028     -0.017      3.112 |
  241 |    21 -          g | 51 |  157  157  547  547 |  1  1 |   5.320     -0.507 -0.181 |      5.233     -0.960     -2.814   -0.000 |      0.028     -0.017      3.112 |
  242 |    21 -          g | 51 |  157  157  551  551 |  1  1 |   0.707     -1.138 -1.655 |     -0.060     -0.704     -0.989   -0.000 |      0.028     -0.017      3.112 |
  243 |    21 -          g | 52 |  159  159  359  359 |  1  1 |   1.076     -2.987  0.883 |      0.683      0.831    -10.637    0.000 |      0.028     -0.017      3.112 |
  244 |    21 -          g | 51 |  100  100  277  278 |  1  2 |   6.287     -1.541 -0.991 |      3.445     -5.259    -14.000    0.000 |      0.028     -0.017      3.112 |
  245 |    21 -          g | 51 |  100  100  534  534 |  1  1 |   0.800     -1.135  0.773 |      0.573      0.559     -1.117   -0.000 |      0.028     -0.017      3.112 |
  246 |    21 -          g | 52 |  101  101  532  532 |  1  1 |   3.808      1.441 -0.198 |      3.733     -0.748      7.596    0.000 |      0.028     -0.017      3.112 |
  247 |    -2 -       ubar | 51 |  226  226  465  465 |  1  1 |   2.451      4.014  1.550 |      0.052      2.451     67.848    0.330 |      0.028     -0.017      3.112 |  FirstCopy
  248 |     2 -          u | 51 |  226  226  438  438 |  1  1 |   0.550      5.266  0.303 |      0.525      0.164     53.264    0.330 |      0.028     -0.017      3.112 |  FirstCopy
  249 |    21 -          g | 52 |  227  227  400  401 |  1  2 |   0.952      1.532 -2.035 |     -0.426     -0.852      2.101    0.000 |      0.028     -0.017      3.112 |
  250 |    21 -          g | 51 |  165  165  421  422 |  1  2 |   3.095     -1.222 -2.650 |     -2.729     -1.460     -4.794    0.000 |      0.028     -0.017      3.112 |
  251 |    21 -          g | 51 |  165  165  472  472 |  1  1 |   0.899      0.075  1.762 |     -0.171      0.883      0.067    0.000 |      0.028     -0.017      3.112 |
  252 |    21 -          g | 52 |  163  163  403  404 |  1  2 |   3.364      2.899 -2.098 |     -1.693     -2.906     30.431   -0.000 |      0.028     -0.017      3.112 |
  253 |     2 -          u | 51 |  199  199  605  605 |  1  1 |   1.261     -0.532  1.096 |      0.576      1.122     -0.703    0.330 |      0.028     -0.017      3.112 |  FirstCopy
  254 |    -2 -       ubar | 51 |  199  199  608  608 |  1  1 |   1.813     -0.994 -0.206 |      1.775     -0.370     -2.114    0.330 |      0.028     -0.017      3.112 |  FirstCopy
  255 |    21 -          g | 52 |  198  198  604  604 |  1  1 |   0.951     -3.193 -2.135 |     -0.509     -0.803    -11.563    0.000 |      0.028     -0.017      3.112 |
  256 |    21 -          g | 31 |  646  646  258  259 |  1  2 |   0.000  23011.056  0.000 |      0.000      0.000    255.056    0.000 |      0.028     -0.017      3.112 |
  257 |    -1 -       dbar | 31 |  647  647  258  259 |  1  2 |   0.000 -22756.009  0.000 |      0.000      0.000     -0.009   -0.000 |      0.028     -0.017      3.112 |  LastCopyBeforeFSR
  258 |    21 -          g | 33 |  256  257  648  648 |  2  1 |   1.025      6.051  2.429 |     -0.776      0.670    217.579   -0.000 |      0.028     -0.017      3.112 |
  259 |    -1 -       dbar | 33 |  256  257  649  649 |  2  1 |   1.025      4.292 -0.713 |      0.776     -0.670     37.468    0.330 |      0.028     -0.017      3.112 |
  260 |    -2 -       ubar | 31 |  426  426  262  263 |  1  2 |   0.000  22756.040  0.000 |      0.000      0.000      0.040    0.000 |      0.028     -0.017      3.112 |  LastCopyBeforeFSR
  261 |    21 -          g | 31 |  651  651  262  263 |  1  2 |   0.000 -22903.466  0.000 |      0.000      0.000   -147.466   -0.000 |      0.028     -0.017      3.112 |
  262 |    -2 -       ubar | 33 |  260  261  652  652 |  2  1 |   0.984     -2.653 -2.034 |     -0.440     -0.880     -6.950    0.330 |      0.028     -0.017      3.112 |
  263 |    21 -          g | 33 |  260  261  424  425 |  2  2 |   0.984     -5.655  1.107 |      0.440      0.880   -140.475    0.000 |      0.028     -0.017      3.112 |
  264 |    21 -          g | 51 |  216  216  373  373 |  1  1 |   6.180     -1.868 -2.096 |     -3.096     -5.348    -19.532    0.000 |      0.028     -0.017      3.112 |
  265 |    21 -          g | 51 |  216  216  524  524 |  1  1 |   7.547     -1.983 -1.829 |     -1.927     -7.297    -26.894    0.000 |      0.028     -0.017      3.112 |
  266 |     2 -          u | 53 |  513  513   72   72 |  1  1 |   0.000    -36.388  3.089 |     -0.000      0.000  -2808.694   -0.000 |      0.028     -0.017      3.112 |
  267 |     2 -          u | 31 |  360  360  269  270 |  1  2 |   0.000  23876.910  0.000 |      0.000      0.000   1120.910   -0.000 |      0.028     -0.017      3.112 |  LastCopyBeforeFSR
  268 |    21 -          g | 31 |  361  361  269  270 |  1  2 |   0.000 -22756.003  0.000 |      0.000      0.000     -0.003    0.000 |      0.028     -0.017      3.112 |  FirstCopy  LastCopyBeforeFSR
  269 |     2 -          u | 33 |  267  268  362  362 |  2  1 |   0.972      7.660 -1.833 |     -0.252     -0.938   1030.341    0.330 |      0.028     -0.017      3.112 |
  270 |    21 -          g | 33 |  267  268  363  363 |  2  1 |   0.972      5.228  1.309 |      0.252      0.938     90.566   -0.000 |      0.028     -0.017      3.112 |
  271 |    21 -          g | 51 |  230  230  623  623 |  1  1 |   0.351      2.270 -0.332 |      0.332     -0.114      1.679   -0.000 |      0.028     -0.017      3.112 |
  272 |    21 -          g | 51 |  230  230  624  624 |  1  1 |   0.980     -0.294  0.948 |      0.572      0.796     -0.292    0.000 |      0.028     -0.017      3.112 |
  273 |    21 -          g | 52 |  229  229  621  621 |  1  1 |   1.094     -1.285 -1.216 |      0.380     -1.026     -1.826    0.000 |      0.028     -0.017      3.112 |
  274 |    21 -          g | 51 |  184  184  381  382 |  1  2 |   2.081     -1.792 -1.695 |     -0.258     -2.065     -6.073    0.000 |      0.028     -0.017      3.112 |
  275 |    21 -          g | 51 |  184  184  352  352 |  1  1 |   0.771      0.746  0.171 |      0.760      0.131      0.631    0.000 |      0.028     -0.017      3.112 |
  276 |    21 -          g | 52 |  185  185  350  351 |  1  2 |   0.754      5.076  1.449 |      0.091      0.748     60.349   -0.000 |      0.028     -0.017      3.112 |
  277 |    21 -          g | 51 |  244  244  531  531 |  1  1 |   4.948     -1.686 -1.121 |      2.152     -4.456    -12.896    0.000 |      0.028     -0.017      3.112 |
  278 |    21 -          g | 51 |  244  244  535  535 |  1  1 |   1.522     -1.264 -0.556 |      1.293     -0.804     -2.479    0.000 |      0.028     -0.017      3.112 |
  279 |    21 -          g | 53 |  529  529   98   98 |  1  1 |   0.000    -34.586  0.537 |      0.000      0.000    -22.312    0.000 |      0.028     -0.017      3.112 |
  280 |    21 -          g | 51 |   79   79  292  292 |  1  1 |   0.925     -2.735 -2.757 |     -0.857     -0.347     -7.095    0.000 |      0.028     -0.017      3.112 |
  281 |    21 -          g | 51 |   79   79  294  294 |  1  1 |   1.906     -1.602  2.876 |     -1.840      0.500     -4.537    0.000 |      0.028     -0.017      3.112 |
  282 |    21 -          g | 52 |  213  213  290  290 |  1  1 |   2.277      1.416 -1.280 |      0.653     -2.181      4.414   -0.000 |      0.028     -0.017      3.112 |
  283 |     1 -          d | 51 |  206  206  521  521 |  1  1 |   0.917      0.762 -0.430 |      0.834     -0.382      0.768    0.330 |      0.028     -0.017      3.112 |  FirstCopy
  284 |    -1 -       dbar | 51 |  206  206  324  325 |  1  2 |   1.568      0.826  1.319 |      0.391      1.519      1.447    0.330 |      0.028     -0.017      3.112 |  FirstCopy  LastCopyBeforeFSR
  285 |    21 -          g | 52 |  205  205  326  326 |  1  1 |  14.541      1.597  1.806 |     -3.392     14.140     34.417    0.000 |      0.028     -0.017      3.112 |
  286 |    21 -          g | 42 |  333  333   73   73 |  1  1 |   0.000     35.904 -1.578 |     -0.000     -0.000     31.848    0.000 |      0.028     -0.017      3.112 |
  287 |    21 -          g | 41 |  334  334   74  295 |  1  2 |   0.000    -35.882  1.563 |      0.000      0.000    -32.335   -0.000 |      0.028     -0.017      3.112 |
  288 |    21 -          g | 44 |  211  211  329  329 |  1  1 |   1.457      1.059  0.703 |      1.111      0.942      1.847   -0.000 |      0.028     -0.017      3.112 |
  289 |    21 -          g | 44 |   76   76  300  301 |  1  2 |   2.034      1.025 -2.364 |     -1.450     -1.426      2.468    0.000 |      0.028     -0.017      3.112 |  LastCopy
  290 |    21 -          g | 44 |  282  282  306  307 |  1  2 |   2.292      1.422 -1.282 |      0.653     -2.197      4.476   -0.000 |      0.028     -0.017      3.112 |
  291 |    21 -          g | 44 |   78   78  302  302 |  1  1 |   1.695     -0.682 -2.519 |     -1.377     -0.988     -1.247    0.000 |      0.028     -0.017      3.112 |
  292 |    21 -          g | 44 |  280  280  339  339 |  1  1 |   1.158     -2.511 -2.408 |     -0.861     -0.775     -7.084   -0.000 |      0.028     -0.017      3.112 |
  293 |    21 -          g | 44 |  212  212  327  328 |  1  2 |   5.031      2.145  0.727 |      3.759      3.344     21.200   -0.000 |      0.028     -0.017      3.112 |
  294 |    21 -          g | 44 |  281  281  308  308 |  1  1 |   1.854     -1.630  3.025 |     -1.842      0.215     -4.551    0.000 |      0.028     -0.017      3.112 |
  295 |    21 -          g | 43 |  287  287  342  342 |  1  1 |   0.885     -3.684  1.563 |      0.007      0.885    -17.597   -0.000 |      0.028     -0.017      3.112 |
  296 |     1 -          d | 31 |  661  661  298  299 |  1  2 |   0.000  23054.334  0.000 |      0.000      0.000    298.334    0.000 |      0.028     -0.017      3.112 |  LastCopyBeforeFSR
  297 |    21 -          g | 31 |  662  662  298  299 |  1  2 |   0.000 -22756.015  0.000 |      0.000      0.000     -0.015   -0.000 |      0.028     -0.017      3.112 |
  298 |     1 -          d | 33 |  296  297  663  663 |  2  1 |   0.874      6.480 -2.493 |     -0.696     -0.528    284.623    0.330 |      0.028     -0.017      3.112 |
  299 |    21 -          g | 33 |  296  297  664  664 |  2  1 |   0.874      3.447  0.649 |      0.696      0.528     13.697    0.000 |      0.028     -0.017      3.112 |
  300 |     3 -          s | 51 |  289  289  336  336 |  1  1 |   1.375      0.883 -2.912 |     -1.339     -0.313      1.378    0.500 |      0.028     -0.017      3.112 |  FirstCopy
  301 |    -3 -       sbar | 51 |  289  289  343  343 |  1  1 |   1.428      0.525 -1.891 |     -0.449     -1.356      0.785    0.500 |      0.028     -0.017      3.112 |  FirstCopy
  302 |    21 -          g | 52 |  291  291  338  338 |  1  1 |   1.279     -0.682 -2.519 |     -1.040     -0.746     -0.941    0.000 |      0.028     -0.017      3.112 |
  303 |    21 -          g | 51 |  113  113  614  614 |  1  1 |   0.815     -1.322 -0.521 |      0.707     -0.406     -1.421    0.000 |      0.028     -0.017      3.112 |
  304 |    21 -          g | 51 |  113  113  616  616 |  1  1 |   0.260      1.710 -2.290 |     -0.171     -0.196      0.695    0.000 |      0.028     -0.017      3.112 |
  305 |    21 -          g | 52 |  114  114  615  615 |  1  1 |   1.581      1.332  1.728 |     -0.247      1.562      2.786    0.000 |      0.028     -0.017      3.112 |
  306 |    21 -          g | 51 |  290  290  337  337 |  1  1 |   2.428      1.362 -1.383 |      0.454     -2.385      4.429   -0.000 |      0.028     -0.017      3.112 |
  307 |    21 -          g | 51 |  290  290  344  344 |  1  1 |   0.210     -1.294  1.395 |      0.037      0.207     -0.354    0.000 |      0.028     -0.017      3.112 |
  308 |    21 -          g | 52 |  294  294  341  341 |  1  1 |   1.691     -1.630  3.025 |     -1.679      0.196     -4.149   -0.000 |      0.028     -0.017      3.112 |
  309 |     3 -          s | 31 |  665  665  311  312 |  1  2 |   0.000  22756.004  0.000 |      0.000      0.000      0.004   -0.000 |      0.028     -0.017      3.112 |
  310 |     2 -          u | 31 |  666  666  311  312 |  1  2 |   0.000 -24384.231  0.000 |      0.000      0.000  -1628.231    0.000 |      0.028     -0.017      3.112 |
  311 |     3 -          s | 33 |  309  310  667  667 |  2  1 |   0.803     -5.008 -1.641 |     -0.056     -0.801    -60.105    0.500 |      0.028     -0.017      3.112 |
  312 |     2 -          u | 33 |  309  310  668  668 |  2  1 |   0.803     -8.270  1.500 |      0.056      0.801  -1568.122    0.330 |      0.028     -0.017      3.112 |
  313 |    -1 -       dbar | 31 |  669  669  315  316 |  1  2 |   0.000  22827.140  0.000 |      0.000      0.000     71.140    0.000 |      0.028     -0.017      3.112 |
  314 |     3 -          s | 31 |  670  670  315  316 |  1  2 |   0.000 -22936.760  0.000 |      0.000      0.000   -180.760    0.000 |      0.028     -0.017      3.112 |
  315 |    -1 -       dbar | 33 |  313  314  323  323 |  2  1 |   0.812      5.166  0.891 |      0.510      0.632     71.136    0.330 |      0.028     -0.017      3.112 |
  316 |     3 -          s | 33 |  313  314  321  322 |  2  2 |   0.812     -6.098 -2.251 |     -0.510     -0.632   -180.756    0.500 |      0.028     -0.017      3.112 |  LastCopyBeforeFSR
  317 |     2 -          u | 31 |  677  677  319  320 |  1  2 |   0.000  23078.360  0.000 |      0.000      0.000    322.360   -0.000 |      0.028     -0.017      3.112 |  LastCopyBeforeFSR
  318 |    21 -          g | 31 |  678  678  319  320 |  1  2 |   0.000 -22756.003  0.000 |      0.000      0.000     -0.003   -0.000 |      0.028     -0.017      3.112 |
  319 |     2 -          u | 33 |  317  318  679  679 |  2  1 |   0.772      6.462  3.134 |     -0.772      0.006    247.143    0.330 |      0.028     -0.017      3.112 |
  320 |    21 -          g | 33 |  317  318  680  680 |  2  1 |   0.772      5.272 -0.008 |      0.772     -0.006     75.214    0.000 |      0.028     -0.017      3.112 |
  321 |     3 -          s | 51 |  316  316  420  420 |  1  1 |   1.405     -5.523 -2.720 |     -1.282     -0.576   -175.918    0.500 |      0.028     -0.017      3.112 |
  322 |    21 -          g | 51 |  316  316  349  349 |  1  1 |   0.774     -2.526 -0.072 |      0.772     -0.056     -4.805   -0.000 |      0.028     -0.017      3.112 |  FirstCopy  LastCopyBeforeFSR
  323 |    -1 -       dbar | 52 |  315  315  347  348 |  1  2 |   0.812      5.166  0.891 |      0.510      0.631     71.103    0.330 |      0.028     -0.017      3.112 |  LastCopyBeforeFSR
  324 |    -1 -       dbar | 51 |  284  284  525  525 |  1  1 |   1.374      1.888  1.804 |     -0.318      1.337      4.436    0.330 |      0.028     -0.017      3.112 |
  325 |    21 -          g | 51 |  284  284  526  526 |  1  1 |   2.611      0.962  1.522 |      0.127      2.608      2.917   -0.000 |      0.028     -0.017      3.112 |  FirstCopy  LastCopyBeforeFSR
  326 |    21 -          g | 52 |  285  285  517  517 |  1  1 |  12.046      1.597  1.806 |     -2.810     11.713     28.511   -0.000 |      0.028     -0.017      3.112 |
  327 |    21 -          g | 51 |  293  293  340  340 |  1  1 |   1.495      1.536  0.752 |      1.092      1.022      3.314    0.000 |      0.028     -0.017      3.112 |
  328 |    21 -          g | 51 |  293  293  345  345 |  1  1 |   4.001      2.235  0.715 |      3.021      2.623     18.475   -0.000 |      0.028     -0.017      3.112 |
  329 |    21 -          g | 52 |  288  288  335  335 |  1  1 |   0.992      1.059  0.703 |      0.757      0.642      1.258    0.000 |      0.028     -0.017      3.112 |
  330 |    21 -          g | 51 |  233  233  370  370 |  1  1 |   2.124     -3.326 -0.590 |      1.765     -1.182    -29.523   -0.000 |      0.028     -0.017      3.112 |
  331 |    21 -          g | 51 |  233  233  368  369 |  1  2 |   0.472     -3.214  2.377 |     -0.341      0.327     -5.866   -0.000 |      0.028     -0.017      3.112 |
  332 |     2 -          u | 52 |  234  234  390  391 |  1  2 |   1.287      0.220 -3.120 |     -1.286     -0.027      0.285    0.330 |      0.028     -0.017      3.112 |  LastCopyBeforeFSR
  333 |    21 -          g | 42 |  562  562  286  286 |  1  1 |   0.000     37.568  1.702 |     -0.000      0.000     31.848    0.000 |      0.028     -0.017      3.112 |
  334 |    21 -          g | 41 |  399  399  287  346 |  1  2 |   0.000    -38.127 -1.437 |      0.000     -0.000    -54.712   -0.000 |      0.028     -0.017      3.112 |
  335 |    21 -          g | 44 |  329  329  564  564 |  1  1 |   0.994      1.061  0.707 |      0.756      0.646      1.263    0.000 |      0.028     -0.017      3.112 |
  336 |     3 -          s | 44 |  300  300  565  565 |  1  1 |   1.374      0.882 -2.917 |     -1.340     -0.305      1.376    0.500 |      0.028     -0.017      3.112 |
  337 |    21 -          g | 44 |  306  306  566  566 |  1  1 |   2.421      1.359 -1.383 |      0.453     -2.378      4.399   -0.000 |      0.028     -0.017      3.112 |
  338 |    21 -          g | 44 |  302  302  397  398 |  1  2 |   1.266     -0.693 -2.540 |     -1.043     -0.717     -0.948    0.000 |      0.028     -0.017      3.112 |
  339 |    21 -          g | 44 |  292  292  568  568 |  1  1 |   1.074     -2.587 -2.535 |     -0.882     -0.612     -7.093    0.000 |      0.028     -0.017      3.112 |
  340 |    21 -          g | 44 |  327  327  569  569 |  1  1 |   1.497      1.538  0.754 |      1.091      1.026      3.323   -0.000 |      0.028     -0.017      3.112 |
  341 |    21 -          g | 44 |  308  308  570  570 |  1  1 |   1.718     -1.614  2.969 |     -1.692      0.295     -4.145   -0.000 |      0.028     -0.017      3.112 |
  342 |    21 -          g | 44 |  295  295  571  571 |  1  1 |   1.289     -3.308  1.607 |     -0.047      1.288    -17.591    0.000 |      0.028     -0.017      3.112 |
  343 |    -3 -       sbar | 44 |  301  301  572  572 |  1  1 |   1.418      0.519 -1.894 |     -0.450     -1.345      0.769    0.500 |      0.028     -0.017      3.112 |
  344 |    21 -          g | 44 |  307  307  573  573 |  1  1 |   0.219     -1.255  1.407 |      0.036      0.216     -0.352   -0.000 |      0.028     -0.017      3.112 |
  345 |    21 -          g | 44 |  328  328  574  574 |  1  1 |   4.004      2.235  0.716 |      3.021      2.628     18.494    0.000 |      0.028     -0.017      3.112 |
  346 |    21 -          g | 43 |  334  334  575  575 |  1  1 |   0.747     -4.092 -1.440 |      0.098     -0.741    -22.359   -0.000 |      0.028     -0.017      3.112 |
  347 |    -1 -       dbar | 51 |  323  323  671  671 |  1  1 |   0.300      5.570 -2.747 |     -0.277     -0.115     39.396    0.330 |      0.028     -0.017      3.112 |
  348 |    21 -          g | 51 |  323  323  365  366 |  1  2 |   1.086      4.067  0.758 |      0.789      0.747     31.699   -0.000 |      0.028     -0.017      3.112 |  FirstCopy  LastCopyBeforeFSR
  349 |    21 -          g | 52 |  322  322  367  367 |  1  1 |   0.772     -2.526 -0.072 |      0.770     -0.056     -4.797   -0.000 |      0.028     -0.017      3.112 |
  350 |    21 -          g | 51 |  276  276  636  636 |  1  1 |   0.437      5.599  1.518 |      0.023      0.436     59.015    0.000 |      0.028     -0.017      3.112 |
  351 |    21 -          g | 51 |  276  276  642  642 |  1  1 |   0.364      2.063  1.121 |      0.158      0.328      1.408    0.000 |      0.028     -0.017      3.112 |
  352 |    21 -          g | 52 |  275  275  389  389 |  1  1 |   0.680      0.746  0.171 |      0.671      0.116      0.556   -0.000 |      0.028     -0.017      3.112 |
  353 |    -3 -       sbar | 31 |  681  681  355  356 |  1  2 |   0.000  22820.541  0.000 |      0.000      0.000     64.541    0.000 |      0.028     -0.017      3.112 |
  354 |     2 -          u | 31 |  682  682  355  356 |  1  2 |   0.000 -22776.105  0.000 |      0.000      0.000    -20.105   -0.000 |      0.028     -0.017      3.112 |
  355 |    -3 -       sbar | 33 |  353  354  417  417 |  2  1 |   0.726      5.181  0.902 |      0.450      0.570     64.530    0.500 |      0.028     -0.017      3.112 |
  356 |     2 -          u | 33 |  353  354  415  416 |  2  2 |   0.726     -4.014 -2.239 |     -0.450     -0.570    -20.094    0.330 |      0.028     -0.017      3.112 |  LastCopyBeforeFSR
  357 |    21 -          g | 51 |  156  156  546  546 |  1  1 |   1.960     -1.749  1.944 |     -0.714      1.826     -5.463    0.000 |      0.028     -0.017      3.112 |
  358 |    21 -          g | 51 |  156  156  409  410 |  1  2 |   1.410     -1.059  2.487 |     -1.118      0.858     -1.788    0.000 |      0.028     -0.017      3.112 |
  359 |    21 -          g | 52 |  243  243  411  411 |  1  1 |   0.935     -2.987  0.883 |      0.594      0.723     -9.249    0.000 |      0.028     -0.017      3.112 |
  360 |     2 -          u | 42 |  655  655  267  267 |  1  1 |   0.000     38.902  0.888 |      0.000      0.000   1120.910   -0.000 |      0.028     -0.017      3.112 |
  361 |     2 -          u | 41 |  656  656  268  364 |  1  2 |   0.000    -31.005  2.246 |     -0.000      0.000     -0.166   -0.000 |      0.028     -0.017      3.112 |  LastCopyBeforeFSR
  362 |     2 -          u | 44 |  269  269  657  657 |  1  1 |   1.030      7.667 -1.859 |     -0.293     -0.987   1099.482    0.330 |      0.028     -0.017      3.112 |
  363 |    21 -          g | 44 |  270  270  439  440 |  1  2 |   0.471      4.465  1.932 |     -0.167      0.441     20.477   -0.000 |      0.028     -0.017      3.112 |
  364 |     2 -          u | 43 |  361  361  441  441 |  1  1 |   0.714      0.951  0.872 |      0.459      0.546      0.785    0.330 |      0.028     -0.017      3.112 |
  365 |    21 -          g | 51 |  348  348  674  674 |  1  1 |   0.874      2.874 -0.028 |      0.874     -0.024      7.711    0.000 |      0.028     -0.017      3.112 |
  366 |    21 -          g | 51 |  348  348  675  675 |  1  1 |   0.775      4.125  1.676 |     -0.081      0.771     23.967   -0.000 |      0.028     -0.017      3.112 |
  367 |    21 -          g | 52 |  349  349  418  419 |  1  2 |   0.769     -2.526 -0.072 |      0.767     -0.055     -4.776   -0.000 |      0.028     -0.017      3.112 |
  368 |    21 -          g | 51 |  331  331  392  392 |  1  1 |   0.536     -3.061 -2.499 |     -0.429     -0.321     -5.706   -0.000 |      0.028     -0.017      3.112 |
  369 |    21 -          g | 51 |  331  331  474  474 |  1  1 |   0.948     -3.422  0.078 |      0.945      0.074    -14.499    0.000 |      0.028     -0.017      3.112 |
  370 |    21 -          g | 52 |  330  330  384  385 |  1  2 |   1.092     -3.326 -0.590 |      0.908     -0.608    -15.184    0.000 |      0.028     -0.017      3.112 |
  371 |     3 -          s | 51 |  215  215  522  522 |  1  1 |   4.391     -1.949 -1.169 |      1.716     -4.042    -15.108    0.500 |      0.028     -0.017      3.112 |
  372 |    21 -          g | 51 |  215  215  527  527 |  1  1 |   1.735     -1.749 -1.793 |     -0.382     -1.693     -4.836   -0.000 |      0.028     -0.017      3.112 |  FirstCopy  LastCopyBeforeFSR
  373 |    21 -          g | 52 |  264  264  519  519 |  1  1 |   5.316     -1.868 -2.096 |     -2.663     -4.601    -16.803    0.000 |      0.028     -0.017      3.112 |
  374 |    21 -          g | 51 |  220  220  539  539 |  1  1 |   6.390      3.189  1.846 |     -1.737      6.150     77.407    0.000 |      0.028     -0.017      3.112 |
  375 |    21 -          g | 51 |  220  220  542  542 |  1  1 |   0.374      2.391 -1.908 |     -0.124     -0.353      2.025    0.000 |      0.028     -0.017      3.112 |
  376 |    21 -          g | 52 |  219  219  432  432 |  1  1 |   5.604      1.284 -0.811 |      3.858     -4.064      9.342    0.000 |      0.028     -0.017      3.112 |
  377 |    21 -          g | 31 |  686  686  379  380 |  1  2 |   0.000  23033.976  0.000 |      0.000      0.000    277.976    0.000 |      0.028     -0.017      3.112 |
  378 |     2 -          u | 31 |  687  687  379  380 |  1  2 |   0.000 -22766.135  0.000 |      0.000      0.000    -10.135   -0.000 |      0.028     -0.017      3.112 |  LastCopyBeforeFSR
  379 |    21 -          g | 33 |  377  378  688  688 |  2  1 |   0.672      6.719 -1.190 |      0.250     -0.624    277.962   -0.000 |      0.028     -0.017      3.112 |
  380 |     2 -          u | 33 |  377  378  689  689 |  2  1 |   0.672     -3.407  1.952 |     -0.250      0.624    -10.120    0.330 |      0.028     -0.017      3.112 |
  381 |    21 -          g | 51 |  274  274  387  388 |  1  2 |   1.788     -2.136 -1.875 |     -0.536     -1.706     -7.464    0.000 |      0.028     -0.017      3.112 |
  382 |    21 -          g | 51 |  274  274  643  643 |  1  1 |   0.518     -1.379 -0.552 |      0.441     -0.272     -0.963    0.000 |      0.028     -0.017      3.112 |
  383 |    -4 -       cbar | 52 |  183  183  637  637 |  1  1 |   0.891     -3.575 -0.257 |      0.862     -0.226    -15.895    1.500 |      0.028     -0.017      3.112 |
  384 |    21 -          g | 51 |  370  370  470  470 |  1  1 |   0.661     -2.910 -0.586 |      0.551     -0.365     -6.052    0.000 |      0.028     -0.017      3.112 |
  385 |    21 -          g | 51 |  370  370  475  475 |  1  1 |   1.971     -3.957  0.231 |      1.919      0.451    -51.520    0.000 |      0.028     -0.017      3.112 |
  386 |    21 -          g | 52 |  232  232  461  461 |  1  1 |   4.529     -3.905  0.418 |      4.139      1.838   -112.357   -0.000 |      0.028     -0.017      3.112 |
  387 |    21 -          g | 51 |  381  381  640  640 |  1  1 |   1.017     -1.229 -1.762 |     -0.193     -0.999     -1.590    0.000 |      0.028     -0.017      3.112 |
  388 |    21 -          g | 51 |  381  381  644  644 |  1  1 |   0.751     -2.746 -1.953 |     -0.280     -0.696     -5.822    0.000 |      0.028     -0.017      3.112 |
  389 |    21 -          g | 52 |  352  352  641  641 |  1  1 |   0.617      0.746  0.171 |      0.608      0.105      0.504    0.000 |      0.028     -0.017      3.112 |
  390 |     2 -          u | 51 |  332  332  466  466 |  1  1 |   0.504      0.699  2.398 |     -0.371      0.341      0.382    0.330 |      0.028     -0.017      3.112 |
  391 |    21 -          g | 51 |  332  332  476  476 |  1  1 |   1.043     -0.637 -2.745 |     -0.961     -0.403     -0.709    0.000 |      0.028     -0.017      3.112 |  FirstCopy  LastCopyBeforeFSR
  392 |    21 -          g | 52 |  368  368  473  473 |  1  1 |   0.478     -3.061 -2.499 |     -0.383     -0.286     -5.093   -0.000 |      0.028     -0.017      3.112 |
  393 |     1 -          d | 31 |  690  690  395  396 |  1  2 |   0.000  22760.362  0.000 |      0.000      0.000      4.362   -0.000 |      0.028     -0.017      3.112 |
  394 |    -2 -       ubar | 31 |  691  691  395  396 |  1  2 |   0.000 -22756.099  0.000 |      0.000      0.000     -0.099    0.000 |      0.028     -0.017      3.112 |
  395 |     1 -          d | 33 |  393  394  692  692 |  2  1 |   0.557      1.873 -1.711 |     -0.078     -0.551      1.769    0.330 |      0.028     -0.017      3.112 |
  396 |    -2 -       ubar | 33 |  393  394  693  693 |  2  1 |   0.557      2.205  1.430 |      0.078      0.551      2.494    0.330 |      0.028     -0.017      3.112 |
  397 |    21 -          g | 51 |  338  338  567  567 |  1  1 |   1.569     -1.014 -2.809 |     -1.483     -0.512     -1.877    0.000 |      0.028     -0.017      3.112 |
  398 |    21 -          g | 51 |  338  338  576  576 |  1  1 |   0.485     -2.026 -0.435 |      0.440     -0.204     -1.807    0.000 |      0.028     -0.017      3.112 |
  399 |    21 -          g | 53 |  563  563  334  334 |  1  1 |   0.000    -36.939 -0.613 |      0.000     -0.000    -57.447    0.000 |      0.028     -0.017      3.112 |
  400 |    21 -          g | 51 |  249  249  436  437 |  1  2 |   0.674      0.571  3.085 |     -0.673      0.038      0.407    0.000 |      0.028     -0.017      3.112 |
  401 |    21 -          g | 51 |  249  249  477  477 |  1  1 |   0.947      1.222 -1.290 |      0.262     -0.910      1.468    0.000 |      0.028     -0.017      3.112 |
  402 |    -2 -       ubar | 52 |  228  228  467  467 |  1  1 |   1.163     -2.885 -0.940 |      0.687     -0.939    -10.381    0.330 |      0.028     -0.017      3.112 |
  403 |    21 -          g | 51 |  252  252  460  460 |  1  1 |   2.257      2.739 -1.935 |     -0.804     -2.109     17.392    0.000 |      0.028     -0.017      3.112 |
  404 |    21 -          g | 51 |  252  252  478  478 |  1  1 |   1.456      3.062 -2.618 |     -1.261     -0.728     15.517   -0.000 |      0.028     -0.017      3.112 |
  405 |    21 -          g | 52 |  167  167  464  464 |  1  1 |   0.917      2.580  2.956 |     -0.901      0.169      6.014   -0.000 |      0.028     -0.017      3.112 |
  406 |    21 -          g | 51 |  200  200  606  606 |  1  1 |   1.437     -2.089 -2.954 |     -1.412     -0.268     -5.715   -0.000 |      0.028     -0.017      3.112 |
  407 |    21 -          g | 51 |  200  200  609  609 |  1  1 |   0.283     -0.551 -1.806 |     -0.066     -0.275     -0.164   -0.000 |      0.028     -0.017      3.112 |
  408 |    21 -          g | 53 |  602  602  196  196 |  1  1 |   0.000    -36.071  2.796 |     -0.000      0.000    -24.243   -0.000 |      0.028     -0.017      3.112 |
  409 |    21 -          g | 51 |  358  358  552  552 |  1  1 |   0.978     -0.784  2.657 |     -0.865      0.456     -0.848   -0.000 |      0.028     -0.017      3.112 |
  410 |    21 -          g | 51 |  358  358  553  553 |  1  1 |   0.589     -2.394  1.755 |     -0.108      0.579     -3.200   -0.000 |      0.028     -0.017      3.112 |
  411 |    21 -          g | 52 |  359  359  549  549 |  1  1 |   0.707     -2.987  0.883 |      0.449      0.546     -6.989    0.000 |      0.028     -0.017      3.112 |
  412 |    21 -          g | 51 |  238  238  559  559 |  1  1 |   0.831      4.514 -2.852 |     -0.797     -0.237     37.958   -0.000 |      0.028     -0.017      3.112 |
  413 |    21 -          g | 51 |  238  238  561  561 |  1  1 |   1.168      3.869 -1.566 |      0.005     -1.168     27.960   -0.000 |      0.028     -0.017      3.112 |
  414 |    21 -          g | 52 |  239  239  560  560 |  1  1 |   0.703      4.805  1.899 |     -0.227      0.665     42.912    0.000 |      0.028     -0.017      3.112 |
  415 |     2 -          u | 51 |  356  356  684  684 |  1  1 |   0.883     -3.702 -3.027 |     -0.878     -0.101    -17.887    0.330 |      0.028     -0.017      3.112 |
  416 |    21 -          g | 51 |  356  356  685  685 |  1  1 |   0.635     -1.937 -0.830 |      0.428     -0.468     -2.157    0.000 |      0.028     -0.017      3.112 |  FirstCopy  LastCopyBeforeFSR
  417 |    -3 -       sbar | 52 |  355  355  683  683 |  1  1 |   0.725      5.181  0.902 |      0.450      0.569     64.480    0.500 |      0.028     -0.017      3.112 |
  418 |    21 -          g | 51 |  367  367  673  673 |  1  1 |   0.838     -3.346 -0.864 |      0.544     -0.638    -11.883    0.000 |      0.028     -0.017      3.112 |
  419 |    21 -          g | 51 |  367  367  676  676 |  1  1 |   0.560     -2.852  1.328 |      0.135      0.543     -4.830    0.000 |      0.028     -0.017      3.112 |
  420 |     3 -          s | 52 |  321  321  672  672 |  1  1 |   1.309     -5.524 -2.719 |     -1.194     -0.537   -163.980    0.500 |      0.028     -0.017      3.112 |
  421 |    21 -          g | 51 |  250  250  462  462 |  1  1 |   2.285     -1.312 -2.376 |     -1.647     -1.584     -3.937    0.000 |      0.028     -0.017      3.112 |
  422 |    21 -          g | 51 |  250  250  479  479 |  1  1 |   1.089     -1.298  3.028 |     -1.082      0.123     -1.845    0.000 |      0.028     -0.017      3.112 |
  423 |    21 -          g | 53 |  459  459  225  225 |  1  1 |   0.000    -36.791  0.026 |      0.000      0.000   -247.062    0.000 |      0.028     -0.017      3.112 |
  424 |    21 -          g | 51 |  263  263  653  653 |  1  1 |   1.282     -5.064  1.317 |      0.322      1.240   -101.401   -0.000 |      0.028     -0.017      3.112 |
  425 |    21 -          g | 51 |  263  263  654  654 |  1  1 |   0.379     -5.328 -1.256 |      0.118     -0.360    -39.071    0.000 |      0.028     -0.017      3.112 |
  426 |    -2 -       ubar | 53 |  650  650  260  260 |  1  1 |   0.000     70.338 -1.571 |      0.000     -0.000      0.043    0.000 |      0.028     -0.017      3.112 |
  427 |    21 -          g | 51 |  129  129  628  628 |  1  1 |   0.110     -5.212 -3.026 |     -0.109     -0.013    -10.063   -0.000 |      0.028     -0.017      3.112 |
  428 |    21 -          g | 51 |  129  129  629  629 |  1  1 |   1.831     -2.864 -0.758 |      1.330     -1.258    -15.991   -0.000 |      0.028     -0.017      3.112 |
  429 |     1 -          d | 52 |  128  128  627  627 |  1  1 |   1.763     -2.987  2.336 |     -1.221      1.271    -17.420    0.330 |      0.028     -0.017      3.112 |
  430 |    21 -          g | 51 |  221  221  540  540 |  1  1 |   1.954      1.565 -1.898 |     -0.628     -1.850      4.467   -0.000 |      0.028     -0.017      3.112 |
  431 |    21 -          g | 51 |  221  221  543  543 |  1  1 |   1.208      1.203 -0.858 |      0.790     -0.914      1.831    0.000 |      0.028     -0.017      3.112 |
  432 |    21 -          g | 52 |  376  376  538  538 |  1  1 |   4.431      1.284 -0.811 |      3.051     -3.214      7.386   -0.000 |      0.028     -0.017      3.112 |
  433 |    21 -          g | 51 |  173  173  638  638 |  1  1 |   1.558      0.872  2.536 |     -1.281      0.887      1.538    0.000 |      0.028     -0.017      3.112 |
  434 |    21 -          g | 51 |  173  173  645  645 |  1  1 |   0.628      0.792 -2.195 |     -0.367     -0.510      0.551    0.000 |      0.028     -0.017      3.112 |
  435 |    21 -          g | 53 |  635  635  170  170 |  1  1 |   0.000    -35.419 -1.827 |     -0.000     -0.000    -35.963    0.000 |      0.028     -0.017      3.112 |
  436 |    21 -          g | 51 |  400  400  469  469 |  1  1 |   0.259      0.225 -0.165 |      0.255     -0.042      0.059    0.000 |      0.028     -0.017      3.112 |
  437 |    21 -          g | 51 |  400  400  480  480 |  1  1 |   0.913      1.657  3.047 |     -0.909      0.086      2.309   -0.000 |      0.028     -0.017      3.112 |
  438 |     2 -          u | 52 |  248  248  471  471 |  1  1 |   0.530      5.266  0.303 |      0.506      0.158     51.303    0.330 |      0.028     -0.017      3.112 |
  439 |    21 -          g | 51 |  363  363  658  658 |  1  1 |   0.830      3.068  1.486 |      0.070      0.827      8.897   -0.000 |      0.028     -0.017      3.112 |
  440 |    21 -          g | 51 |  363  363  660  660 |  1  1 |   0.369      4.144 -2.085 |     -0.182     -0.321     11.630    0.000 |      0.028     -0.017      3.112 |
  441 |     2 -          u | 52 |  364  364  659  659 |  1  1 |   0.629      0.996  0.873 |      0.404      0.482      0.735    0.330 |      0.028     -0.017      3.112 |
  442 |    21 -          g | 31 |  507  507  444  445 |  1  2 |   0.000  22771.545  0.000 |      0.000      0.000     15.545   -0.000 |      0.028     -0.017      3.112 |
  443 |    21 -          g | 31 |  508  508  444  445 |  1  2 |   0.000 -22756.125  0.000 |      0.000      0.000     -0.125   -0.000 |      0.028     -0.017      3.112 |
  444 |    21 -          g | 33 |  442  443  509  509 |  2  1 |   0.513      4.069  1.841 |     -0.137      0.494     14.998   -0.000 |      0.028     -0.017      3.112 |
  445 |    21 -          g | 33 |  442  443  510  510 |  2  1 |   0.513      0.750 -1.301 |      0.137     -0.494      0.422    0.000 |      0.028     -0.017      3.112 |
  446 |    21 -          g | 31 |  486  486  448  449 |  1  2 |   0.000  22758.942  0.000 |      0.000      0.000      2.942   -0.000 |      0.028     -0.017      3.112 |
  447 |    21 -          g | 31 |  487  487  448  449 |  1  2 |   0.000 -22761.192  0.000 |      0.000      0.000     -5.192   -0.000 |      0.028     -0.017      3.112 |
  448 |    21 -          g | 33 |  446  447  488  488 |  2  1 |   0.512     -3.005 -0.319 |      0.486     -0.161     -5.157   -0.000 |      0.028     -0.017      3.112 |
  449 |    21 -          g | 33 |  446  447  489  489 |  2  1 |   0.512      2.437  2.822 |     -0.486      0.161      2.907   -0.000 |      0.028     -0.017      3.112 |
  450 |    21 -          g | 31 |  704  704  452  453 |  1  2 |   0.000  22756.263  0.000 |      0.000      0.000      0.263   -0.000 |      0.028     -0.017      3.112 |
  451 |    21 -          g | 31 |  705  705  452  453 |  1  2 |   0.000 -22815.501  0.000 |      0.000      0.000    -59.501    0.000 |      0.028     -0.017      3.112 |
  452 |    21 -          g | 33 |  450  451  706  706 |  2  1 |   0.498      0.052  3.010 |     -0.493      0.065      0.026   -0.000 |      0.028     -0.017      3.112 |
  453 |    21 -          g | 33 |  450  451  707  707 |  2  1 |   0.498     -5.473 -0.131 |      0.493     -0.065    -59.264    0.000 |      0.028     -0.017      3.112 |
  454 |    21 -          g | 31 |  708  708  456  457 |  1  2 |   0.000  22764.668  0.000 |      0.000      0.000      8.668   -0.000 |      0.028     -0.017      3.112 |
  455 |     2 -          u | 31 |  709  709  456  457 |  1  2 |   0.000 -22779.669  0.000 |      0.000      0.000    -23.669   -0.000 |      0.028     -0.017      3.112 |  LastCopyBeforeFSR
  456 |    21 -          g | 33 |  454  455  710  710 |  2  1 |   0.475      3.596 -2.817 |     -0.450     -0.152      8.658    0.000 |      0.028     -0.017      3.112 |
  457 |     2 -          u | 33 |  454  455  711  711 |  2  1 |   0.475     -4.601  0.325 |      0.450      0.152    -23.659    0.330 |      0.028     -0.017      3.112 |
  458 |    21 -          g | 42 |  577  577  161  161 |  1  1 |   0.000     37.628 -2.299 |     -0.000     -0.000    164.476   -0.000 |      0.028     -0.017      3.112 |
  459 |    21 -          g | 41 |  578  578  423  481 |  1  2 |   0.000    -38.067  0.846 |      0.000      0.000   -254.599   -0.000 |      0.028     -0.017      3.112 |
  460 |    21 -          g | 44 |  403  403  579  579 |  1  1 |   2.256      2.739 -1.935 |     -0.804     -2.109     17.389    0.000 |      0.028     -0.017      3.112 |
  461 |    21 -          g | 44 |  386  386  580  580 |  1  1 |   4.694     -3.869  0.434 |      4.259      1.973   -112.358   -0.000 |      0.028     -0.017      3.112 |
  462 |    21 -          g | 44 |  421  421  581  581 |  1  1 |   2.278     -1.315 -2.376 |     -1.643     -1.579     -3.938    0.000 |      0.028     -0.017      3.112 |
  463 |    21 -          g | 44 |  166  166  582  582 |  1  1 |   0.841     -0.961  2.555 |     -0.701      0.466     -0.938    0.000 |      0.028     -0.017      3.112 |
  464 |    21 -          g | 44 |  405  405  583  583 |  1  1 |   0.917      2.580  2.956 |     -0.901      0.169      6.014   -0.000 |      0.028     -0.017      3.112 |
  465 |    -2 -       ubar | 44 |  247  247  584  584 |  1  1 |   2.451      4.014  1.550 |      0.052      2.451     67.848    0.330 |      0.028     -0.017      3.112 |
  466 |     2 -          u | 44 |  390  390  585  585 |  1  1 |   0.504      0.699  2.397 |     -0.371      0.342      0.382    0.330 |      0.028     -0.017      3.112 |
  467 |    -2 -       ubar | 44 |  402  402  586  586 |  1  1 |   1.160     -2.888 -0.926 |      0.698     -0.927    -10.381    0.330 |      0.028     -0.017      3.112 |
  468 |    21 -          g | 44 |  224  224  587  587 |  1  1 |   0.382     -5.283  1.792 |     -0.084      0.373    -37.614   -0.000 |      0.028     -0.017      3.112 |
  469 |    21 -          g | 44 |  436  436  588  588 |  1  1 |   0.259      0.225 -0.164 |      0.256     -0.042      0.059   -0.000 |      0.028     -0.017      3.112 |
  470 |    21 -          g | 44 |  384  384  589  589 |  1  1 |   0.662     -2.908 -0.571 |      0.557     -0.358     -6.052    0.000 |      0.028     -0.017      3.112 |
  471 |     2 -          u | 44 |  438  438  590  590 |  1  1 |   0.530      5.266  0.303 |      0.506      0.158     51.302    0.330 |      0.028     -0.017      3.112 |
  472 |    21 -          g | 44 |  251  251  591  591 |  1  1 |   0.900      0.075  1.761 |     -0.170      0.883      0.068   -0.000 |      0.028     -0.017      3.112 |
  473 |    21 -          g | 44 |  392  392  592  592 |  1  1 |   0.470     -3.078 -2.503 |     -0.377     -0.280     -5.093   -0.000 |      0.028     -0.017      3.112 |
  474 |    21 -          g | 44 |  369  369  593  593 |  1  1 |   0.965     -3.404  0.095 |      0.961      0.091    -14.499    0.000 |      0.028     -0.017      3.112 |
  475 |    21 -          g | 44 |  385  385  594  594 |  1  1 |   2.039     -3.923  0.254 |      1.973      0.513    -51.521   -0.000 |      0.028     -0.017      3.112 |
  476 |    21 -          g | 44 |  391  391  595  595 |  1  1 |   1.041     -0.638 -2.745 |     -0.960     -0.402     -0.710   -0.000 |      0.028     -0.017      3.112 |
  477 |    21 -          g | 44 |  401  401  596  596 |  1  1 |   0.947      1.222 -1.290 |      0.262     -0.910      1.468    0.000 |      0.028     -0.017      3.112 |
  478 |    21 -          g | 44 |  404  404  597  597 |  1  1 |   1.456      3.062 -2.618 |     -1.261     -0.728     15.516   -0.000 |      0.028     -0.017      3.112 |
  479 |    21 -          g | 44 |  422  422  598  598 |  1  1 |   1.087     -1.300  3.026 |     -1.079      0.126     -1.846    0.000 |      0.028     -0.017      3.112 |
  480 |    21 -          g | 44 |  437  437  599  599 |  1  1 |   0.913      1.657  3.047 |     -0.909      0.086      2.308   -0.000 |      0.028     -0.017      3.112 |
  481 |    21 -          g | 43 |  459  459  600  600 |  1  1 |   0.396     -3.639 -2.298 |     -0.263     -0.296     -7.524    0.000 |      0.028     -0.017      3.112 |
  482 |    21 -          g | 31 |  712  712  484  485 |  1  2 |   0.000  22927.723  0.000 |      0.000      0.000    171.723   -0.000 |      0.028     -0.017      3.112 |
  483 |    21 -          g | 31 |  713  713  484  485 |  1  2 |   0.000 -22756.003  0.000 |      0.000      0.000     -0.003   -0.000 |      0.028     -0.017      3.112 |
  484 |    21 -          g | 33 |  482  483  714  714 |  2  1 |   0.372      4.225  0.252 |      0.361      0.093     12.726    0.000 |      0.028     -0.017      3.112 |
  485 |    21 -          g | 33 |  482  483  715  715 |  2  1 |   0.372      6.750 -2.889 |     -0.361     -0.093    158.994   -0.000 |      0.028     -0.017      3.112 |
  486 |    21 -          g | 41 |  699  699  446  490 |  1  2 |   0.000     39.141 -0.785 |      0.000     -0.000      3.913    0.000 |      0.028     -0.017      3.112 |
  487 |    21 -          g | 42 |  700  700  447  447 |  1  1 |   0.000 -22761.192  0.000 |      0.000      0.000     -5.192    0.000 |      0.028     -0.017      3.112 |
  488 |    21 -          g | 44 |  448  448  701  701 |  1  1 |   0.514     -2.998 -0.322 |      0.487     -0.162     -5.132   -0.000 |      0.028     -0.017      3.112 |
  489 |    21 -          g | 44 |  449  449  702  702 |  1  1 |   0.370      2.771 -2.673 |     -0.330     -0.167      2.945    0.000 |      0.028     -0.017      3.112 |
  490 |    21 -          g | 43 |  486  486  703  703 |  1  1 |   0.365      1.643  2.015 |     -0.157      0.330      0.908   -0.000 |      0.028     -0.017      3.112 |
  491 |    21 -          g | 31 |  716  716  493  494 |  1  2 |   0.000  22876.585  0.000 |      0.000      0.000    120.585   -0.000 |      0.028     -0.017      3.112 |
  492 |    -2 -       ubar | 31 |  717  717  493  494 |  1  2 |   0.000 -22762.534  0.000 |      0.000      0.000     -6.534    0.000 |      0.028     -0.017      3.112 |  LastCopyBeforeFSR
  493 |    21 -          g | 33 |  491  492  718  718 |  2  1 |   0.369      6.483  1.174 |      0.143      0.340    120.575   -0.000 |      0.028     -0.017      3.112 |
  494 |    -2 -       ubar | 33 |  491  492  719  719 |  2  1 |   0.369     -3.567 -1.968 |     -0.143     -0.340     -6.524    0.330 |      0.028     -0.017      3.112 |
  495 |    21 -          g | 31 |  720  720  497  498 |  1  2 |   0.000  22771.897  0.000 |      0.000      0.000     15.897    0.000 |      0.028     -0.017      3.112 |
  496 |    21 -          g | 31 |  721  721  497  498 |  1  2 |   0.000 -22756.010  0.000 |      0.000      0.000     -0.010    0.000 |      0.028     -0.017      3.112 |
  497 |    21 -          g | 33 |  495  496  722  722 |  2  1 |   0.302      2.950  1.310 |      0.078      0.292      2.875   -0.000 |      0.028     -0.017      3.112 |
  498 |    21 -          g | 33 |  495  496  723  723 |  2  1 |   0.302      4.457 -1.832 |     -0.078     -0.292     13.013   -0.000 |      0.028     -0.017      3.112 |
  499 |    21 -          g | 31 |  724  724  501  502 |  1  2 |   0.000  22846.529  0.000 |      0.000      0.000     90.529   -0.000 |      0.028     -0.017      3.112 |
  500 |    21 -          g | 31 |  725  725  501  502 |  1  2 |   0.000 -22828.056  0.000 |      0.000      0.000    -72.056   -0.000 |      0.028     -0.017      3.112 |
  501 |    21 -          g | 33 |  499  500  726  726 |  2  1 |   0.244      6.609 -1.906 |     -0.080     -0.231     90.529    0.000 |      0.028     -0.017      3.112 |
  502 |    21 -          g | 33 |  499  500  727  727 |  2  1 |   0.244     -6.381  1.236 |      0.080      0.231    -72.056    0.000 |      0.028     -0.017      3.112 |
  503 |    21 -          g | 31 |  728  728  505  506 |  1  2 |   0.000  22786.300  0.000 |      0.000      0.000     30.300    0.000 |      0.028     -0.017      3.112 |
  504 |    21 -          g | 31 |  729  729  505  506 |  1  2 |   0.000 -22865.714  0.000 |      0.000      0.000   -109.714   -0.000 |      0.028     -0.017      3.112 |
  505 |    21 -          g | 33 |  503  504  730  730 |  2  1 |   0.241     -6.812 -2.138 |     -0.130     -0.204   -109.713    0.000 |      0.028     -0.017      3.112 |
  506 |    21 -          g | 33 |  503  504  731  731 |  2  1 |   0.241      5.526  1.003 |      0.130      0.204     30.299   -0.000 |      0.028     -0.017      3.112 |
  507 |    21 -          g | 41 |  694  694  442  511 |  1  2 |   0.000     41.552  0.245 |      0.000      0.000    127.168    0.000 |      0.028     -0.017      3.112 |
  508 |    21 -          g | 42 |  695  695  443  443 |  1  1 |   0.000    -34.866 -0.567 |      0.000     -0.000     -0.125   -0.000 |      0.028     -0.017      3.112 |
  509 |    21 -          g | 44 |  444  444  696  696 |  1  1 |   0.688      3.783  2.046 |     -0.315      0.611     15.101    0.000 |      0.028     -0.017      3.112 |
  510 |    21 -          g | 44 |  445  445  697  697 |  1  1 |   0.507      0.769 -1.311 |      0.130     -0.490      0.429   -0.000 |      0.028     -0.017      3.112 |
  511 |    21 -          g | 43 |  507  507  698  698 |  1  1 |   0.221      6.918 -0.582 |      0.184     -0.121    111.513   -0.000 |      0.028     -0.017      3.112 |
  512 |    -2 -       ubar | 61 |    0    0   11   11 |  1  1 |   0.584      5.210  2.173 |     -0.331      0.482     53.510    0.000 |      0.028     -0.017      3.112 |  FirstCopy
  513 |     2 -          u | 61 |    1    1  266  266 |  1  1 |   2.755     -7.620 -1.720 |     -0.408     -2.725  -2808.704   -0.000 |      0.028     -0.017      3.112 |  FirstCopy
  514 |    -5 -       bbar | 62 |  207  207  964  964 |  1  1 | 116.356     -3.748  1.011 |     61.748     98.620  -2467.169    4.800 |      0.028     -0.017      3.112 |
  515 |     5 -          b | 62 |  182  182  824  824 |  1  1 |  91.744     -1.570 -2.084 |    -45.021    -79.937   -210.898    4.800 |      0.028     -0.017      3.112 |
  516 |    -3 -       sbar | 62 |  214  214  828  828 |  1  1 |   3.510     -1.723 -1.963 |     -1.343     -3.242     -9.516    0.500 |      0.028     -0.017      3.112 |
  517 |    21 -          g | 62 |  326  326 1053 1053 |  1  1 |  12.348      1.572  1.816 |     -2.995     11.979     28.443   -0.000 |      0.028     -0.017      3.112 |
  518 |    21 -          g | 62 |  237  237  827  827 |  1  1 |   0.550     -0.736 -2.594 |     -0.470     -0.286     -0.442   -0.000 |      0.028     -0.017      3.112 |
  519 |    21 -          g | 62 |  373  373 1121 1121 |  1  1 |   5.330     -1.865 -2.095 |     -2.668     -4.614    -16.789   -0.000 |      0.028     -0.017      3.112 |
  520 |    21 -          g | 62 |  235  235  825  825 |  1  1 |  15.374     -1.579 -2.151 |     -8.422    -12.862    -35.699   -0.000 |      0.028     -0.017      3.112 |
  521 |     1 -          d | 62 |  283  283  963  963 |  1  1 |   0.908      0.772 -0.424 |      0.827     -0.373      0.773    0.330 |      0.028     -0.017      3.112 |
  522 |     3 -          s | 62 |  371  371 1123 1123 |  1  1 |   4.400     -1.946 -1.171 |      1.712     -4.054    -15.083    0.500 |      0.028     -0.017      3.112 |
  523 |    21 -          g | 62 |  236  236  826  826 |  1  1 |   2.919     -1.209 -2.130 |     -1.549     -2.474     -4.455    0.000 |      0.028     -0.017      3.112 |
  524 |    21 -          g | 62 |  265  265 1120 1120 |  1  1 |   7.570     -1.979 -1.829 |     -1.934     -7.319    -26.864   -0.000 |      0.028     -0.017      3.112 |
  525 |    -1 -       dbar | 62 |  324  324 1055 1055 |  1  1 |   1.421      1.855  1.817 |     -0.346      1.378      4.428    0.330 |      0.028     -0.017      3.112 |
  526 |    21 -          g | 62 |  325  325 1054 1054 |  1  1 |   2.640      0.950  1.531 |      0.105      2.638      2.904    0.000 |      0.028     -0.017      3.112 |
  527 |    21 -          g | 62 |  372  372 1122 1122 |  1  1 |   1.739     -1.745 -1.793 |     -0.383     -1.696     -4.829    0.000 |      0.028     -0.017      3.112 |
  528 |     3 -          s | 61 |    0    0   97   97 |  1  1 |   3.889      2.426 -2.104 |     -1.976     -3.349     21.836   -0.000 |      0.028     -0.017      3.112 |  FirstCopy
  529 |    21 -          g | 61 |    1    1  279  279 |  1  1 |   0.631     -4.254  0.080 |      0.629      0.051    -22.208   -0.000 |      0.028     -0.017      3.112 |  FirstCopy  LastCopyBeforeFSR
  530 |     3 -          s | 62 |   99   99  788  788 |  1  1 |   8.855      1.048  2.533 |     -7.266      5.061     11.070    0.500 |      0.028     -0.017      3.112 |
  531 |    21 -          g | 62 |  277  277 1194 1194 |  1  1 |   5.140     -1.662 -1.065 |      2.490     -4.497    -13.053   -0.000 |      0.028     -0.017      3.112 |
  532 |    21 -          g | 62 |  246  246  978  978 |  1  1 |   3.609      1.504 -0.581 |      3.017     -1.979      7.722    0.000 |      0.028     -0.017      3.112 |
  533 |    21 -          g | 62 |  102  102  866  866 |  1  1 |   2.210     -1.008 -2.337 |     -1.532     -1.593     -2.623    0.000 |      0.028     -0.017      3.112 |
  534 |    21 -          g | 62 |  245  245  781  781 |  1  1 |   0.805     -1.070  0.738 |      0.595      0.541     -1.034   -0.000 |      0.028     -0.017      3.112 |
  535 |    21 -          g | 62 |  278  278  747  747 |  1  1 |   1.585     -1.221 -0.552 |      1.349     -0.832     -2.453   -0.000 |      0.028     -0.017      3.112 |
  536 |    21 -          g | 61 |    0    0  217  217 |  1  1 |   0.630      5.701 -1.702 |     -0.083     -0.625     94.268    0.000 |      0.028     -0.017      3.112 |  FirstCopy  LastCopyBeforeFSR
  537 |    21 -          g | 61 |    1    1  218  218 |  1  1 |   1.587     -3.520  2.671 |     -1.414      0.720    -26.772   -0.000 |      0.028     -0.017      3.112 |  FirstCopy  LastCopyBeforeFSR
  538 |    21 -          g | 62 |  432  432  761  761 |  1  1 |   4.430      1.269 -0.823 |      3.011     -3.249      7.253    0.000 |      0.028     -0.017      3.112 |
  539 |    21 -          g | 62 |  374  374  986  986 |  1  1 |   5.923      3.267  1.882 |     -1.812      5.639     77.543   -0.000 |      0.028     -0.017      3.112 |
  540 |    21 -          g | 62 |  430  430  769  769 |  1  1 |   1.983      1.548 -1.901 |     -0.643     -1.876      4.452   -0.000 |      0.028     -0.017      3.112 |
  541 |    21 -          g | 62 |  222  222  892  892 |  1  1 |   2.843     -2.893  2.831 |     -2.706      0.870    -25.569   -0.000 |      0.028     -0.017      3.112 |
  542 |    21 -          g | 62 |  375  375  779  779 |  1  1 |   0.387      2.355 -1.904 |     -0.126     -0.366      2.022    0.000 |      0.028     -0.017      3.112 |
  543 |    21 -          g | 62 |  431  431  761  761 |  1  1 |   1.207      1.187 -0.869 |      0.779     -0.922      1.795    0.000 |      0.028     -0.017      3.112 |
  544 |    21 -          g | 61 |    0    0  154  154 |  1  1 |   1.186      2.909 -1.835 |     -0.309     -1.145     10.838   -0.000 |      0.028     -0.017      3.112 |  FirstCopy  LastCopyBeforeFSR
  545 |    -2 -       ubar | 61 |    1    1  155  155 |  1  1 |   1.393     -3.886 -1.178 |      0.533     -1.287    -33.903    0.000 |      0.028     -0.017      3.112 |  FirstCopy
  546 |    21 -          g | 62 |  357  357  872  872 |  1  1 |   1.717     -1.867  1.947 |     -0.631      1.597     -5.421   -0.000 |      0.028     -0.017      3.112 |
  547 |    21 -          g | 62 |  241  241  970  970 |  1  1 |   5.414     -0.486 -0.242 |      5.256     -1.298     -2.737    0.000 |      0.028     -0.017      3.112 |
  548 |    -2 -       ubar | 62 |  158  158  846  846 |  1  1 |   3.726     -1.820 -2.177 |     -2.121     -3.063    -11.201    0.330 |      0.028     -0.017      3.112 |
  549 |    21 -          g | 62 |  411  411  748  748 |  1  1 |   0.624     -3.108  0.464 |      0.558      0.279     -6.966   -0.000 |      0.028     -0.017      3.112 |
  550 |    21 -          g | 62 |  160  160  983  983 |  1  1 |   1.880      2.192 -3.123 |     -1.879     -0.034      8.313    0.000 |      0.028     -0.017      3.112 |
  551 |    21 -          g | 62 |  242  242  783  783 |  1  1 |   0.761     -1.099 -1.630 |     -0.045     -0.759     -1.015   -0.000 |      0.028     -0.017      3.112 |
  552 |    21 -          g | 62 |  409  409  782  782 |  1  1 |   0.941     -0.814  2.711 |     -0.855      0.393     -0.853    0.000 |      0.028     -0.017      3.112 |
  553 |    21 -          g | 62 |  410  410  755  755 |  1  1 |   0.458     -2.637  1.697 |     -0.058      0.455     -3.185   -0.000 |      0.028     -0.017      3.112 |
  554 |    21 -          g | 61 |    0    0  149  149 |  1  1 |   1.377      7.508  1.789 |     -0.298      1.344   1254.269    0.000 |      0.028     -0.017      3.112 |  FirstCopy  LastCopyBeforeFSR
  555 |     1 -          d | 61 |    1    1  150  150 |  1  1 |   2.244     -5.647 -0.639 |      1.801     -1.339   -317.940    0.000 |      0.028     -0.017      3.112 |  FirstCopy
  556 |    21 -          g | 62 |  186  186 1048 1048 |  1  1 |   4.388      4.740 -2.712 |     -3.990     -1.827    251.118   -0.000 |      0.028     -0.017      3.112 |
  557 |     1 -          d | 62 |  152  152 1169 1169 |  1  1 |   5.304     -4.786  0.174 |      5.223      0.921   -317.883    0.330 |      0.028     -0.017      3.112 |
  558 |    21 -          g | 62 |  240  240 1045 1045 |  1  1 |   2.021      6.786  0.863 |      1.314      1.535    894.265    0.000 |      0.028     -0.017      3.112 |
  559 |    21 -          g | 62 |  412  412  778  778 |  1  1 |   0.829      4.517 -2.903 |     -0.806     -0.196     37.956   -0.000 |      0.028     -0.017      3.112 |
  560 |    21 -          g | 62 |  414  414  774  774 |  1  1 |   0.750      4.740  1.892 |     -0.237      0.711     42.910   -0.000 |      0.028     -0.017      3.112 |
  561 |    21 -          g | 62 |  413  413  780  780 |  1  1 |   1.139      3.895 -1.572 |     -0.001     -1.139     27.963    0.000 |      0.028     -0.017      3.112 |
  562 |    21 -          g | 61 |    0    0  333  333 |  1  1 |   1.099      4.060  1.088 |      0.510      0.973     31.834    0.000 |      0.028     -0.017      3.112 |  FirstCopy  LastCopyBeforeFSR
  563 |    21 -          g | 61 |    1    1  399  399 |  1  1 |   0.967     -4.778 -2.170 |     -0.545     -0.798    -57.434    0.000 |      0.028     -0.017      3.112 |  FirstCopy  LastCopyBeforeFSR
  564 |    21 -          g | 62 |  335  335  771  771 |  1  1 |   1.037      1.012  0.724 |      0.777      0.687      1.239    0.000 |      0.028     -0.017      3.112 |
  565 |     3 -          s | 62 |  336  336  863  863 |  1  1 |   1.340      0.912 -2.948 |     -1.315     -0.258      1.399    0.500 |      0.028     -0.017      3.112 |
  566 |    21 -          g | 62 |  337  337  764  764 |  1  1 |   2.299      1.413 -1.340 |      0.526     -2.238      4.444    0.000 |      0.028     -0.017      3.112 |
  567 |    21 -          g | 62 |  397  397  784  784 |  1  1 |   1.591     -0.991 -2.800 |     -1.499     -0.533     -1.847   -0.000 |      0.028     -0.017      3.112 |
  568 |    21 -          g | 62 |  339  339  756  756 |  1  1 |   1.185     -2.486 -2.500 |     -0.949     -0.709     -7.066    0.000 |      0.028     -0.017      3.112 |
  569 |    21 -          g | 62 |  340  340  771  771 |  1  1 |   1.608      1.462  0.778 |      1.145      1.129      3.285   -0.000 |      0.028     -0.017      3.112 |
  570 |    21 -          g | 62 |  341  341  785  785 |  1  1 |   1.747     -1.595  3.003 |     -1.730      0.241     -4.129    0.000 |      0.028     -0.017      3.112 |
  571 |    21 -          g | 62 |  342  342  891  891 |  1  1 |   1.065     -3.499  1.773 |     -0.214      1.044    -17.615    0.000 |      0.028     -0.017      3.112 |
  572 |    -3 -       sbar | 62 |  343  343  787  787 |  1  1 |   1.384      0.553 -1.890 |     -0.435     -1.313      0.804    0.500 |      0.028     -0.017      3.112 |
  573 |    21 -          g | 62 |  344  344  781  781 |  1  1 |   0.214     -1.287  1.418 |      0.032      0.211     -0.357    0.000 |      0.028     -0.017      3.112 |
  574 |    21 -          g | 62 |  345  345  765  765 |  1  1 |   4.606      2.093  0.767 |      3.318      3.195     18.389    0.000 |      0.028     -0.017      3.112 |
  575 |    21 -          g | 62 |  346  346  758  758 |  1  1 |   1.058     -3.744 -1.679 |     -0.114     -1.051    -22.339   -0.000 |      0.028     -0.017      3.112 |
  576 |    21 -          g | 62 |  398  398  749  749 |  1  1 |   0.481     -2.035 -0.497 |      0.423     -0.229     -1.807   -0.000 |      0.028     -0.017      3.112 |
  577 |    21 -          g | 61 |    0    0  458  458 |  1  1 |   3.696      4.489  1.568 |      0.009      3.696    164.466    0.000 |      0.028     -0.017      3.112 |  FirstCopy  LastCopyBeforeFSR
  578 |    21 -          g | 61 |    1    1  459  459 |  1  1 |   1.357     -5.927  1.011 |      0.720      1.150   -254.595    0.000 |      0.028     -0.017      3.112 |  FirstCopy  LastCopyBeforeFSR
  579 |    21 -          g | 62 |  460  460  779  779 |  1  1 |   1.894      2.914 -2.008 |     -0.803     -1.716     17.406    0.000 |      0.028     -0.017      3.112 |
  580 |    21 -          g | 62 |  461  461  752  752 |  1  1 |   5.207     -3.766  0.497 |      4.577      2.482   -112.368   -0.000 |      0.028     -0.017      3.112 |
  581 |    21 -          g | 62 |  462  462  865  865 |  1  1 |   2.252     -1.323 -2.381 |     -1.631     -1.553     -3.927   -0.000 |      0.028     -0.017      3.112 |
  582 |    21 -          g | 62 |  463  463  782  782 |  1  1 |   0.844     -0.963  2.544 |     -0.698      0.474     -0.944   -0.000 |      0.028     -0.017      3.112 |
  583 |    21 -          g | 62 |  464  464  770  770 |  1  1 |   0.951      2.543  2.815 |     -0.901      0.305      6.010   -0.000 |      0.028     -0.017      3.112 |
  584 |    -2 -       ubar | 62 |  465  465  762  762 |  1  1 |   3.977      3.530  1.557 |      0.056      3.976     67.821    0.330 |      0.028     -0.017      3.112 |
  585 |     2 -          u | 62 |  466  466  812  812 |  1  1 |   0.513      0.683  2.378 |     -0.370      0.355      0.378    0.330 |      0.028     -0.017      3.112 |
  586 |    -2 -       ubar | 62 |  467  467  746  746 |  1  1 |   1.141     -2.904 -0.880 |      0.727     -0.879    -10.372    0.330 |      0.028     -0.017      3.112 |
  587 |    21 -          g | 62 |  468  468  754  754 |  1  1 |   0.543     -4.931  1.529 |      0.023      0.543    -37.617   -0.000 |      0.028     -0.017      3.112 |
  588 |    21 -          g | 62 |  469  469  763  763 |  1  1 |   0.259      0.228 -0.148 |      0.256     -0.038      0.060   -0.000 |      0.028     -0.017      3.112 |
  589 |    21 -          g | 62 |  470  470  749  749 |  1  1 |   0.663     -2.907 -0.522 |      0.574     -0.330     -6.048   -0.000 |      0.028     -0.017      3.112 |
  590 |     2 -          u | 62 |  471  471 1036 1036 |  1  1 |   1.406      4.290  1.201 |      0.509      1.311     51.298    0.330 |      0.028     -0.017      3.112 |
  591 |    21 -          g | 62 |  472  472  972  972 |  1  1 |   0.912      0.065  1.757 |     -0.169      0.896      0.060    0.000 |      0.028     -0.017      3.112 |
  592 |    21 -          g | 62 |  473  473  753  753 |  1  1 |   0.445     -3.133 -2.525 |     -0.363     -0.257     -5.091   -0.000 |      0.028     -0.017      3.112 |
  593 |    21 -          g | 62 |  474  474  748  748 |  1  1 |   1.014     -3.355  0.156 |      1.002      0.157    -14.498    0.000 |      0.028     -0.017      3.112 |
  594 |    21 -          g | 62 |  475  475  752  752 |  1  1 |   2.247     -3.826  0.338 |      2.119      0.746    -51.522    0.000 |      0.028     -0.017      3.112 |
  595 |    21 -          g | 62 |  476  476  868  868 |  1  1 |   1.034     -0.640 -2.754 |     -0.958     -0.391     -0.708   -0.000 |      0.028     -0.017      3.112 |
  596 |    21 -          g | 62 |  477  477  764  764 |  1  1 |   0.912      1.259 -1.278 |      0.263     -0.873      1.476   -0.000 |      0.028     -0.017      3.112 |
  597 |    21 -          g | 62 |  478  478  985  985 |  1  1 |   1.316      3.163 -2.850 |     -1.260     -0.378     15.519    0.000 |      0.028     -0.017      3.112 |
  598 |    21 -          g | 62 |  479  479  785  785 |  1  1 |   1.083     -1.305  3.014 |     -1.074      0.138     -1.849    0.000 |      0.028     -0.017      3.112 |
  599 |    21 -          g | 62 |  480  480  766  766 |  1  1 |   0.920      1.650  2.988 |     -0.909      0.141      2.306   -0.000 |      0.028     -0.017      3.112 |
  600 |    21 -          g | 62 |  481  481  758  758 |  1  1 |   0.356     -3.744 -2.317 |     -0.242     -0.262     -7.522    0.000 |      0.028     -0.017      3.112 |
  601 |    21 -          g | 61 |    0    0  195  195 |  1  1 |   1.820      3.195 -1.165 |      0.718     -1.672     22.182   -0.000 |      0.028     -0.017      3.112 |  FirstCopy  LastCopyBeforeFSR
  602 |    21 -          g | 61 |    1    1  408  408 |  1  1 |   1.930     -3.225 -0.340 |      1.820     -0.643    -24.234    0.000 |      0.028     -0.017      3.112 |  FirstCopy  LastCopyBeforeFSR
  603 |    21 -          g | 62 |  197  197  870  870 |  1  1 |   1.854     -1.162  2.503 |     -1.489      1.104     -2.673   -0.000 |      0.028     -0.017      3.112 |
  604 |    21 -          g | 62 |  255  255  751  751 |  1  1 |   1.170     -2.989 -1.256 |      0.362     -1.112    -11.589    0.000 |      0.028     -0.017      3.112 |  LastCopy
  605 |     2 -          u | 62 |  253  253  760  760 |  1  1 |   1.257     -0.506  1.009 |      0.670      1.064     -0.664    0.330 |      0.028     -0.017      3.112 |
  606 |    21 -          g | 62 |  406  406  756  756 |  1  1 |   1.064     -2.388 -2.729 |     -0.975     -0.427     -5.750   -0.000 |      0.028     -0.017      3.112 |
  607 |    21 -          g | 62 |  201  201  976  976 |  1  1 |   2.995      2.640 -0.821 |      2.040     -2.192     20.880    0.000 |      0.028     -0.017      3.112 |
  608 |    -2 -       ubar | 62 |  254  254  814  814 |  1  1 |   2.028     -0.901 -0.231 |      1.974     -0.464     -2.084    0.330 |      0.028     -0.017      3.112 |
  609 |    21 -          g | 62 |  407  407  786  786 |  1  1 |   0.291     -0.561 -1.724 |     -0.044     -0.288     -0.172    0.000 |      0.028     -0.017      3.112 |
  610 |    21 -          g | 61 |    0    0  108  108 |  1  1 |   2.992      2.669  2.988 |     -2.956      0.457     21.479   -0.000 |      0.028     -0.017      3.112 |  FirstCopy  LastCopyBeforeFSR
  611 |     2 -          u | 61 |    1    1  109  109 |  1  1 |   0.641     -5.215  1.818 |     -0.157      0.621    -58.922    0.000 |      0.028     -0.017      3.112 |  FirstCopy
  612 |    21 -          g | 62 |  115  115  778  778 |  1  1 |   0.465      4.333  2.635 |     -0.407      0.226     17.723   -0.000 |      0.028     -0.017      3.112 |
  613 |     2 -          u | 62 |  111  111  807  807 |  1  1 |   2.475     -3.834 -3.058 |     -2.467     -0.207    -57.227    0.330 |      0.028     -0.017      3.112 |
  614 |    21 -          g | 62 |  303  303  745  745 |  1  1 |   0.790     -1.318 -0.513 |      0.688     -0.388     -1.371    0.000 |      0.028     -0.017      3.112 |
  615 |    21 -          g | 62 |  305  305  789  789 |  1  1 |   1.756      1.231  1.955 |     -0.658      1.628      2.750    0.000 |      0.028     -0.017      3.112 |
  616 |    21 -          g | 62 |  304  304  769  769 |  1  1 |   0.324      1.489 -2.553 |     -0.270     -0.180      0.682   -0.000 |      0.028     -0.017      3.112 |
  617 |    21 -          g | 61 |    0    0  189  189 |  1  1 |   2.586      6.670 -1.490 |      0.209     -2.577   1018.893    0.000 |      0.028     -0.017      3.112 |  FirstCopy  LastCopyBeforeFSR
  618 |    -3 -       sbar | 61 |    1    1  190  190 |  1  1 |   1.188     -4.900 -2.207 |     -0.705     -0.956    -79.785   -0.000 |      0.028     -0.017      3.112 |  FirstCopy
  619 |    21 -          g | 62 |  231  231 1047 1047 |  1  1 |   4.784      6.043 -1.448 |      0.584     -4.749   1007.766    0.000 |      0.028     -0.017      3.112 |
  620 |    21 -          g | 62 |  192  192  770  770 |  1  1 |   2.001      2.187  2.608 |     -1.723      1.017      8.802    0.000 |      0.028     -0.017      3.112 |
  621 |    21 -          g | 62 |  273  273 1193 1193 |  1  1 |   1.111     -1.271 -1.238 |      0.362     -1.050     -1.823    0.000 |      0.028     -0.017      3.112 |
  622 |    -3 -       sbar | 62 |  194  194  808  808 |  1  1 |   0.847     -5.203  2.388 |     -0.618      0.579    -77.016    0.500 |      0.028     -0.017      3.112 |
  623 |    21 -          g | 62 |  271  271  768  768 |  1  1 |   0.352      2.265 -0.344 |      0.332     -0.119      1.678   -0.000 |      0.028     -0.017      3.112 |
  624 |    21 -          g | 62 |  272  272  760  760 |  1  1 |   0.970     -0.303  0.947 |      0.566      0.788     -0.298   -0.000 |      0.028     -0.017      3.112 |  LastCopy
  625 |     1 -          d | 61 |    0    0  126  126 |  1  1 |   0.324     -0.500 -1.638 |     -0.022     -0.323     -0.169    0.000 |      0.028     -0.017      3.112 |  FirstCopy
  626 |    21 -          g | 61 |    1    1  127  127 |  1  1 |   0.278     -5.741  1.870 |     -0.082      0.266    -43.323   -0.000 |      0.028     -0.017      3.112 |  FirstCopy  LastCopyBeforeFSR
  627 |     1 -          d | 62 |  429  429  819  819 |  1  1 |   1.751     -2.877  2.375 |     -1.261      1.214    -15.490    0.330 |      0.028     -0.017      3.112 |
  628 |    21 -          g | 62 |  427  427  757  757 |  1  1 |   0.137     -4.989  2.783 |     -0.128      0.048    -10.039    0.000 |      0.028     -0.017      3.112 |
  629 |    21 -          g | 62 |  428  428  746  746 |  1  1 |   1.842     -2.973 -0.799 |      1.285     -1.319    -17.963    0.000 |      0.028     -0.017      3.112 |  LastCopy
  630 |    -1 -       dbar | 61 |    0    0  136  136 |  1  1 |   0.577      0.474 -2.414 |     -0.431     -0.384      0.284   -0.000 |      0.028     -0.017      3.112 |  FirstCopy
  631 |    -2 -       ubar | 61 |    1    1  137  137 |  1  1 |   0.651     -4.102  0.629 |      0.526      0.383    -19.658   -0.000 |      0.028     -0.017      3.112 |  FirstCopy
  632 |    -1 -       dbar | 62 |  138  138  820  820 |  1  1 |   1.904     -0.844 -0.828 |      1.288     -1.403     -1.805    0.330 |      0.028     -0.017      3.112 |
  633 |    -2 -       ubar | 62 |  139  139  855  855 |  1  1 |   1.841     -2.952  2.276 |     -1.193      1.402    -17.569    0.330 |      0.028     -0.017      3.112 |
  634 |    21 -          g | 61 |    0    0  169  169 |  1  1 |   1.082      4.773 -0.279 |      1.040     -0.298     63.979    0.000 |      0.028     -0.017      3.112 |  FirstCopy  LastCopyBeforeFSR
  635 |    21 -          g | 61 |    1    1  435  435 |  1  1 |   2.418     -3.393  2.099 |     -1.218      2.089    -35.925   -0.000 |      0.028     -0.017      3.112 |  FirstCopy  LastCopyBeforeFSR
  636 |    21 -          g | 62 |  350  350  777  777 |  1  1 |   0.995      4.775  0.163 |      0.982      0.162     58.997   -0.000 |      0.028     -0.017      3.112 |
  637 |    -4 -       cbar | 62 |  383  383  874  874 |  1  1 |   0.771     -3.721  1.139 |      0.323      0.700    -15.906    1.500 |      0.028     -0.017      3.112 |
  638 |    21 -          g | 62 |  433  433  788  788 |  1  1 |   1.547      0.904  2.523 |     -1.261      0.897      1.597    0.000 |      0.028     -0.017      3.112 |  LastCopy
  639 |     4 -          c | 62 |  174  174  759  759 |  1  1 |   1.608     -2.590  1.781 |     -0.335      1.573    -10.656    1.500 |      0.028     -0.017      3.112 |
  640 |    21 -          g | 62 |  387  387  783  783 |  1  1 |   0.933     -1.316 -1.842 |     -0.250     -0.899     -1.614    0.000 |      0.028     -0.017      3.112 |
  641 |    21 -          g | 62 |  389  389  763  763 |  1  1 |   0.623      0.725  0.178 |      0.613      0.111      0.492    0.000 |      0.028     -0.017      3.112 |
  642 |    21 -          g | 62 |  351  351  765  765 |  1  1 |   0.369      2.052  1.060 |      0.181      0.322      1.414   -0.000 |      0.028     -0.017      3.112 |
  643 |    21 -          g | 62 |  382  382  745  745 |  1  1 |   0.459     -1.504 -0.480 |      0.407     -0.212     -0.982    0.000 |      0.028     -0.017      3.112 |
  644 |    21 -          g | 62 |  388  388  753  753 |  1  1 |   0.596     -2.976 -2.500 |     -0.477     -0.357     -5.830    0.000 |      0.028     -0.017      3.112 |
  645 |    21 -          g | 62 |  434  434  787  787 |  1  1 |   0.620      0.792 -2.191 |     -0.361     -0.505      0.544   -0.000 |      0.028     -0.017      3.112 |  LastCopy
  646 |    21 -          g | 61 |    0    0  256  256 |  1  1 |   0.277      7.522  2.306 |     -0.186      0.205    255.584    0.000 |      0.028     -0.017      3.112 |  FirstCopy  LastCopyBeforeFSR
  647 |    -1 -       dbar | 61 |    1    1  257  257 |  1  1 |   0.467      3.245  1.495 |      0.035      0.466      5.982   -0.000 |      0.028     -0.017      3.112 |  FirstCopy
  648 |    21 -          g | 62 |  258  258 1043 1043 |  1  1 |   1.316      5.875  2.367 |     -0.941      0.921    234.423    0.000 |      0.028     -0.017      3.112 |
  649 |    -1 -       dbar | 62 |  259  259  791  791 |  1  1 |   0.829      4.182 -0.306 |      0.790     -0.250     27.142    0.330 |      0.028     -0.017      3.112 |
  650 |    -2 -       ubar | 61 |    0    0  426  426 |  1  1 |   0.195     -0.812  2.378 |     -0.141      0.135     -0.176    0.000 |      0.028     -0.017      3.112 |  FirstCopy
  651 |    21 -          g | 61 |    1    1  261  261 |  1  1 |   0.759     -5.978  2.709 |     -0.689      0.318   -149.794    0.000 |      0.028     -0.017      3.112 |  FirstCopy  LastCopyBeforeFSR
  652 |    -2 -       ubar | 62 |  262  262  952  952 |  1  1 |   0.954     -2.631 -2.243 |     -0.594     -0.747     -6.593    0.330 |      0.028     -0.017      3.112 |
  653 |    21 -          g | 62 |  424  424  754  754 |  1  1 |   1.485     -4.947  1.687 |     -0.171      1.475   -104.440    0.000 |      0.028     -0.017      3.112 |
  654 |    21 -          g | 62 |  425  425  757  757 |  1  1 |   0.282     -5.619 -1.801 |     -0.065     -0.275    -38.936    0.000 |      0.028     -0.017      3.112 |
  655 |     2 -          u | 61 |    0    0  360  360 |  1  1 |   2.234      6.907 -0.775 |      1.596     -1.564   1116.594    0.000 |      0.028     -0.017      3.112 |  FirstCopy
  656 |     2 -          u | 61 |    1    1  361  361 |  1  1 |   1.762      1.676  2.641 |     -1.546      0.845      4.541   -0.000 |      0.028     -0.017      3.112 |  FirstCopy
  657 |     2 -          u | 62 |  362  362 1188 1188 |  1  1 |   2.820      6.654 -1.104 |      1.268     -2.518   1094.096    0.330 |      0.028     -0.017      3.112 |
  658 |    21 -          g | 62 |  439  439  767  767 |  1  1 |   0.915      3.199  1.674 |     -0.094      0.910     11.195    0.000 |      0.028     -0.017      3.112 |  LastCopy
  659 |     2 -          u | 62 |  441  441 1168 1168 |  1  1 |   1.529      1.724  2.226 |     -0.932      1.212      4.151    0.330 |      0.028     -0.017      3.112 |
  660 |    21 -          g | 62 |  440  440  772  772 |  1  1 |   0.376      4.132 -2.108 |     -0.192     -0.323     11.693    0.000 |      0.028     -0.017      3.112 |
  661 |     1 -          d | 61 |    0    0  296  296 |  1  1 |   0.455      7.186  0.189 |      0.447      0.086    300.327   -0.000 |      0.028     -0.017      3.112 |  FirstCopy
  662 |    21 -          g | 61 |    1    1  297  297 |  1  1 |   0.418      2.651 -0.813 |      0.287     -0.303      2.944    0.000 |      0.028     -0.017      3.112 |  FirstCopy  LastCopyBeforeFSR
  663 |     1 -          d | 62 |  298  298 1148 1148 |  1  1 |   0.529      6.984 -2.078 |     -0.257     -0.462    285.434    0.330 |      0.028     -0.017      3.112 |
  664 |    21 -          g | 62 |  299  299  776  776 |  1  1 |   1.020      3.555  0.242 |      0.991      0.244     17.837    0.000 |      0.028     -0.017      3.112 |
  665 |     3 -          s | 61 |    0    0  309  309 |  1  1 |   0.506     -4.193 -1.877 |     -0.153     -0.482    -16.739   -0.000 |      0.028     -0.017      3.112 |  FirstCopy
  666 |     2 -          u | 61 |    1    1  310  310 |  1  1 |   0.405     -8.981  1.316 |      0.102      0.392  -1611.834    0.000 |      0.028     -0.017      3.112 |  FirstCopy
  667 |     3 -          s | 62 |  311  311  845  845 |  1  1 |   1.257     -5.309 -1.728 |     -0.197     -1.241   -127.010    0.500 |      0.028     -0.017      3.112 |
  668 |     2 -          u | 62 |  312  312  854  854 |  1  1 |   1.161     -7.858  1.444 |      0.147      1.151  -1501.563    0.330 |      0.028     -0.017      3.112 |
  669 |    -1 -       dbar | 61 |    0    0  313  313 |  1  1 |   0.572      5.517  2.845 |     -0.547      0.167     71.138   -0.000 |      0.028     -0.017      3.112 |  FirstCopy
  670 |     3 -          s | 61 |    1    1  314  314 |  1  1 |   1.473     -5.503  2.125 |     -0.776      1.253   -180.762   -0.000 |      0.028     -0.017      3.112 |  FirstCopy
  671 |    -1 -       dbar | 62 |  347  347 1027 1027 |  1  1 |   0.581      4.911 -3.102 |     -0.580     -0.023     39.395    0.330 |      0.028     -0.017      3.112 |
  672 |     3 -          s | 62 |  420  420 1026 1026 |  1  1 |   1.990     -5.105  2.835 |     -1.897      0.600   -163.986    0.500 |      0.028     -0.017      3.112 |
  673 |    21 -          g | 62 |  418  418  750  750 |  1  1 |   0.742     -3.467 -0.845 |      0.493     -0.555    -11.884   -0.000 |      0.028     -0.017      3.112 |  LastCopy
  674 |    21 -          g | 62 |  365  365  768  768 |  1  1 |   0.814      2.944 -0.007 |      0.814     -0.006      7.712    0.000 |      0.028     -0.017      3.112 |
  675 |    21 -          g | 62 |  366  366  775  775 |  1  1 |   0.869      4.011  1.882 |     -0.266      0.827     23.968    0.000 |      0.028     -0.017      3.112 |
  676 |    21 -          g | 62 |  419  419  755  755 |  1  1 |   0.588     -2.803  1.376 |      0.114      0.577     -4.829   -0.000 |      0.028     -0.017      3.112 |
  677 |     2 -          u | 61 |    0    0  317  317 |  1  1 |   0.274      7.777 -2.219 |     -0.166     -0.219    327.181    0.000 |      0.028     -0.017      3.112 |  FirstCopy
  678 |    21 -          g | 61 |    1    1  318  318 |  1  1 |   0.140      3.255 -3.086 |     -0.139     -0.008      1.805   -0.000 |      0.028     -0.017      3.112 |  FirstCopy  LastCopyBeforeFSR
  679 |     2 -          u | 62 |  319  319  951  951 |  1  1 |   0.962      6.335 -2.956 |     -0.946     -0.177    271.434    0.330 |      0.028     -0.017      3.112 |
  680 |    21 -          g | 62 |  320  320  777  777 |  1  1 |   0.643      5.188 -0.077 |      0.641     -0.049     57.552   -0.000 |      0.028     -0.017      3.112 |
  681 |    -3 -       sbar | 61 |    0    0  353  353 |  1  1 |   1.282      4.612 -0.652 |      1.019     -0.777     64.539   -0.000 |      0.028     -0.017      3.112 |  FirstCopy
  682 |     2 -          u | 61 |    1    1  354  354 |  1  1 |   0.400     -4.610 -2.954 |     -0.393     -0.075    -20.098    0.000 |      0.028     -0.017      3.112 |  FirstCopy
  683 |    -3 -       sbar | 62 |  417  417  936  936 |  1  1 |   1.482      4.466 -0.140 |      1.468     -0.207     64.473    0.500 |      0.028     -0.017      3.112 |
  684 |     2 -          u | 62 |  415  415  935  935 |  1  1 |   1.238     -3.363 -3.006 |     -1.227     -0.167    -17.866    0.330 |      0.028     -0.017      3.112 |
  685 |    21 -          g | 62 |  416  416 1195 1195 |  1  1 |   0.614     -1.974 -0.891 |      0.386     -0.477     -2.165    0.000 |      0.028     -0.017      3.112 |
  686 |    21 -          g | 61 |    0    0  377  377 |  1  1 |   0.862      6.470  1.473 |      0.084      0.858    277.974   -0.000 |      0.028     -0.017      3.112 |  FirstCopy  LastCopyBeforeFSR
  687 |     2 -          u | 61 |    1    1  378  378 |  1  1 |   1.332     -2.722  2.625 |     -1.158      0.659    -10.092   -0.000 |      0.028     -0.017      3.112 |  FirstCopy
  688 |    21 -          g | 62 |  379  379  773  773 |  1  1 |   0.407      7.218  0.612 |      0.334      0.234    277.926   -0.000 |      0.028     -0.017      3.112 |
  689 |     2 -          u | 62 |  380  380  800  800 |  1  1 |   1.904     -2.365  2.403 |     -1.408      1.282    -10.044    0.330 |      0.028     -0.017      3.112 |
  690 |     1 -          d | 61 |    0    0  393  393 |  1  1 |   0.405      3.151  1.792 |     -0.089      0.395      4.716   -0.000 |      0.028     -0.017      3.112 |  FirstCopy
  691 |    -2 -       ubar | 61 |    1    1  394  394 |  1  1 |   0.494      0.803  1.560 |      0.006      0.494      0.441    0.000 |      0.028     -0.017      3.112 |  FirstCopy
  692 |     1 -          d | 62 |  395  395  798  799 |  1  2 |   0.230      2.065 -1.972 |     -0.090     -0.212      0.894    0.330 |      0.028     -0.017      3.112 |  LastCopy
  693 |    -2 -       ubar | 62 |  396  396  798  799 |  1  2 |   1.101      2.063  1.565 |      0.007      1.101      4.263    0.330 |      0.028     -0.017      3.112 |  LastCopy
  694 |    21 -          g | 61 |    0    0  507  507 |  1  1 |   0.191      7.187  1.481 |      0.017      0.190    126.331    0.000 |      0.028     -0.017      3.112 |  FirstCopy  LastCopyBeforeFSR
  695 |    21 -          g | 61 |    1    1  508  508 |  1  1 |   0.773      1.123 -1.359 |      0.162     -0.756      1.062   -0.000 |      0.028     -0.017      3.112 |  FirstCopy  LastCopyBeforeFSR
  696 |    21 -          g | 62 |  509  509  775  775 |  1  1 |   0.658      3.681  2.049 |     -0.303      0.584     13.040    0.000 |      0.028     -0.017      3.112 |
  697 |    21 -          g | 62 |  510  510  980  980 |  1  1 |   1.227      1.654 -1.338 |      0.283     -1.194      3.091    0.000 |      0.028     -0.017      3.112 |
  698 |    21 -          g | 62 |  511  511  773  773 |  1  1 |   0.205      6.991  0.225 |      0.200      0.046    111.261   -0.000 |      0.028     -0.017      3.112 |
  699 |    21 -          g | 61 |    0    0  486  486 |  1  1 |   1.569      1.628  2.412 |     -1.170      1.046      3.845   -0.000 |      0.028     -0.017      3.112 |  FirstCopy  LastCopyBeforeFSR
  700 |    21 -          g | 61 |    1    1  487  487 |  1  1 |   1.121     -2.234  1.621 |     -0.056      1.119     -5.172   -0.000 |      0.028     -0.017      3.112 |  FirstCopy  LastCopyBeforeFSR
  701 |    21 -          g | 62 |  488  488  873  873 |  1  1 |   1.031     -2.290  1.140 |      0.431      0.937     -5.039   -0.000 |      0.028     -0.017      3.112 |
  702 |    21 -          g | 62 |  489  489  766  766 |  1  1 |   1.365      1.482  2.665 |     -1.213      0.626      2.850   -0.000 |      0.028     -0.017      3.112 |
  703 |    21 -          g | 62 |  490  490  789  789 |  1  1 |   0.748      0.985  2.208 |     -0.445      0.602      0.862    0.000 |      0.028     -0.017      3.112 |
  704 |    21 -          g | 61 |    0    0  450  450 |  1  1 |   0.962     -0.605 -2.905 |     -0.935     -0.225     -0.618    0.000 |      0.028     -0.017      3.112 |  FirstCopy  LastCopyBeforeFSR
  705 |    21 -          g | 61 |    1    1  451  451 |  1  1 |   0.543     -5.378 -0.214 |      0.530     -0.115    -58.752   -0.000 |      0.028     -0.017      3.112 |  FirstCopy  LastCopyBeforeFSR
  706 |    21 -          g | 62 |  452  452  784  784 |  1  1 |   1.424     -1.010 -3.028 |     -1.415     -0.161     -1.696   -0.000 |      0.028     -0.017      3.112 |
  707 |    21 -          g | 62 |  453  453  899  899 |  1  1 |   1.026     -4.723 -0.176 |      1.010     -0.179    -57.674    0.000 |      0.028     -0.017      3.112 |
  708 |    21 -          g | 61 |    0    0  454  454 |  1  1 |   0.767      3.118 -0.612 |      0.628     -0.441      8.651   -0.000 |      0.028     -0.017      3.112 |  FirstCopy  LastCopyBeforeFSR
  709 |     2 -          u | 61 |    1    1  455  455 |  1  1 |   0.442     -4.674 -2.959 |     -0.434     -0.080    -23.655    0.000 |      0.028     -0.017      3.112 |  FirstCopy
  710 |    21 -          g | 62 |  456  456  780  780 |  1  1 |   0.618      3.333 -1.280 |      0.177     -0.592      8.657    0.000 |      0.028     -0.017      3.112 |
  711 |     2 -          u | 62 |  457  457  923  923 |  1  1 |   0.073     -6.471  1.346 |      0.016      0.071    -23.661    0.330 |      0.028     -0.017      3.112 |
  712 |    21 -          g | 61 |    0    0  482  482 |  1  1 |   0.133      7.864 -2.808 |     -0.125     -0.043    172.593   -0.000 |      0.028     -0.017      3.112 |  FirstCopy  LastCopyBeforeFSR
  713 |    21 -          g | 61 |    1    1  483  483 |  1  1 |   0.113      2.950  2.461 |     -0.088      0.071      1.074    0.000 |      0.028     -0.017      3.112 |  FirstCopy  LastCopyBeforeFSR
  714 |    21 -          g | 62 |  484  484  776  776 |  1  1 |   0.315      4.108  0.520 |      0.273      0.157      9.573   -0.000 |      0.028     -0.017      3.112 |
  715 |    21 -          g | 62 |  485  485 1044 1044 |  1  1 |   0.503      6.481 -2.882 |     -0.486     -0.129    164.094    0.000 |      0.028     -0.017      3.112 |
  716 |    21 -          g | 61 |    0    0  491  491 |  1  1 |   1.279      5.239  1.190 |      0.475      1.187    120.546    0.000 |      0.028     -0.017      3.112 |  FirstCopy  LastCopyBeforeFSR
  717 |    -2 -       ubar | 61 |    1    1  492  492 |  1  1 |   1.190     -2.396 -2.785 |     -1.115     -0.416     -6.477   -0.000 |      0.028     -0.017      3.112 |  FirstCopy
  718 |    21 -          g | 62 |  493  493 1038 1038 |  1  1 |   1.648      4.986  1.186 |      0.618      1.527    120.512    0.000 |      0.028     -0.017      3.112 |
  719 |    -2 -       ubar | 62 |  494  494  801  801 |  1  1 |   1.467     -2.186 -2.600 |     -1.257     -0.756     -6.443    0.330 |      0.028     -0.017      3.112 |
  720 |    21 -          g | 61 |    0    0  495  495 |  1  1 |   0.097      5.798  1.724 |     -0.015      0.096     15.933    0.000 |      0.028     -0.017      3.112 |  FirstCopy  LastCopyBeforeFSR
  721 |    21 -          g | 61 |    1    1  496  496 |  1  1 |   0.220      2.375  1.368 |      0.044      0.216      1.173    0.000 |      0.028     -0.017      3.112 |  FirstCopy  LastCopyBeforeFSR
  722 |    21 -          g | 62 |  497  497  762  762 |  1  1 |   0.517      3.327  1.359 |      0.109      0.506      7.191    0.000 |      0.028     -0.017      3.112 |  LastCopy
  723 |    21 -          g | 62 |  498  498  772  772 |  1  1 |   0.210      4.549 -1.957 |     -0.079     -0.194      9.915   -0.000 |      0.028     -0.017      3.112 |
  724 |    21 -          g | 61 |    0    0  499  499 |  1  1 |   1.953      4.530  1.049 |      0.974      1.693     90.525    0.000 |      0.028     -0.017      3.112 |  FirstCopy  LastCopyBeforeFSR
  725 |    21 -          g | 61 |    1    1  500  500 |  1  1 |   0.325     -6.095 -0.691 |      0.250     -0.207    -72.051    0.000 |      0.028     -0.017      3.112 |  FirstCopy  LastCopyBeforeFSR
  726 |    21 -          g | 62 |  501  501 1037 1037 |  1  1 |   1.714      4.660  1.022 |      0.894      1.462     90.527   -0.000 |      0.028     -0.017      3.112 |
  727 |    21 -          g | 62 |  502  502  898  898 |  1  1 |   0.331     -6.075  0.070 |      0.331      0.023    -72.053   -0.000 |      0.028     -0.017      3.112 |
  728 |    21 -          g | 61 |    0    0  503  503 |  1  1 |   0.553      4.695  2.726 |     -0.506      0.223     30.286    0.000 |      0.028     -0.017      3.112 |  FirstCopy  LastCopyBeforeFSR
  729 |    21 -          g | 61 |    1    1  504  504 |  1  1 |   2.633     -4.423 -0.480 |      2.336     -1.215   -109.713   -0.000 |      0.028     -0.017      3.112 |  FirstCopy  LastCopyBeforeFSR
  730 |    21 -          g | 62 |  505  505  900  900 |  1  1 |   2.623     -4.427 -0.571 |      2.206     -1.418   -109.713    0.000 |      0.028     -0.017      3.112 |
  731 |    21 -          g | 62 |  506  506  774  774 |  1  1 |   0.569      4.667  2.294 |     -0.377      0.427     30.286    0.000 |      0.028     -0.017      3.112 |
  732 |     2 -          u | 63 |    0    0 1167 1167 |  1  1 |   0.737      7.030 -0.104 |      0.733     -0.076    416.111    0.330 |      0.028     -0.017      3.112 |  FirstCopy
  733 |    -1 -       dbar | 63 |    0    0  924  924 |  1  1 |   0.565      4.519 -0.558 |      0.479     -0.299     25.920    0.330 |      0.028     -0.017      3.112 |  FirstCopy
  734 |     1 -          d | 63 |    0    0 1125 1125 |  1  1 |   0.626      6.741  2.283 |     -0.410      0.474    265.166    0.330 |      0.028     -0.017      3.112 |  FirstCopy
  735 |     2 -          u | 63 |    0    0  790  790 |  1  1 |   0.630      3.549  0.281 |      0.605      0.175     10.946    0.330 |      0.028     -0.017      3.112 |  FirstCopy
  736 |    -3 -       sbar | 63 |    0    0  795  795 |  1  1 |   0.867      6.219  0.319 |      0.823      0.272    217.720    0.500 |      0.028     -0.017      3.112 |  FirstCopy
  737 |     1 -          d | 63 |    0    0  794  794 |  1  1 |   0.707      5.084  1.229 |      0.237      0.666     57.109    0.330 |      0.028     -0.017      3.112 |  FirstCopy
  738 |    -1 -       dbar | 63 |    0    0 1099 1099 |  1  1 |   0.402      5.324 -0.918 |      0.244     -0.319     41.265    0.330 |      0.028     -0.017      3.112 |  FirstCopy
  739 |     2 -          u | 63 |    1    1 1098 1098 |  1  1 |   0.298     -7.686 -0.952 |      0.173     -0.243   -324.538    0.330 |      0.028     -0.017      3.112 |  FirstCopy
  740 |     1 -          d | 63 |    1    1  805  806 |  1  2 |   0.295     -0.649  3.120 |     -0.295      0.007     -0.206    0.330 |      0.028     -0.017      3.112 |  FirstCopy  LastCopy
  741 |    -2 -       ubar | 63 |    1    1  805  806 |  1  2 |   0.204     -4.370  0.001 |      0.204      0.000     -8.074    0.330 |      0.028     -0.017      3.112 |  FirstCopy  LastCopy
  742 |    -2 -       ubar | 63 |    1    1 1149 1149 |  1  1 |   0.496     -7.253 -0.151 |      0.490     -0.074   -350.239    0.330 |      0.028     -0.017      3.112 |  FirstCopy
  743 |    -2 -       ubar | 63 |    1    1  901  901 |  1  1 |   0.518     -5.509  0.495 |      0.456      0.246    -63.961    0.330 |      0.028     -0.017      3.112 |  FirstCopy
  744 |     2 -          u | 63 |    1    1 1124 1124 |  1  1 |   0.169     -2.764 -0.840 |      0.113     -0.126     -1.337    0.330 |      0.028     -0.017      3.112 |  FirstCopy
  745 |    21 -          g | 73 |  614  643  747  747 |  2  1 |   1.249     -1.390 -0.501 |      1.096     -0.600     -2.353    0.114 |      0.028     -0.017      3.112 |
  746 |    -2 -       ubar | 73 |  586  629  750  750 |  2  1 |   2.980     -2.948 -0.830 |      2.012     -2.198    -28.335    0.567 |      0.028     -0.017      3.112 |
  747 |    21 -          g | 73 |  535  745 1192 1192 |  2  1 |   2.833     -1.299 -0.530 |      2.445     -1.432     -4.806    0.298 |      0.028     -0.017      3.112 |
  748 |    21 -          g | 73 |  549  593 1190 1190 |  2  1 |   1.620     -3.279  0.273 |      1.560      0.436    -21.464    0.314 |      0.028     -0.017      3.112 |
  749 |    21 -          g | 73 |  576  589 1191 1191 |  2  1 |   1.143     -2.626 -0.511 |      0.997     -0.559     -7.856    0.508 |      0.028     -0.017      3.112 |
  750 |    -2 -       ubar | 73 |  673  746  751  751 |  2  1 |   3.723     -3.075 -0.833 |      2.505     -2.754    -40.219    1.033 |      0.028     -0.017      3.112 |
  751 |    -2 -       ubar | 73 |  604  750 1196 1196 |  2  1 |   4.813     -3.072 -0.933 |      2.867     -3.866    -51.808    1.475 |      0.028     -0.017      3.112 |
  752 |    21 -          g | 73 |  580  594 1189 1189 |  2  1 |   7.434     -3.787  0.449 |      6.696      3.228   -163.889    0.579 |      0.028     -0.017      3.112 |
  753 |    21 -          g | 73 |  592  644  894  894 |  2  1 |   1.041     -3.046 -2.511 |     -0.841     -0.614    -10.921    0.082 |      0.028     -0.017      3.112 |
  754 |    21 -          g | 73 |  587  653  897  897 |  2  1 |   2.023     -4.945  1.644 |     -0.149      2.017   -142.057    0.142 |      0.028     -0.017      3.112 |
  755 |    21 -          g | 73 |  553  676  759  759 |  2  1 |   1.033     -2.746  1.517 |      0.056      1.031     -8.014    0.187 |      0.028     -0.017      3.112 |  LastCopy
  756 |    21 -          g | 73 |  568  606  893  893 |  2  1 |   2.235     -2.447 -2.608 |     -1.924     -1.136    -12.816    0.279 |      0.028     -0.017      3.112 |
  757 |    21 -          g | 73 |  628  654  896  896 |  2  1 |   0.298     -5.796 -2.274 |     -0.193     -0.227    -48.975    0.321 |      0.028     -0.017      3.112 |
  758 |    21 -          g | 73 |  575  600  895  895 |  2  1 |   1.360     -3.782 -1.836 |     -0.356     -1.313    -29.860    0.385 |      0.028     -0.017      3.112 |
  759 |     4 -          c | 73 |  639  755  890  890 |  2  1 |   2.619     -2.662  1.678 |     -0.279      2.604    -18.670    2.041 |      0.028     -0.017      3.112 |
  760 |     2 -          u | 73 |  605  624  969  969 |  2  1 |   2.226     -0.420  0.982 |      1.236      1.851     -0.962    0.491 |      0.028     -0.017      3.112 |
  761 |    21 -          g | 73 |  538  543  977  977 |  2  1 |   5.636      1.252 -0.833 |      3.790     -4.172      9.048    0.216 |      0.028     -0.017      3.112 |
  762 |    -2 -       ubar | 73 |  584  722  767  767 |  2  1 |   4.485      3.511  1.534 |      0.165      4.482     75.013    0.535 |      0.028     -0.017      3.112 |
  763 |    21 -          g | 73 |  588  641  971  971 |  2  1 |   0.872      0.597  0.083 |      0.869      0.072      0.552    0.240 |      0.028     -0.017      3.112 |
  764 |    21 -          g | 73 |  566  596  979  979 |  2  1 |   3.210      1.372 -1.323 |      0.789     -3.111      5.921    0.241 |      0.028     -0.017      3.112 |
  765 |    21 -          g | 73 |  574  642  974  974 |  2  1 |   4.961      2.093  0.788 |      3.498      3.518     19.803    0.385 |      0.028     -0.017      3.112 |
  766 |    21 -          g | 73 |  599  702  982  982 |  2  1 |   2.256      1.564  2.795 |     -2.122      0.767      5.156    0.407 |      0.028     -0.017      3.112 |
  767 |    -2 -       ubar | 73 |  658  762  987  987 |  2  1 |   5.392      3.466  1.558 |      0.070      5.392     86.208    0.900 |      0.028     -0.017      3.112 |
  768 |    21 -          g | 73 |  623  674  975  975 |  2  1 |   1.153      2.794 -0.108 |      1.146     -0.125      9.390    0.412 |      0.028     -0.017      3.112 |
  769 |    21 -          g | 73 |  540  616  981  981 |  2  1 |   2.249      1.563 -1.989 |     -0.912     -2.056      5.134    0.516 |      0.028     -0.017      3.112 |
  770 |    21 -          g | 73 |  583  620  984  984 |  2  1 |   2.938      2.320  2.675 |     -2.624      1.322     14.812    0.570 |      0.028     -0.017      3.112 |
  771 |    21 -          g | 73 |  564  569  973  973 |  2  1 |   2.645      1.306  0.757 |      1.923      1.816      4.524    0.590 |      0.028     -0.017      3.112 |
  772 |    21 -          g | 73 |  660  723 1050 1050 |  2  1 |   0.584      4.305 -2.054 |     -0.271     -0.517     21.608    0.125 |      0.028     -0.017      3.112 |
  773 |    21 -          g | 73 |  688  698 1046 1046 |  2  1 |   0.602      7.165  0.483 |      0.533      0.280    389.188    0.129 |      0.028     -0.017      3.112 |
  774 |    21 -          g | 73 |  560  731 1039 1039 |  2  1 |   1.293      4.729  2.065 |     -0.613      1.138     73.196    0.265 |      0.028     -0.017      3.112 |
  775 |    21 -          g | 73 |  675  696 1040 1040 |  2  1 |   1.521      3.885  1.954 |     -0.569      1.411     37.008    0.281 |      0.028     -0.017      3.112 |
  776 |    21 -          g | 73 |  664  714 1041 1041 |  2  1 |   1.326      3.722  0.307 |      1.264      0.401     27.410    0.354 |      0.028     -0.017      3.112 |
  777 |    21 -          g | 73 |  636  680 1042 1042 |  2  1 |   1.627      4.965  0.069 |      1.623      0.112    116.549    0.383 |      0.028     -0.017      3.112 |
  778 |    21 -          g | 73 |  559  612 1049 1049 |  2  1 |   1.213      4.520  3.117 |     -1.213      0.029     55.680    0.467 |      0.028     -0.017      3.112 |
  779 |    21 -          g | 73 |  542  579 1052 1052 |  2  1 |   2.280      2.839 -1.991 |     -0.929     -2.082     19.428    0.493 |      0.028     -0.017      3.112 |
  780 |    21 -          g | 73 |  561  710 1051 1051 |  2  1 |   1.740      3.740 -1.470 |      0.176     -1.731     36.620    0.536 |      0.028     -0.017      3.112 |
  781 |    21 -          g | 73 |  534  573  813  813 |  2  1 |   0.980     -1.150  0.876 |      0.628      0.753     -1.392    0.291 |      0.028     -0.017      3.112 |
  782 |    21 -          g | 73 |  552  582  869  869 |  2  1 |   1.778     -0.889  2.632 |     -1.553      0.867     -1.797    0.199 |      0.028     -0.017      3.112 |
  783 |    21 -          g | 73 |  551  640  786  786 |  2  1 |   1.684     -1.228 -1.747 |     -0.295     -1.658     -2.629    0.255 |      0.028     -0.017      3.112 |
  784 |    21 -          g | 73 |  567  706  867  867 |  2  1 |   2.995     -1.005 -2.908 |     -2.913     -0.694     -3.542    0.344 |      0.028     -0.017      3.112 |
  785 |    21 -          g | 73 |  570  598  871  871 |  2  1 |   2.830     -1.493  3.007 |     -2.804      0.379     -5.978    0.401 |      0.028     -0.017      3.112 |
  786 |    21 -          g | 73 |  609  783  864  864 |  2  1 |   1.975     -1.149 -1.743 |     -0.339     -1.946     -2.801    0.547 |      0.028     -0.017      3.112 |
  787 |    -3 -       sbar | 73 |  572  645  837  837 |  2  1 |   1.985      0.636 -1.983 |     -0.795     -1.818      1.348    0.708 |      0.028     -0.017      3.112 |
  788 |     3 -          s | 73 |  530  638  835  835 |  2  1 |  10.402      1.027  2.532 |     -8.527      5.958     12.667    0.757 |      0.028     -0.017      3.112 |
  789 |    21 -          g | 73 |  615  703  836  836 |  2  1 |   2.487      1.168  2.030 |     -1.103      2.229      3.611    0.404 |      0.028     -0.017      3.112 |
  790 |     2 -          u | 71 |  735  735  792  793 |  1  2 |   0.630      3.549  0.281 |      0.605      0.175     10.946    0.330 |      0.028     -0.017      3.112 |  LastCopy
  791 |    -1 -       dbar | 71 |  649  649  792  793 |  1  2 |   0.829      4.182 -0.306 |      0.790     -0.250     27.142    0.330 |      0.028     -0.017      3.112 |  LastCopy
  792 |   111 -        pi0 |  2 |  790  791 1427 1428 |  2  2 |   0.918      4.235 -0.271 |      0.885     -0.246     31.695    0.135 |      0.028     -0.017      3.112 |  FirstCopy  LastCopy  LastCopyBeforeFSR
  793 |   211 -        pi+ |  1 |  790  791   -1   -1 |  2  0 |   0.538      3.169  0.323 |      0.510      0.171      6.393    0.140 |      0.028     -0.017      3.112 |  PromptFinalState  FirstCopy  LastCopy
  794 |     1 -          d | 71 |  737  737  796  797 |  1  2 |   0.707      5.084  1.229 |      0.237      0.666     57.109    0.330 |      0.028     -0.017      3.112 |  LastCopy
  795 |    -3 -       sbar | 71 |  736  736  796  797 |  1  2 |   0.867      6.219  0.319 |      0.823      0.272    217.720    0.500 |      0.028     -0.017      3.112 |  LastCopy
  796 |  -213 -       rho- |  2 |  794  795 1230 1231 |  2  2 |   0.918      5.883  0.258 |      0.887      0.235    164.663    0.723 |      0.028     -0.017      3.112 |  FirstCopy  LastCopy
  797 |   321 -         K+ |  1 |  794  795   -1   -1 |  2  0 |   0.724      5.718  1.329 |      0.173      0.703    110.166    0.494 |      0.028     -0.017      3.112 |  PromptFinalState  FirstCopy  LastCopy
  798 |   223 -      omega |  2 |  692  693 1429 1431 |  2  3 |   0.344      2.882  0.892 |      0.216      0.268      3.056    0.809 |      0.028     -0.017      3.112 |  FirstCopy  LastCopy
  799 |  -211 -        pi- |  1 |  692  693   -1   -1 |  2  0 |   0.690      1.833  2.020 |     -0.299      0.621      2.100    0.140 |      0.028     -0.017      3.112 |  PromptFinalState  FirstCopy  LastCopy
  800 |     2 -          u | 71 |  689  689  802  804 |  1  3 |   1.904     -2.365  2.403 |     -1.408      1.282    -10.044    0.330 |      0.028     -0.017      3.112 |  LastCopy
  801 |    -2 -       ubar | 71 |  719  719  802  804 |  1  3 |   1.467     -2.186 -2.600 |     -1.257     -0.756     -6.443    0.330 |      0.028     -0.017      3.112 |  LastCopy
  802 |   211 -        pi+ |  1 |  800  801   -1   -1 |  2  0 |   1.222     -2.024  2.340 |     -0.850      0.877     -4.543    0.140 |      0.028     -0.017      3.112 |  PromptFinalState  FirstCopy  LastCopy
  803 |   111 -        pi0 |  2 |  800  801 1432 1433 |  2  2 |   1.809     -2.566 -3.001 |     -1.791     -0.254    -11.699    0.135 |      0.028     -0.017      3.112 |  FirstCopy  LastCopy  LastCopyBeforeFSR
  804 |  -211 -        pi- |  1 |  800  801   -1   -1 |  2  0 |   0.099     -1.631 -1.814 |     -0.024     -0.096     -0.244    0.140 |      0.028     -0.017      3.112 |  PromptFinalState  FirstCopy  LastCopy
  805 |  -211 -        pi- |  1 |  740  741   -1   -1 |  2  0 |   0.467     -0.706  1.885 |     -0.144      0.445     -0.358    0.140 |      0.028     -0.017      3.112 |  PromptFinalState  FirstCopy  LastCopy
  806 |   113 -       rho0 |  2 |  740  741 1232 1233 |  2  2 |   0.441     -3.582 -1.449 |      0.053     -0.438     -7.922    0.721 |      0.028     -0.017      3.112 |  FirstCopy  LastCopy
  807 |     2 -          u | 71 |  613  613  809  811 |  1  3 |   2.475     -3.834 -3.058 |     -2.467     -0.207    -57.227    0.330 |      0.028     -0.017      3.112 |  LastCopy
  808 |    -3 -       sbar | 71 |  622  622  809  811 |  1  3 |   0.847     -5.203  2.388 |     -0.618      0.579    -77.016    0.500 |      0.028     -0.017      3.112 |  LastCopy
  809 |   211 -        pi+ |  1 |  807  808   -1   -1 |  2  0 |   1.567     -4.006 -2.933 |     -1.533     -0.325    -43.034    0.140 |      0.028     -0.017      3.112 |  PromptFinalState  FirstCopy  LastCopy
  810 |  -213 -       rho- |  2 |  807  808 1234 1235 |  2  2 |   0.280     -5.252  2.845 |     -0.268      0.082    -26.751    0.831 |      0.028     -0.017      3.112 |  FirstCopy  LastCopy
  811 |   321 -         K+ |  1 |  807  808   -1   -1 |  2  0 |   1.423     -4.506  2.694 |     -1.283      0.615    -64.459    0.494 |      0.028     -0.017      3.112 |  PromptFinalState  FirstCopy  LastCopy
  812 |     2 -          u | 71 |  585  585  815  818 |  1  4 |   0.513      0.683  2.378 |     -0.370      0.355      0.378    0.330 |      0.028     -0.017      3.112 |  LastCopy
  813 |    21 -          g | 71 |  781  781  815  818 |  1  4 |   0.980     -1.150  0.876 |      0.628      0.753     -1.392    0.291 |      0.028     -0.017      3.112 |  LastCopy
  814 |    -2 -       ubar | 71 |  608  608  815  818 |  1  4 |   2.028     -0.901 -0.231 |      1.974     -0.464     -2.084    0.330 |      0.028     -0.017      3.112 |  LastCopy
  815 |   211 -        pi+ |  1 |  812  814   -1   -1 |  3  0 |   0.153      1.566  1.620 |     -0.007      0.153      0.350    0.140 |      0.028     -0.017      3.112 |  PromptFinalState  FirstCopy  LastCopy
  816 |  -211 -        pi- |  1 |  812  814   -1   -1 |  3  0 |   0.879     -0.383  1.635 |     -0.056      0.877     -0.345    0.140 |      0.028     -0.017      3.112 |  PromptFinalState  FirstCopy  LastCopy
  817 |   211 -        pi+ |  1 |  812  814   -1   -1 |  3  0 |   0.987     -1.266 -0.604 |      0.813     -0.560     -1.610    0.140 |      0.028     -0.017      3.112 |  PromptFinalState  FirstCopy  LastCopy
  818 |  -211 -        pi- |  1 |  812  814   -1   -1 |  3  0 |   1.492     -0.882  0.116 |      1.482      0.173     -1.493    0.140 |      0.028     -0.017      3.112 |  PromptFinalState  FirstCopy  LastCopy
  819 |     1 -          d | 71 |  627  627  821  823 |  1  3 |   1.751     -2.877  2.375 |     -1.261      1.214    -15.490    0.330 |      0.028     -0.017      3.112 |  LastCopy
  820 |    -1 -       dbar | 71 |  632  632  821  823 |  1  3 |   1.904     -0.844 -0.828 |      1.288     -1.403     -1.805    0.330 |      0.028     -0.017      3.112 |  LastCopy
  821 |  -211 -        pi- |  1 |  819  820   -1   -1 |  2  0 |   1.394     -2.975  2.331 |     -0.960      1.011    -13.616    0.140 |      0.028     -0.017      3.112 |  PromptFinalState  FirstCopy  LastCopy
  822 |  2212 -         p+ |  1 |  819  820   -1   -1 |  2  0 |   0.192     -2.677 -1.742 |     -0.033     -0.190     -1.392    0.938 |      0.028     -0.017      3.112 |  PromptFinalState  FirstCopy  LastCopy
  823 | -2112 -      nbar0 |  1 |  819  820   -1   -1 |  2  0 |   1.435     -1.245 -0.780 |      1.020     -1.009     -2.286    0.940 |      0.028     -0.017      3.112 |  PromptFinalState  FirstCopy  LastCopy
  824 |     5 -          b | 71 |  515  515  829  834 |  1  6 |  91.744     -1.570 -2.084 |    -45.021    -79.937   -210.898    4.800 |      0.028     -0.017      3.112 |  LastCopy
  825 |    21 -          g | 71 |  520  520  829  834 |  1  6 |  15.374     -1.579 -2.151 |     -8.422    -12.862    -35.699   -0.000 |      0.028     -0.017      3.112 |  LastCopy
  826 |    21 -          g | 71 |  523  523  829  834 |  1  6 |   2.919     -1.209 -2.130 |     -1.549     -2.474     -4.455    0.000 |      0.028     -0.017      3.112 |  LastCopy
  827 |    21 -          g | 71 |  518  518  829  834 |  1  6 |   0.550     -0.736 -2.594 |     -0.470     -0.286     -0.442   -0.000 |      0.028     -0.017      3.112 |  LastCopy
  828 |    -3 -       sbar | 71 |  516  516  829  834 |  1  6 |   3.510     -1.723 -1.963 |     -1.343     -3.242     -9.516    0.500 |      0.028     -0.017      3.112 |  LastCopy
  829 |  -521 -         B- |  2 |  824  828 1434 1436 |  5  3 |  94.279     -1.567 -2.092 |    -46.962    -81.750   -216.124    5.279 |      0.028     -0.017      3.112 |  FirstCopy  LastCopy
  830 |   111 -        pi0 |  2 |  824  828 1437 1438 |  5  2 |   7.166     -1.642 -2.108 |     -3.666     -6.157    -17.813    0.135 |      0.028     -0.017      3.112 |  FirstCopy  LastCopy  LastCopyBeforeFSR
  831 |   211 -        pi+ |  1 |  824  828   -1   -1 |  5  0 |   2.389     -1.150 -2.122 |     -1.250     -2.035     -3.395    0.140 |      0.028     -0.017      3.112 |  PromptFinalState  FirstCopy  LastCopy
  832 |   111 -        pi0 |  2 |  824  828 1439 1440 |  5  2 |   6.549     -1.624 -1.949 |     -2.417     -6.086    -15.960    0.135 |      0.028     -0.017      3.112 |  FirstCopy  LastCopy  LastCopyBeforeFSR
  833 |   111 -        pi0 |  2 |  824  828 1441 1442 |  5  2 |   2.835     -1.411 -2.301 |     -1.890     -2.113     -5.467    0.135 |      0.028     -0.017      3.112 |  FirstCopy  LastCopy  LastCopyBeforeFSR
  834 |   311 -         K0 |  2 |  824  828 1236 1236 |  5  1 |   0.906     -1.642 -2.325 |     -0.620     -0.661     -2.252    0.498 |      0.028     -0.017      3.112 |  FirstCopy  LastCopy
  835 |     3 -          s | 71 |  788  788  838  844 |  1  7 |  10.402      1.027  2.532 |     -8.527      5.958     12.667    0.757 |      0.028     -0.017      3.112 |  LastCopy
  836 |    21 -          g | 71 |  789  789  838  844 |  1  7 |   2.487      1.168  2.030 |     -1.103      2.229      3.611    0.404 |      0.028     -0.017      3.112 |  LastCopy
  837 |    -3 -       sbar | 71 |  787  787  838  844 |  1  7 |   1.985      0.636 -1.983 |     -0.795     -1.818      1.348    0.708 |      0.028     -0.017      3.112 |  LastCopy
  838 |  -321 -         K- |  1 |  835  837   -1   -1 |  3  0 |   5.778      1.014  2.517 |     -4.688      3.378      6.916    0.494 |      0.028     -0.017      3.112 |  PromptFinalState  FirstCopy  LastCopy
  839 |   211 -        pi+ |  1 |  835  837   -1   -1 |  3  0 |   0.509      1.403  2.639 |     -0.446      0.245      0.973    0.140 |      0.028     -0.017      3.112 |  PromptFinalState  FirstCopy  LastCopy
  840 |   111 -        pi0 |  2 |  835  837 1443 1444 |  3  2 |   3.908      0.932  2.314 |     -2.645      2.877      4.195    0.135 |      0.028     -0.017      3.112 |  FirstCopy  LastCopy  LastCopyBeforeFSR
  841 |  -211 -        pi- |  1 |  835  837   -1   -1 |  3  0 |   2.270      1.299  2.356 |     -1.605      1.605      3.849    0.140 |      0.028     -0.017      3.112 |  PromptFinalState  FirstCopy  LastCopy
  842 |   111 -        pi0 |  2 |  835  837 1445 1446 |  3  2 |   0.715      0.717 -2.122 |     -0.374     -0.609      0.557    0.135 |      0.028     -0.017      3.112 |  FirstCopy  LastCopy  LastCopyBeforeFSR
  843 |   111 -        pi0 |  2 |  835  837 1447 1448 |  3  2 |   0.561     -0.058 -2.276 |     -0.364     -0.427     -0.032    0.135 |      0.028     -0.017      3.112 |  FirstCopy  LastCopy  LastCopyBeforeFSR
  844 |   321 -         K+ |  1 |  835  837   -1   -1 |  3  0 |   0.764      1.211 -1.980 |     -0.303     -0.701      1.168    0.494 |      0.028     -0.017      3.112 |  PromptFinalState  FirstCopy  LastCopy
  845 |     3 -          s | 71 |  667  667  847  853 |  1  7 |   1.257     -5.309 -1.728 |     -0.197     -1.241   -127.010    0.500 |      0.028     -0.017      3.112 |  LastCopy
  846 |    -2 -       ubar | 71 |  548  548  847  853 |  1  7 |   3.726     -1.820 -2.177 |     -2.121     -3.063    -11.201    0.330 |      0.028     -0.017      3.112 |  LastCopy
  847 |  -313 -     K*bar0 |  2 |  845  846 1237 1238 |  2  2 |   1.042     -5.227 -1.520 |      0.053     -1.041    -97.074    0.932 |      0.028     -0.017      3.112 |  FirstCopy  LastCopy
  848 |  -211 -        pi- |  1 |  845  846   -1   -1 |  2  0 |   0.396     -3.295  2.514 |     -0.321      0.233     -5.338    0.140 |      0.028     -0.017      3.112 |  PromptFinalState  FirstCopy  LastCopy
  849 |   111 -        pi0 |  2 |  845  846 1449 1450 |  2  2 |   0.642     -4.112 -1.599 |     -0.018     -0.642    -19.607    0.135 |      0.028     -0.017      3.112 |  FirstCopy  LastCopy  LastCopyBeforeFSR
  850 |   113 -       rho0 |  2 |  845  846 1239 1240 |  2  2 |   0.519     -2.445 -2.829 |     -0.493     -0.159     -2.966    0.758 |      0.028     -0.017      3.112 |  FirstCopy  LastCopy
  851 |   321 -         K+ |  1 |  845  846   -1   -1 |  2  0 |   1.900     -2.192 -2.043 |     -0.864     -1.693     -8.403    0.494 |      0.028     -0.017      3.112 |  PromptFinalState  FirstCopy  LastCopy
  852 |  -311 -      Kbar0 |  2 |  845  846 1241 1241 |  2  1 |   0.749     -1.981 -1.921 |     -0.257     -0.703     -2.664    0.498 |      0.028     -0.017      3.112 |  FirstCopy  LastCopy
  853 |  -211 -        pi- |  1 |  845  846   -1   -1 |  2  0 |   0.515     -2.141 -2.523 |     -0.419     -0.298     -2.160    0.140 |      0.028     -0.017      3.112 |  PromptFinalState  FirstCopy  LastCopy
  854 |     2 -          u | 71 |  668  668  856  862 |  1  7 |   1.161     -7.858  1.444 |      0.147      1.151  -1501.563    0.330 |      0.028     -0.017      3.112 |  LastCopy
  855 |    -2 -       ubar | 71 |  633  633  856  862 |  1  7 |   1.841     -2.952  2.276 |     -1.193      1.402    -17.569    0.330 |      0.028     -0.017      3.112 |  LastCopy
  856 |  2212 -         p+ |  1 |  854  855   -1   -1 |  2  0 |   0.278     -8.003  0.965 |      0.158      0.228   -415.698    0.938 |      0.028     -0.017      3.112 |  PromptFinalState  FirstCopy  LastCopy
  857 | -2112 -      nbar0 |  1 |  854  855   -1   -1 |  2  0 |   1.133     -7.474  1.667 |     -0.109      1.128   -998.311    0.940 |      0.028     -0.017      3.112 |  PromptFinalState  FirstCopy  LastCopy
  858 |  -211 -        pi- |  1 |  854  855   -1   -1 |  2  0 |   0.432     -5.500 -0.983 |      0.240     -0.360    -52.842    0.140 |      0.028     -0.017      3.112 |  PromptFinalState  FirstCopy  LastCopy
  859 |   211 -        pi+ |  1 |  854  855   -1   -1 |  2  0 |   0.510     -2.757  2.397 |     -0.375      0.346     -4.003    0.140 |      0.028     -0.017      3.112 |  PromptFinalState  FirstCopy  LastCopy
  860 |   313 -        K*0 |  2 |  854  855 1242 1243 |  2  2 |   0.874     -4.242  2.167 |     -0.491      0.724    -30.401    0.893 |      0.028     -0.017      3.112 |  FirstCopy  LastCopy
  861 |  -311 -      Kbar0 |  2 |  854  855 1244 1244 |  2  1 |   0.313     -4.456  2.803 |     -0.295      0.104    -13.471    0.498 |      0.028     -0.017      3.112 |  FirstCopy  LastCopy
  862 |  -211 -        pi- |  1 |  854  855   -1   -1 |  2  0 |   0.421     -3.044  1.998 |     -0.174      0.383     -4.405    0.140 |      0.028     -0.017      3.112 |  PromptFinalState  FirstCopy  LastCopy
  863 |     3 -          s | 71 |  565  565  875  889 |  1 15 |   1.340      0.912 -2.948 |     -1.315     -0.258      1.399    0.500 |      0.028     -0.017      3.112 |  LastCopy
  864 |    21 -          g | 71 |  786  786  875  889 |  1 15 |   1.975     -1.149 -1.743 |     -0.339     -1.946     -2.801    0.547 |      0.028     -0.017      3.112 |  LastCopy
  865 |    21 -          g | 71 |  581  581  875  889 |  1 15 |   2.252     -1.323 -2.381 |     -1.631     -1.553     -3.927   -0.000 |      0.028     -0.017      3.112 |  LastCopy
  866 |    21 -          g | 71 |  533  533  875  889 |  1 15 |   2.210     -1.008 -2.337 |     -1.532     -1.593     -2.623    0.000 |      0.028     -0.017      3.112 |  LastCopy
  867 |    21 -          g | 71 |  784  784  875  889 |  1 15 |   2.995     -1.005 -2.908 |     -2.913     -0.694     -3.542    0.344 |      0.028     -0.017      3.112 |  LastCopy
  868 |    21 -          g | 71 |  595  595  875  889 |  1 15 |   1.034     -0.640 -2.754 |     -0.958     -0.391     -0.708   -0.000 |      0.028     -0.017      3.112 |  LastCopy
  869 |    21 -          g | 71 |  782  782  875  889 |  1 15 |   1.778     -0.889  2.632 |     -1.553      0.867     -1.797    0.199 |      0.028     -0.017      3.112 |  LastCopy
  870 |    21 -          g | 71 |  603  603  875  889 |  1 15 |   1.854     -1.162  2.503 |     -1.489      1.104     -2.673   -0.000 |      0.028     -0.017      3.112 |  LastCopy
  871 |    21 -          g | 71 |  785  785  875  889 |  1 15 |   2.830     -1.493  3.007 |     -2.804      0.379     -5.978    0.401 |      0.028     -0.017      3.112 |  LastCopy
  872 |    21 -          g | 71 |  546  546  875  889 |  1 15 |   1.717     -1.867  1.947 |     -0.631      1.597     -5.421   -0.000 |      0.028     -0.017      3.112 |  LastCopy
  873 |    21 -          g | 71 |  701  701  875  889 |  1 15 |   1.031     -2.290  1.140 |      0.431      0.937     -5.039   -0.000 |      0.028     -0.017      3.112 |  LastCopy
  874 |    -4 -       cbar | 71 |  637  637  875  889 |  1 15 |   0.771     -3.721  1.139 |      0.323      0.700    -15.906    1.500 |      0.028     -0.017      3.112 |  LastCopy
  875 |  -321 -         K- |  1 |  863  874   -1   -1 | 12  0 |   0.682      0.543 -2.871 |     -0.657     -0.182      0.389    0.494 |      0.028     -0.017      3.112 |  PromptFinalState  FirstCopy  LastCopy
  876 |   213 -       rho+ |  2 |  863  874 1245 1246 | 12  2 |   0.951      0.293 -2.810 |     -0.899     -0.310      0.282    1.004 |      0.028     -0.017      3.112 |  FirstCopy  LastCopy
  877 |  -213 -       rho- |  2 |  863  874 1247 1248 | 12  2 |   0.704     -0.954 -1.646 |     -0.053     -0.702     -0.778    0.838 |      0.028     -0.017      3.112 |  FirstCopy  LastCopy
  878 |   221 -        eta |  2 |  863  874 1451 1453 | 12  3 |   0.860     -1.257 -2.605 |     -0.739     -0.439     -1.389    0.548 |      0.028     -0.017      3.112 |  FirstCopy  LastCopy
  879 |   213 -       rho+ |  2 |  863  874 1249 1250 | 12  2 |   2.394     -1.115 -2.037 |     -1.076     -2.138     -3.256    0.750 |      0.028     -0.017      3.112 |  FirstCopy  LastCopy
  880 |   111 -        pi0 |  2 |  863  874 1454 1455 | 12  2 |   1.256     -1.286 -2.973 |     -1.238     -0.211     -2.097    0.135 |      0.028     -0.017      3.112 |  FirstCopy  LastCopy  LastCopyBeforeFSR
  881 |  -213 -       rho- |  2 |  863  874 1251 1252 | 12  2 |   2.354     -0.890 -2.543 |     -1.945     -1.326     -2.381    1.140 |      0.028     -0.017      3.112 |  FirstCopy  LastCopy
  882 |   331 -       eta' |  2 |  863  874 1456 1458 | 12  3 |   0.744     -1.532  3.030 |     -0.739      0.083     -1.641    0.958 |      0.028     -0.017      3.112 |  FirstCopy  LastCopy
  883 |   221 -        eta |  2 |  863  874 1459 1461 | 12  3 |   1.887     -1.227  2.980 |     -1.863      0.303     -2.943    0.548 |      0.028     -0.017      3.112 |  FirstCopy  LastCopy
  884 |   113 -       rho0 |  2 |  863  874 1253 1254 | 12  2 |   1.613     -1.582 -2.805 |     -1.522     -0.533     -3.759    0.774 |      0.028     -0.017      3.112 |  FirstCopy  LastCopy
  885 |   111 -        pi0 |  2 |  863  874 1462 1463 | 12  2 |   1.358     -0.907  2.598 |     -1.162      0.703     -1.408    0.135 |      0.028     -0.017      3.112 |  FirstCopy  LastCopy  LastCopyBeforeFSR
  886 |   223 -      omega |  2 |  863  874 1464 1466 | 12  3 |   1.832     -1.546  2.250 |     -1.150      1.426     -4.104    0.785 |      0.028     -0.017      3.112 |  FirstCopy  LastCopy
  887 |   113 -       rho0 |  2 |  863  874 1255 1256 | 12  2 |   1.245     -1.151  2.705 |     -1.128      0.527     -1.772    0.889 |      0.028     -0.017      3.112 |  FirstCopy  LastCopy
  888 |   113 -       rho0 |  2 |  863  874 1257 1258 | 12  2 |   0.778     -2.988 -3.112 |     -0.778     -0.023     -7.700    0.762 |      0.028     -0.017      3.112 |  FirstCopy  LastCopy
  889 |  -421 -      Dbar0 |  2 |  863  874 1467 1471 | 12  5 |   2.045     -2.782  1.305 |      0.538      1.973    -16.459    1.865 |      0.028     -0.017      3.112 |  FirstCopy  LastCopy
  890 |     4 -          c | 71 |  759  759  902  922 |  1 21 |   2.619     -2.662  1.678 |     -0.279      2.604    -18.670    2.041 |      0.028     -0.017      3.112 |  LastCopy
  891 |    21 -          g | 71 |  571  571  902  922 |  1 21 |   1.065     -3.499  1.773 |     -0.214      1.044    -17.615    0.000 |      0.028     -0.017      3.112 |  LastCopy
  892 |    21 -          g | 71 |  541  541  902  922 |  1 21 |   2.843     -2.893  2.831 |     -2.706      0.870    -25.569   -0.000 |      0.028     -0.017      3.112 |  LastCopy
  893 |    21 -          g | 71 |  756  756  902  922 |  1 21 |   2.235     -2.447 -2.608 |     -1.924     -1.136    -12.816    0.279 |      0.028     -0.017      3.112 |  LastCopy
  894 |    21 -          g | 71 |  753  753  902  922 |  1 21 |   1.041     -3.046 -2.511 |     -0.841     -0.614    -10.921    0.082 |      0.028     -0.017      3.112 |  LastCopy
  895 |    21 -          g | 71 |  758  758  902  922 |  1 21 |   1.360     -3.782 -1.836 |     -0.356     -1.313    -29.860    0.385 |      0.028     -0.017      3.112 |  LastCopy
  896 |    21 -          g | 71 |  757  757  902  922 |  1 21 |   0.298     -5.796 -2.274 |     -0.193     -0.227    -48.975    0.321 |      0.028     -0.017      3.112 |  LastCopy
  897 |    21 -          g | 71 |  754  754  902  922 |  1 21 |   2.023     -4.945  1.644 |     -0.149      2.017   -142.057    0.142 |      0.028     -0.017      3.112 |  LastCopy
  898 |    21 -          g | 71 |  727  727  902  922 |  1 21 |   0.331     -6.075  0.070 |      0.331      0.023    -72.053   -0.000 |      0.028     -0.017      3.112 |  LastCopy
  899 |    21 -          g | 71 |  707  707  902  922 |  1 21 |   1.026     -4.723 -0.176 |      1.010     -0.179    -57.674    0.000 |      0.028     -0.017      3.112 |  LastCopy
  900 |    21 -          g | 71 |  730  730  902  922 |  1 21 |   2.623     -4.427 -0.571 |      2.206     -1.418   -109.713    0.000 |      0.028     -0.017      3.112 |  LastCopy
  901 |    -2 -       ubar | 71 |  743  743  902  922 |  1 21 |   0.518     -5.509  0.495 |      0.456      0.246    -63.961    0.330 |      0.028     -0.017      3.112 |  LastCopy
  902 |   413 -        D*+ |  2 |  890  901 1472 1473 | 12  2 |   1.885     -3.023  1.813 |     -0.452      1.830    -19.329    2.010 |      0.028     -0.017      3.112 |  FirstCopy  LastCopy
  903 |  -211 -        pi- |  1 |  890  901   -1   -1 | 12  0 |   1.017     -2.585  1.374 |      0.199      0.997     -6.709    0.140 |      0.028     -0.017      3.112 |  PromptFinalState  FirstCopy  LastCopy
  904 |   111 -        pi0 |  2 |  890  901 1474 1475 | 12  2 |   0.309     -2.834  2.598 |     -0.264      0.160     -2.617    0.135 |      0.028     -0.017      3.112 |  FirstCopy  LastCopy  LastCopyBeforeFSR
  905 |   213 -       rho+ |  2 |  890  901 1259 1260 | 12  2 |   1.306     -2.932  2.818 |     -1.238      0.416    -12.223    0.755 |      0.028     -0.017      3.112 |  FirstCopy  LastCopy
  906 |  -211 -        pi- |  1 |  890  901   -1   -1 | 12  0 |   0.077     -3.164  2.039 |     -0.035      0.069     -0.915    0.140 |      0.028     -0.017      3.112 |  PromptFinalState  FirstCopy  LastCopy
  907 |   221 -        eta |  2 |  890  901 1476 1477 | 12  2 |   1.014     -2.783  2.417 |     -0.759      0.673     -8.170    0.548 |      0.028     -0.017      3.112 |  FirstCopy  LastCopy  LastCopyBeforeFSR
  908 |   211 -        pi+ |  1 |  890  901   -1   -1 | 12  0 |   1.824     -3.190 -2.590 |     -1.554     -0.957    -22.123    0.140 |      0.028     -0.017      3.112 |  PromptFinalState  FirstCopy  LastCopy
  909 |   223 -      omega |  2 |  890  901 1478 1480 | 12  3 |   0.851     -2.759  2.989 |     -0.841      0.129     -6.687    0.790 |      0.028     -0.017      3.112 |  FirstCopy  LastCopy
  910 |   221 -        eta |  2 |  890  901 1481 1483 | 12  3 |   0.951     -3.273 -2.569 |     -0.799     -0.515    -12.521    0.548 |      0.028     -0.017      3.112 |  FirstCopy  LastCopy
  911 |  -211 -        pi- |  1 |  890  901   -1   -1 | 12  0 |   0.219     -3.851 -2.252 |     -0.138     -0.170     -5.143    0.140 |      0.028     -0.017      3.112 |  PromptFinalState  FirstCopy  LastCopy
  912 |   111 -        pi0 |  2 |  890  901 1484 1485 | 12  2 |   0.324     -3.205 -1.513 |      0.019     -0.323     -3.982    0.135 |      0.028     -0.017      3.112 |  FirstCopy  LastCopy  LastCopyBeforeFSR
  913 |   211 -        pi+ |  1 |  890  901   -1   -1 | 12  0 |   1.052     -3.553 -2.724 |     -0.961     -0.427    -18.346    0.140 |      0.028     -0.017      3.112 |  PromptFinalState  FirstCopy  LastCopy
  914 |  -211 -        pi- |  1 |  890  901   -1   -1 | 12  0 |   0.773     -5.542  1.258 |      0.237      0.735    -98.534    0.140 |      0.028     -0.017      3.112 |  PromptFinalState  FirstCopy  LastCopy
  915 |   211 -        pi+ |  1 |  890  901   -1   -1 | 12  0 |   0.619     -4.591  0.207 |      0.606      0.127    -30.532    0.140 |      0.028     -0.017      3.112 |  PromptFinalState  FirstCopy  LastCopy
  916 |   223 -      omega |  2 |  890  901 1486 1488 | 12  3 |   0.550     -5.153 -1.510 |      0.034     -0.549    -47.602    0.780 |      0.028     -0.017      3.112 |  FirstCopy  LastCopy
  917 |  2112 -         n0 |  1 |  890  901   -1   -1 | 12  0 |   1.308     -4.917  0.326 |      1.239      0.419    -89.277    0.940 |      0.028     -0.017      3.112 |  PromptFinalState  FirstCopy  LastCopy
  918 | -2112 -      nbar0 |  1 |  890  901   -1   -1 | 12  0 |   0.248     -6.334 -2.203 |     -0.147     -0.200    -69.927    0.940 |      0.028     -0.017      3.112 |  PromptFinalState  FirstCopy  LastCopy
  919 |  -213 -       rho- |  2 |  890  901 1261 1262 | 12  2 |   1.297     -4.762 -0.057 |      1.295     -0.074    -75.822    0.725 |      0.028     -0.017      3.112 |  FirstCopy  LastCopy
  920 |   211 -        pi+ |  1 |  890  901   -1   -1 | 12  0 |   0.374     -5.058 -0.795 |      0.262     -0.267    -29.421    0.140 |      0.028     -0.017      3.112 |  PromptFinalState  FirstCopy  LastCopy
  921 |   111 -        pi0 |  2 |  890  901 1489 1490 | 12  2 |   0.372     -4.551 -0.072 |      0.371     -0.027    -17.596    0.135 |      0.028     -0.017      3.112 |  FirstCopy  LastCopy  LastCopyBeforeFSR
  922 |  -211 -        pi- |  1 |  890  901   -1   -1 | 12  0 |   0.299     -5.380 -0.453 |      0.268     -0.131    -32.410    0.140 |      0.028     -0.017      3.112 |  PromptFinalState  FirstCopy  LastCopy
  923 |     2 -          u | 71 |  711  711  925  934 |  1 10 |   0.073     -6.471  1.346 |      0.016      0.071    -23.661    0.330 |      0.028     -0.017      3.112 |  LastCopy
  924 |    -1 -       dbar | 71 |  733  733  925  934 |  1 10 |   0.565      4.519 -0.558 |      0.479     -0.299     25.920    0.330 |      0.028     -0.017      3.112 |  LastCopy
  925 |   111 -        pi0 |  2 |  923  924 1491 1492 |  2  2 |   0.130     -4.409 -1.554 |      0.002     -0.130     -5.325    0.135 |      0.028     -0.017      3.112 |  FirstCopy  LastCopy  LastCopyBeforeFSR
  926 |   213 -       rho+ |  2 |  923  924 1263 1264 |  2  2 |   0.144     -4.967  0.025 |      0.144      0.004    -10.316    0.765 |      0.028     -0.017      3.112 |  FirstCopy  LastCopy
  927 |  -211 -        pi- |  1 |  923  924   -1   -1 |  2  0 |   0.554     -1.847  1.906 |     -0.182      0.523     -1.712    0.140 |      0.028     -0.017      3.112 |  PromptFinalState  FirstCopy  LastCopy
  928 |   113 -       rho0 |  2 |  923  924 1265 1266 |  2  2 |   0.379     -3.242 -1.536 |      0.013     -0.379     -4.838    0.778 |      0.028     -0.017      3.112 |  FirstCopy  LastCopy
  929 |   211 -        pi+ |  1 |  923  924   -1   -1 |  2  0 |   0.408     -1.080 -1.549 |      0.009     -0.408     -0.532    0.140 |      0.028     -0.017      3.112 |  PromptFinalState  FirstCopy  LastCopy
  930 |   111 -        pi0 |  2 |  923  924 1493 1494 |  2  2 |   0.605      1.033  1.645 |     -0.045      0.603      0.742    0.135 |      0.028     -0.017      3.112 |  FirstCopy  LastCopy  LastCopyBeforeFSR
  931 |  -211 -        pi- |  1 |  923  924   -1   -1 |  2  0 |   0.185      1.491 -1.404 |      0.031     -0.183      0.391    0.140 |      0.028     -0.017      3.112 |  PromptFinalState  FirstCopy  LastCopy
  932 |   211 -        pi+ |  1 |  923  924   -1   -1 |  2  0 |   0.519     -0.806 -0.034 |      0.519     -0.017     -0.465    0.140 |      0.028     -0.017      3.112 |  PromptFinalState  FirstCopy  LastCopy
  933 |  -211 -        pi- |  1 |  923  924   -1   -1 |  2  0 |   0.615      2.886  3.003 |     -0.609      0.085      5.497    0.140 |      0.028     -0.017      3.112 |  PromptFinalState  FirstCopy  LastCopy
  934 |   213 -       rho+ |  2 |  923  924 1267 1268 |  2  2 |   0.696      3.991 -0.488 |      0.615     -0.326     18.816    0.830 |      0.028     -0.017      3.112 |  FirstCopy  LastCopy
  935 |     2 -          u | 71 |  684  684  937  950 |  1 14 |   1.238     -3.363 -3.006 |     -1.227     -0.167    -17.866    0.330 |      0.028     -0.017      3.112 |  LastCopy
  936 |    -3 -       sbar | 71 |  683  683  937  950 |  1 14 |   1.482      4.466 -0.140 |      1.468     -0.207     64.473    0.500 |      0.028     -0.017      3.112 |  LastCopy
  937 |   321 -         K+ |  1 |  935  936   -1   -1 |  2  0 |   0.408     -3.529  2.948 |     -0.400      0.078     -6.941    0.494 |      0.028     -0.017      3.112 |  PromptFinalState  FirstCopy  LastCopy
  938 |  -321 -         K- |  1 |  935  936   -1   -1 |  2  0 |   0.380     -2.679 -2.397 |     -0.280     -0.258     -2.756    0.494 |      0.028     -0.017      3.112 |  PromptFinalState  FirstCopy  LastCopy
  939 |   323 -        K*+ |  2 |  935  936 1269 1270 |  2  2 |   0.735     -2.694  2.064 |     -0.348      0.647     -5.407    1.181 |      0.028     -0.017      3.112 |  FirstCopy  LastCopy
  940 |  -321 -         K- |  1 |  935  936   -1   -1 |  2  0 |   0.943     -1.267 -1.774 |     -0.190     -0.923     -1.540    0.494 |      0.028     -0.017      3.112 |  PromptFinalState  FirstCopy  LastCopy
  941 |   213 -       rho+ |  2 |  935  936 1271 1272 |  2  2 |   0.136      2.094  1.152 |      0.056      0.125      0.546    0.736 |      0.028     -0.017      3.112 |  FirstCopy  LastCopy
  942 |  -211 -        pi- |  1 |  935  936   -1   -1 |  2  0 |   0.130     -0.545  2.227 |     -0.079      0.103     -0.074    0.140 |      0.028     -0.017      3.112 |  PromptFinalState  FirstCopy  LastCopy
  943 |   211 -        pi+ |  1 |  935  936   -1   -1 |  2  0 |   0.360     -0.578  1.118 |      0.158      0.324     -0.220    0.140 |      0.028     -0.017      3.112 |  PromptFinalState  FirstCopy  LastCopy
  944 |   223 -      omega |  2 |  935  936 1495 1497 |  2  3 |   0.787      2.201 -1.394 |      0.138     -0.774      3.511    0.790 |      0.028     -0.017      3.112 |  FirstCopy  LastCopy
  945 |  -211 -        pi- |  1 |  935  936   -1   -1 |  2  0 |   0.234      2.080  1.851 |     -0.065      0.225      0.923    0.140 |      0.028     -0.017      3.112 |  PromptFinalState  FirstCopy  LastCopy
  946 |   113 -       rho0 |  2 |  935  936 1273 1274 |  2  2 |   0.013      5.978 -0.748 |      0.010     -0.009      2.659    0.689 |      0.028     -0.017      3.112 |  FirstCopy  LastCopy
  947 |   321 -         K+ |  1 |  935  936   -1   -1 |  2  0 |   0.591      1.892  2.213 |     -0.354      0.473      1.914    0.494 |      0.028     -0.017      3.112 |  PromptFinalState  FirstCopy  LastCopy
  948 |  -321 -         K- |  1 |  935  936   -1   -1 |  2  0 |   0.829      2.615 -0.536 |      0.713     -0.424      5.635    0.494 |      0.028     -0.017      3.112 |  PromptFinalState  FirstCopy  LastCopy
  949 |   221 -        eta |  2 |  935  936 1498 1500 |  2  3 |   0.186      3.997  1.554 |      0.003      0.186      5.072    0.548 |      0.028     -0.017      3.112 |  FirstCopy  LastCopy
  950 |   321 -         K+ |  1 |  935  936   -1   -1 |  2  0 |   0.892      4.576 -0.167 |      0.879     -0.149     43.285    0.494 |      0.028     -0.017      3.112 |  PromptFinalState  FirstCopy  LastCopy
  951 |     2 -          u | 71 |  679  679  953  962 |  1 10 |   0.962      6.335 -2.956 |     -0.946     -0.177    271.434    0.330 |      0.028     -0.017      3.112 |  LastCopy
  952 |    -2 -       ubar | 71 |  652  652  953  962 |  1 10 |   0.954     -2.631 -2.243 |     -0.594     -0.747     -6.593    0.330 |      0.028     -0.017      3.112 |  LastCopy
  953 |   111 -        pi0 |  2 |  951  952 1501 1502 |  2  2 |   0.296      5.640  0.701 |      0.226      0.191     41.712    0.135 |      0.028     -0.017      3.112 |  FirstCopy  LastCopy  LastCopyBeforeFSR
  954 |   213 -       rho+ |  2 |  951  952 1275 1276 |  2  2 |   1.013      5.956 -2.940 |     -0.993     -0.203    195.567    1.031 |      0.028     -0.017      3.112 |  FirstCopy  LastCopy
  955 |   311 -         K0 |  2 |  951  952 1277 1277 |  2  1 |   0.380      4.886  2.860 |     -0.365      0.106     25.186    0.498 |      0.028     -0.017      3.112 |  FirstCopy  LastCopy
  956 |  3122 -    Lambda0 |  1 |  951  952   -1   -1 |  2  0 |   0.572      3.028 -0.482 |      0.507     -0.265      5.891    1.116 |      0.028     -0.017      3.112 |  PromptFinalState  FirstCopy  LastCopy
  957 | -2212 -      pbar- |  1 |  951  952   -1   -1 |  2  0 |   0.420      2.185  2.392 |     -0.308      0.286      1.844    0.938 |      0.028     -0.017      3.112 |  PromptFinalState  FirstCopy  LastCopy
  958 |   321 -         K+ |  1 |  951  952   -1   -1 |  2  0 |   0.115      2.020 -1.173 |      0.044     -0.106      0.424    0.494 |      0.028     -0.017      3.112 |  PromptFinalState  FirstCopy  LastCopy
  959 |  -313 -     K*bar0 |  2 |  951  952 1278 1279 |  2  2 |   0.348     -1.334 -2.404 |     -0.258     -0.234     -0.615    0.863 |      0.028     -0.017      3.112 |  FirstCopy  LastCopy
  960 |  -211 -        pi- |  1 |  951  952   -1   -1 |  2  0 |   0.453     -1.011 -0.589 |      0.376     -0.252     -0.540    0.140 |      0.028     -0.017      3.112 |  PromptFinalState  FirstCopy  LastCopy
  961 |   213 -       rho+ |  2 |  951  952 1280 1281 |  2  2 |   0.237     -2.342  2.347 |     -0.166      0.169     -1.218    0.798 |      0.028     -0.017      3.112 |  FirstCopy  LastCopy
  962 |  -211 -        pi- |  1 |  951  952   -1   -1 |  2  0 |   0.864     -2.082 -2.346 |     -0.605     -0.617     -3.411    0.140 |      0.028     -0.017      3.112 |  PromptFinalState  FirstCopy  LastCopy
  963 |     1 -          d | 71 |  521  521  965  968 |  1  4 |   0.908      0.772 -0.424 |      0.827     -0.373      0.773    0.330 |      0.028     -0.017      3.112 |  LastCopy
  964 |    -5 -       bbar | 71 |  514  514  965  968 |  1  4 | 116.356     -3.748  1.011 |     61.748     98.620  -2467.169    4.800 |      0.028     -0.017      3.112 |  LastCopy
  965 |  -211 -        pi- |  1 |  963  964   -1   -1 |  2  0 |   0.955      0.711 -0.399 |      0.880     -0.372      0.738    0.140 |      0.028     -0.017      3.112 |  PromptFinalState  FirstCopy  LastCopy
  966 |   321 -         K+ |  1 |  963  964   -1   -1 |  2  0 |   0.518     -2.872  1.855 |     -0.145      0.497     -4.564    0.494 |      0.028     -0.017      3.112 |  PromptFinalState  FirstCopy  LastCopy
  967 |  -323 -        K*- |  2 |  963  964 1282 1283 |  2  2 |   1.823     -3.874  0.886 |      1.154      1.411    -43.866    0.934 |      0.028     -0.017      3.112 |  FirstCopy  LastCopy
  968 |   523 -        B*+ |  2 |  963  964 1503 1504 |  2  2 | 114.174     -3.747  1.010 |     60.687     96.710  -2418.704    5.325 |      0.028     -0.017      3.112 |  FirstCopy  LastCopy  LastCopyBeforeFSR
  969 |     2 -          u | 71 |  760  760  988 1025 |  1 38 |   2.226     -0.420  0.982 |      1.236      1.851     -0.962    0.491 |      0.028     -0.017      3.112 |  LastCopy
  970 |    21 -          g | 71 |  547  547  988 1025 |  1 38 |   5.414     -0.486 -0.242 |      5.256     -1.298     -2.737    0.000 |      0.028     -0.017      3.112 |  LastCopy
  971 |    21 -          g | 71 |  763  763  988 1025 |  1 38 |   0.872      0.597  0.083 |      0.869      0.072      0.552    0.240 |      0.028     -0.017      3.112 |  LastCopy
  972 |    21 -          g | 71 |  591  591  988 1025 |  1 38 |   0.912      0.065  1.757 |     -0.169      0.896      0.060    0.000 |      0.028     -0.017      3.112 |  LastCopy
  973 |    21 -          g | 71 |  771  771  988 1025 |  1 38 |   2.645      1.306  0.757 |      1.923      1.816      4.524    0.590 |      0.028     -0.017      3.112 |  LastCopy
  974 |    21 -          g | 71 |  765  765  988 1025 |  1 38 |   4.961      2.093  0.788 |      3.498      3.518     19.803    0.385 |      0.028     -0.017      3.112 |  LastCopy
  975 |    21 -          g | 71 |  768  768  988 1025 |  1 38 |   1.153      2.794 -0.108 |      1.146     -0.125      9.390    0.412 |      0.028     -0.017      3.112 |  LastCopy
  976 |    21 -          g | 71 |  607  607  988 1025 |  1 38 |   2.995      2.640 -0.821 |      2.040     -2.192     20.880    0.000 |      0.028     -0.017      3.112 |  LastCopy
  977 |    21 -          g | 71 |  761  761  988 1025 |  1 38 |   5.636      1.252 -0.833 |      3.790     -4.172      9.048    0.216 |      0.028     -0.017      3.112 |  LastCopy
  978 |    21 -          g | 71 |  532  532  988 1025 |  1 38 |   3.609      1.504 -0.581 |      3.017     -1.979      7.722    0.000 |      0.028     -0.017      3.112 |  LastCopy
  979 |    21 -          g | 71 |  764  764  988 1025 |  1 38 |   3.210      1.372 -1.323 |      0.789     -3.111      5.921    0.241 |      0.028     -0.017      3.112 |  LastCopy
  980 |    21 -          g | 71 |  697  697  988 1025 |  1 38 |   1.227      1.654 -1.338 |      0.283     -1.194      3.091    0.000 |      0.028     -0.017      3.112 |  LastCopy
  981 |    21 -          g | 71 |  769  769  988 1025 |  1 38 |   2.249      1.563 -1.989 |     -0.912     -2.056      5.134    0.516 |      0.028     -0.017      3.112 |  LastCopy
  982 |    21 -          g | 71 |  766  766  988 1025 |  1 38 |   2.256      1.564  2.795 |     -2.122      0.767      5.156    0.407 |      0.028     -0.017      3.112 |  LastCopy
  983 |    21 -          g | 71 |  550  550  988 1025 |  1 38 |   1.880      2.192 -3.123 |     -1.879     -0.034      8.313    0.000 |      0.028     -0.017      3.112 |  LastCopy
  984 |    21 -          g | 71 |  770  770  988 1025 |  1 38 |   2.938      2.320  2.675 |     -2.624      1.322     14.812    0.570 |      0.028     -0.017      3.112 |  LastCopy
  985 |    21 -          g | 71 |  597  597  988 1025 |  1 38 |   1.316      3.163 -2.850 |     -1.260     -0.378     15.519    0.000 |      0.028     -0.017      3.112 |  LastCopy
  986 |    21 -          g | 71 |  539  539  988 1025 |  1 38 |   5.923      3.267  1.882 |     -1.812      5.639     77.543   -0.000 |      0.028     -0.017      3.112 |  LastCopy
  987 |    -2 -       ubar | 71 |  767  767  988 1025 |  1 38 |   5.392      3.466  1.558 |      0.070      5.392     86.208    0.900 |      0.028     -0.017      3.112 |  LastCopy
  988 |   211 -        pi+ |  1 |  969  987   -1   -1 | 19  0 |   0.158      0.596  1.055 |      0.078      0.138      0.100    0.140 |      0.028     -0.017      3.112 |  PromptFinalState  FirstCopy  LastCopy
  989 |   111 -        pi0 |  2 |  969  987 1505 1506 | 19  2 |   1.308     -0.693  0.526 |      1.131      0.656     -0.980    0.135 |      0.028     -0.017      3.112 |  FirstCopy  LastCopy  LastCopyBeforeFSR
  990 |  -211 -        pi- |  1 |  969  987   -1   -1 | 19  0 |   0.983     -0.361  0.683 |      0.763      0.620     -0.363    0.140 |      0.028     -0.017      3.112 |  PromptFinalState  FirstCopy  LastCopy
  991 |   211 -        pi+ |  1 |  969  987   -1   -1 | 19  0 |   0.406     -0.437  0.011 |      0.406      0.004     -0.183    0.140 |      0.028     -0.017      3.112 |  PromptFinalState  FirstCopy  LastCopy
  992 |  -213 -       rho- |  2 |  969  987 1284 1285 | 19  2 |   1.145     -0.530  0.170 |      1.129      0.194     -0.635    0.863 |      0.028     -0.017      3.112 |  FirstCopy  LastCopy
  993 |   111 -        pi0 |  2 |  969  987 1507 1508 | 19  2 |   0.321     -0.083 -1.716 |     -0.046     -0.317     -0.027    0.135 |      0.028     -0.017      3.112 |  FirstCopy  LastCopy  LastCopyBeforeFSR
  994 |   211 -        pi+ |  1 |  969  987   -1   -1 | 19  0 |   2.273     -0.290 -0.141 |      2.250     -0.319     -0.669    0.140 |      0.028     -0.017      3.112 |  PromptFinalState  FirstCopy  LastCopy
  995 |   223 -      omega |  2 |  969  987 1509 1511 | 19  3 |   0.689     -0.667 -0.082 |      0.687     -0.056     -0.494    0.839 |      0.028     -0.017      3.112 |  FirstCopy  LastCopy
  996 |   111 -        pi0 |  2 |  969  987 1512 1513 | 19  2 |   0.225      0.469 -0.202 |      0.221     -0.045      0.110    0.135 |      0.028     -0.017      3.112 |  FirstCopy  LastCopy  LastCopyBeforeFSR
  997 |   223 -      omega |  2 |  969  987 1514 1516 | 19  3 |   1.034      0.455  0.663 |      0.815      0.636      0.487    0.784 |      0.028     -0.017      3.112 |  FirstCopy  LastCopy
  998 |  2212 -         p+ |  1 |  969  987   -1   -1 | 19  0 |   0.656      1.605  0.615 |      0.536      0.379      1.568    0.938 |      0.028     -0.017      3.112 |  PromptFinalState  FirstCopy  LastCopy
  999 | -3224 - Sigma*bar- |  2 |  969  987 1286 1287 | 19  2 |   1.690      1.520  1.064 |      0.820      1.478      3.679    1.314 |      0.028     -0.017      3.112 |  FirstCopy  LastCopy
 1000 |  -323 -        K*- |  2 |  969  987 1288 1289 | 19  2 |   1.815      2.263  0.439 |      1.643      0.771      8.626    0.698 |      0.028     -0.017      3.112 |  FirstCopy  LastCopy
 1001 |   223 -      omega |  2 |  969  987 1517 1519 | 19  3 |   1.574      1.973  0.629 |      1.272      0.926      5.551    0.783 |      0.028     -0.017      3.112 |  FirstCopy  LastCopy
 1002 |   331 -       eta' |  2 |  969  987 1520 1522 | 19  3 |   1.343      2.103  0.950 |      0.781      1.092      5.414    0.959 |      0.028     -0.017      3.112 |  FirstCopy  LastCopy
 1003 |   211 -        pi+ |  1 |  969  987   -1   -1 | 19  0 |   0.906      2.470 -0.163 |      0.894     -0.147      5.316    0.140 |      0.028     -0.017      3.112 |  PromptFinalState  FirstCopy  LastCopy
 1004 |   113 -       rho0 |  2 |  969  987 1290 1291 | 19  2 |   0.635      3.307 -0.332 |      0.601     -0.207      8.662    0.807 |      0.028     -0.017      3.112 |  FirstCopy  LastCopy
 1005 |  -211 -        pi- |  1 |  969  987   -1   -1 | 19  0 |   0.853      1.231 -0.432 |      0.774     -0.357      1.336    0.140 |      0.028     -0.017      3.112 |  PromptFinalState  FirstCopy  LastCopy
 1006 |   331 -       eta' |  2 |  969  987 1523 1525 | 19  3 |   1.480      2.480 -0.362 |      1.384     -0.524      8.777    0.958 |      0.028     -0.017      3.112 |  FirstCopy  LastCopy
 1007 |   221 -        eta |  2 |  969  987 1526 1528 | 19  3 |   0.997      2.000 -1.363 |      0.206     -0.975      3.615    0.548 |      0.028     -0.017      3.112 |  FirstCopy  LastCopy  LastCopyBeforeFSR
 1008 |   113 -       rho0 |  2 |  969  987 1292 1293 | 19  2 |   1.607      1.720 -0.765 |      1.160     -1.112      4.344    0.694 |      0.028     -0.017      3.112 |  FirstCopy  LastCopy
 1009 |   223 -      omega |  2 |  969  987 1529 1531 | 19  3 |   2.503      1.632 -0.684 |      1.940     -1.581      6.157    0.783 |      0.028     -0.017      3.112 |  FirstCopy  LastCopy
 1010 |   213 -       rho+ |  2 |  969  987 1294 1295 | 19  2 |   3.963      1.248 -0.848 |      2.621     -2.973      6.331    0.807 |      0.028     -0.017      3.112 |  FirstCopy  LastCopy
 1011 |  -213 -       rho- |  2 |  969  987 1296 1297 | 19  2 |   1.640      1.636 -1.192 |      0.606     -1.524      4.049    0.700 |      0.028     -0.017      3.112 |  FirstCopy  LastCopy
 1012 |   211 -        pi+ |  1 |  969  987   -1   -1 | 19  0 |   0.922      2.013 -1.666 |     -0.088     -0.918      3.391    0.140 |      0.028     -0.017      3.112 |  PromptFinalState  FirstCopy  LastCopy
 1013 |  -211 -        pi- |  1 |  969  987   -1   -1 | 19  0 |   0.442      0.927 -2.071 |     -0.212     -0.388      0.471    0.140 |      0.028     -0.017      3.112 |  PromptFinalState  FirstCopy  LastCopy
 1014 |   111 -        pi0 |  2 |  969  987 1532 1533 | 19  2 |   0.647      1.364 -1.489 |      0.053     -0.645      1.183    0.135 |      0.028     -0.017      3.112 |  FirstCopy  LastCopy  LastCopyBeforeFSR
 1015 |   111 -        pi0 |  2 |  969  987 1534 1535 | 19  2 |   0.685      2.458 -0.415 |      0.627     -0.276      3.973    0.135 |      0.028     -0.017      3.112 |  FirstCopy  LastCopy  LastCopyBeforeFSR
 1016 |  3122 -    Lambda0 |  1 |  969  987   -1   -1 | 19  0 |   1.749      1.425 -2.137 |     -0.938     -1.475      3.426    1.116 |      0.028     -0.017      3.112 |  PromptFinalState  FirstCopy  LastCopy
 1017 |   221 -        eta |  2 |  969  987 1536 1538 | 19  3 |   0.796      1.383 -2.047 |     -0.365     -0.708      1.488    0.548 |      0.028     -0.017      3.112 |  FirstCopy  LastCopy
 1018 | -3112 -  Sigmabar+ |  1 |  969  987   -1   -1 | 19  0 |   3.485      2.188  2.911 |     -3.393      0.796     15.342    1.197 |      0.028     -0.017      3.112 |  PromptFinalState  FirstCopy  LastCopy
 1019 |   313 -        K*0 |  2 |  969  987 1298 1299 | 19  2 |   1.042      2.533  2.818 |     -0.988      0.332      6.524    0.872 |      0.028     -0.017      3.112 |  FirstCopy  LastCopy
 1020 |  -311 -      Kbar0 |  2 |  969  987 1300 1300 | 19  1 |   0.812      2.738  2.951 |     -0.797      0.154      6.251    0.498 |      0.028     -0.017      3.112 |  FirstCopy  LastCopy
 1021 |  2114 -     Delta0 |  2 |  969  987 1301 1302 | 19  2 |   1.145      3.225  2.662 |     -1.016      0.528     14.373    1.508 |      0.028     -0.017      3.112 |  FirstCopy  LastCopy
 1022 |   113 -       rho0 |  2 |  969  987 1303 1304 | 19  2 |   2.842      3.340  2.028 |     -1.254      2.551     40.065    1.048 |      0.028     -0.017      3.112 |  FirstCopy  LastCopy
 1023 | -2112 -      nbar0 |  1 |  969  987   -1   -1 | 19  0 |   1.298      3.602  1.596 |     -0.033      1.298     23.781    0.940 |      0.028     -0.017      3.112 |  PromptFinalState  FirstCopy  LastCopy
 1024 |   113 -       rho0 |  2 |  969  987 1305 1306 | 19  2 |   5.529      3.307  1.834 |     -1.438      5.338     75.351    0.879 |      0.028     -0.017      3.112 |  FirstCopy  LastCopy
 1025 |  -211 -        pi- |  1 |  969  987   -1   -1 | 19  0 |   1.423      3.502  1.352 |      0.310      1.389     23.587    0.140 |      0.028     -0.017      3.112 |  PromptFinalState  FirstCopy  LastCopy
 1026 |     3 -          s | 71 |  672  672 1028 1035 |  1  8 |   1.990     -5.105  2.835 |     -1.897      0.600   -163.986    0.500 |      0.028     -0.017      3.112 |  LastCopy
 1027 |    -1 -       dbar | 71 |  671  671 1028 1035 |  1  8 |   0.581      4.911 -3.102 |     -0.580     -0.023     39.395    0.330 |      0.028     -0.017      3.112 |  LastCopy
 1028 |  -311 -      Kbar0 |  2 | 1026 1027 1307 1307 |  2  1 |   1.557     -4.956  3.044 |     -1.550      0.152   -110.569    0.498 |      0.028     -0.017      3.112 |  FirstCopy  LastCopy
 1029 |   113 -       rho0 |  2 | 1026 1027 1308 1309 |  2  2 |   0.238     -5.363  0.227 |      0.232      0.054    -25.357    0.810 |      0.028     -0.017      3.112 |  FirstCopy  LastCopy
 1030 |  -211 -        pi- |  1 | 1026 1027   -1   -1 |  2  0 |   0.386     -4.856  2.699 |     -0.349      0.165    -24.788    0.140 |      0.028     -0.017      3.112 |  PromptFinalState  FirstCopy  LastCopy
 1031 |   213 -       rho+ |  2 | 1026 1027 1310 1311 |  2  2 |   0.214     -3.085  1.353 |      0.046      0.209     -2.340    0.735 |      0.028     -0.017      3.112 |  FirstCopy  LastCopy
 1032 |  -211 -        pi- |  1 | 1026 1027   -1   -1 |  2  0 |   0.622     -0.905  3.056 |     -0.620      0.053     -0.643    0.140 |      0.028     -0.017      3.112 |  PromptFinalState  FirstCopy  LastCopy
 1033 |   113 -       rho0 |  2 | 1026 1027 1312 1313 |  2  2 |   0.135      4.373 -1.297 |      0.036     -0.130      5.336    0.755 |      0.028     -0.017      3.112 |  FirstCopy  LastCopy
 1034 |  2114 -     Delta0 |  2 | 1026 1027 1314 1315 |  2  2 |   0.248      4.234  0.137 |      0.246      0.034      8.559    1.192 |      0.028     -0.017      3.112 |  FirstCopy  LastCopy
 1035 | -1114 -  Deltabar+ |  2 | 1026 1027 1316 1317 |  2  2 |   0.521      4.573  3.065 |     -0.519      0.040     25.210    1.336 |      0.028     -0.017      3.112 |  FirstCopy  LastCopy
 1036 |     2 -          u | 71 |  590  590 1056 1097 |  1 42 |   1.406      4.290  1.201 |      0.509      1.311     51.298    0.330 |      0.028     -0.017      3.112 |  LastCopy
 1037 |    21 -          g | 71 |  726  726 1056 1097 |  1 42 |   1.714      4.660  1.022 |      0.894      1.462     90.527   -0.000 |      0.028     -0.017      3.112 |  LastCopy
 1038 |    21 -          g | 71 |  718  718 1056 1097 |  1 42 |   1.648      4.986  1.186 |      0.618      1.527    120.512    0.000 |      0.028     -0.017      3.112 |  LastCopy
 1039 |    21 -          g | 71 |  774  774 1056 1097 |  1 42 |   1.293      4.729  2.065 |     -0.613      1.138     73.196    0.265 |      0.028     -0.017      3.112 |  LastCopy
 1040 |    21 -          g | 71 |  775  775 1056 1097 |  1 42 |   1.521      3.885  1.954 |     -0.569      1.411     37.008    0.281 |      0.028     -0.017      3.112 |  LastCopy
 1041 |    21 -          g | 71 |  776  776 1056 1097 |  1 42 |   1.326      3.722  0.307 |      1.264      0.401     27.410    0.354 |      0.028     -0.017      3.112 |  LastCopy
 1042 |    21 -          g | 71 |  777  777 1056 1097 |  1 42 |   1.627      4.965  0.069 |      1.623      0.112    116.549    0.383 |      0.028     -0.017      3.112 |  LastCopy
 1043 |    21 -          g | 71 |  648  648 1056 1097 |  1 42 |   1.316      5.875  2.367 |     -0.941      0.921    234.423    0.000 |      0.028     -0.017      3.112 |  LastCopy
 1044 |    21 -          g | 71 |  715  715 1056 1097 |  1 42 |   0.503      6.481 -2.882 |     -0.486     -0.129    164.094    0.000 |      0.028     -0.017      3.112 |  LastCopy
 1045 |    21 -          g | 71 |  558  558 1056 1097 |  1 42 |   2.021      6.786  0.863 |      1.314      1.535    894.265    0.000 |      0.028     -0.017      3.112 |  LastCopy
 1046 |    21 -          g | 71 |  773  773 1056 1097 |  1 42 |   0.602      7.165  0.483 |      0.533      0.280    389.188    0.129 |      0.028     -0.017      3.112 |  LastCopy
 1047 |    21 -          g | 71 |  619  619 1056 1097 |  1 42 |   4.784      6.043 -1.448 |      0.584     -4.749   1007.766    0.000 |      0.028     -0.017      3.112 |  LastCopy
 1048 |    21 -          g | 71 |  556  556 1056 1097 |  1 42 |   4.388      4.740 -2.712 |     -3.990     -1.827    251.118   -0.000 |      0.028     -0.017      3.112 |  LastCopy
 1049 |    21 -          g | 71 |  778  778 1056 1097 |  1 42 |   1.213      4.520  3.117 |     -1.213      0.029     55.680    0.467 |      0.028     -0.017      3.112 |  LastCopy
 1050 |    21 -          g | 71 |  772  772 1056 1097 |  1 42 |   0.584      4.305 -2.054 |     -0.271     -0.517     21.608    0.125 |      0.028     -0.017      3.112 |  LastCopy
 1051 |    21 -          g | 71 |  780  780 1056 1097 |  1 42 |   1.740      3.740 -1.470 |      0.176     -1.731     36.620    0.536 |      0.028     -0.017      3.112 |  LastCopy
 1052 |    21 -          g | 71 |  779  779 1056 1097 |  1 42 |   2.280      2.839 -1.991 |     -0.929     -2.082     19.428    0.493 |      0.028     -0.017      3.112 |  LastCopy
 1053 |    21 -          g | 71 |  517  517 1056 1097 |  1 42 |  12.348      1.572  1.816 |     -2.995     11.979     28.443   -0.000 |      0.028     -0.017      3.112 |  LastCopy
 1054 |    21 -          g | 71 |  526  526 1056 1097 |  1 42 |   2.640      0.950  1.531 |      0.105      2.638      2.904    0.000 |      0.028     -0.017      3.112 |  LastCopy
 1055 |    -1 -       dbar | 71 |  525  525 1056 1097 |  1 42 |   1.421      1.855  1.817 |     -0.346      1.378      4.428    0.330 |      0.028     -0.017      3.112 |  LastCopy
 1056 |   213 -       rho+ |  2 | 1036 1055 1318 1319 | 20  2 |   2.025      4.902  1.121 |      0.880      1.823    136.225    0.815 |      0.028     -0.017      3.112 |  FirstCopy  LastCopy
 1057 |   111 -        pi0 |  2 | 1036 1055 1539 1540 | 20  2 |   2.840      4.305  1.564 |      0.019      2.840    105.178    0.135 |      0.028     -0.017      3.112 |  FirstCopy  LastCopy  LastCopyBeforeFSR
 1058 |   111 -        pi0 |  2 | 1036 1055 1541 1542 | 20  2 |   0.335      4.627  1.098 |      0.153      0.299     17.148    0.135 |      0.028     -0.017      3.112 |  FirstCopy  LastCopy  LastCopyBeforeFSR
 1059 |   311 -         K0 |  2 | 1036 1055 1320 1320 | 20  1 |   0.355      5.482  1.814 |     -0.086      0.345     42.711    0.498 |      0.028     -0.017      3.112 |  FirstCopy  LastCopy
 1060 |  -323 -        K*- |  2 | 1036 1055 1321 1322 | 20  2 |   1.087      4.144  0.653 |      0.863      0.661     34.258    0.906 |      0.028     -0.017      3.112 |  FirstCopy  LastCopy
 1061 |   213 -       rho+ |  2 | 1036 1055 1323 1324 | 20  2 |   0.814      4.958  1.681 |     -0.090      0.809     57.912    0.783 |      0.028     -0.017      3.112 |  FirstCopy  LastCopy
 1062 |  2112 -         n0 |  1 | 1036 1055   -1   -1 | 20  0 |   0.644      5.300  0.688 |      0.497      0.409     64.487    0.940 |      0.028     -0.017      3.112 |  PromptFinalState  FirstCopy  LastCopy
 1063 | -3122 - Lambdabar0 |  1 | 1036 1055   -1   -1 | 20  0 |   0.517      5.163 -0.781 |      0.367     -0.364     45.138    1.116 |      0.028     -0.017      3.112 |  PromptFinalState  FirstCopy  LastCopy
 1064 |  -311 -      Kbar0 |  2 | 1036 1055 1325 1325 | 20  1 |   0.884      5.348  1.166 |      0.348      0.813     92.937    0.498 |      0.028     -0.017      3.112 |  FirstCopy  LastCopy
 1065 |  -211 -        pi- |  1 | 1036 1055   -1   -1 | 20  0 |   0.209      5.836  2.355 |     -0.147      0.148     35.728    0.140 |      0.028     -0.017      3.112 |  PromptFinalState  FirstCopy  LastCopy
 1066 |   111 -        pi0 |  2 | 1036 1055 1543 1544 | 20  2 |   0.410      6.486  2.165 |     -0.229      0.340    134.394    0.135 |      0.028     -0.017      3.112 |  FirstCopy  LastCopy  LastCopyBeforeFSR
 1067 |   213 -       rho+ |  2 | 1036 1055 1326 1327 | 20  2 |   0.609      6.449  0.040 |      0.609      0.024    192.629    0.687 |      0.028     -0.017      3.112 |  FirstCopy  LastCopy
 1068 |   223 -      omega |  2 | 1036 1055 1545 1547 | 20  3 |   0.442      6.710  0.942 |      0.260      0.358    181.614    0.785 |      0.028     -0.017      3.112 |  FirstCopy  LastCopy
 1069 |  -211 -        pi- |  1 | 1036 1055   -1   -1 | 20  0 |   0.228      7.068  1.257 |      0.070      0.217    133.629    0.140 |      0.028     -0.017      3.112 |  PromptFinalState  FirstCopy  LastCopy
 1070 |  2212 -         p+ |  1 | 1036 1055   -1   -1 | 20  0 |   0.515      7.003 -0.445 |      0.465     -0.222    283.264    0.938 |      0.028     -0.017      3.112 |  PromptFinalState  FirstCopy  LastCopy
 1071 | -2212 -      pbar- |  1 | 1036 1055   -1   -1 | 20  0 |   0.340      7.400 -3.096 |     -0.340     -0.015    278.553    0.938 |      0.028     -0.017      3.112 |  PromptFinalState  FirstCopy  LastCopy
 1072 |   211 -        pi+ |  1 | 1036 1055   -1   -1 | 20  0 |   0.550      6.867  1.659 |     -0.048      0.547    263.822    0.140 |      0.028     -0.017      3.112 |  PromptFinalState  FirstCopy  LastCopy
 1073 |  -211 -        pi- |  1 | 1036 1055   -1   -1 | 20  0 |   0.939      6.171 -0.450 |      0.845     -0.408    224.608    0.140 |      0.028     -0.017      3.112 |  PromptFinalState  FirstCopy  LastCopy
 1074 |   111 -        pi0 |  2 | 1036 1055 1548 1549 | 20  2 |   0.370      6.623 -2.412 |     -0.276     -0.247    139.404    0.135 |      0.028     -0.017      3.112 |  FirstCopy  LastCopy  LastCopyBeforeFSR
 1075 |   223 -      omega |  2 | 1036 1055 1550 1552 | 20  3 |   1.744      6.392 -1.542 |      0.051     -1.743    520.442    0.780 |      0.028     -0.017      3.112 |  FirstCopy  LastCopy
 1076 |   213 -       rho+ |  2 | 1036 1055 1328 1329 | 20  2 |   1.074      5.503 -1.196 |      0.393     -1.000    131.797    0.651 |      0.028     -0.017      3.112 |  FirstCopy  LastCopy
 1077 |  -211 -        pi- |  1 | 1036 1055   -1   -1 | 20  0 |   1.974      5.247 -2.462 |     -1.536     -1.240    187.590    0.140 |      0.028     -0.017      3.112 |  PromptFinalState  FirstCopy  LastCopy
 1078 |   321 -         K+ |  1 | 1036 1055   -1   -1 | 20  0 |   2.342      4.868 -2.698 |     -2.116     -1.004    152.203    0.494 |      0.028     -0.017      3.112 |  PromptFinalState  FirstCopy  LastCopy
 1079 |  -311 -      Kbar0 |  2 | 1036 1055 1330 1330 | 20  1 |   0.621      3.836 -2.118 |     -0.323     -0.531     14.393    0.498 |      0.028     -0.017      3.112 |  FirstCopy  LastCopy
 1080 |  -213 -       rho- |  2 | 1036 1055 1331 1332 | 20  2 |   0.791      4.708 -2.422 |     -0.595     -0.522     43.869    0.791 |      0.028     -0.017      3.112 |  FirstCopy  LastCopy
 1081 |   321 -         K+ |  1 | 1036 1055   -1   -1 | 20  0 |   0.534      3.766 -2.695 |     -0.482     -0.230     11.524    0.494 |      0.028     -0.017      3.112 |  PromptFinalState  FirstCopy  LastCopy
 1082 |  -313 -     K*bar0 |  2 | 1036 1055 1333 1334 | 20  2 |   0.655      3.855 -1.671 |     -0.065     -0.652     15.460    0.878 |      0.028     -0.017      3.112 |  FirstCopy  LastCopy
 1083 |   113 -       rho0 |  2 | 1036 1055 1335 1336 | 20  2 |   0.658      4.107 -2.590 |     -0.561     -0.345     19.998    0.773 |      0.028     -0.017      3.112 |  FirstCopy  LastCopy
 1084 |  -211 -        pi- |  1 | 1036 1055   -1   -1 | 20  0 |   0.432      2.907 -1.598 |     -0.012     -0.431      3.936    0.140 |      0.028     -0.017      3.112 |  PromptFinalState  FirstCopy  LastCopy
 1085 |   211 -        pi+ |  1 | 1036 1055   -1   -1 | 20  0 |   0.443      3.145  1.645 |     -0.033      0.442      5.129    0.140 |      0.028     -0.017      3.112 |  PromptFinalState  FirstCopy  LastCopy
 1086 |  -211 -        pi- |  1 | 1036 1055   -1   -1 | 20  0 |   0.401      3.114  0.535 |      0.345      0.204      4.498    0.140 |      0.028     -0.017      3.112 |  PromptFinalState  FirstCopy  LastCopy
 1087 |   211 -        pi+ |  1 | 1036 1055   -1   -1 | 20  0 |   1.608      2.515 -2.167 |     -0.903     -1.330      9.880    0.140 |      0.028     -0.017      3.112 |  PromptFinalState  FirstCopy  LastCopy
 1088 |   113 -       rho0 |  2 | 1036 1055 1337 1338 | 20  2 |   1.141      1.978  1.928 |     -0.399      1.069      4.047    0.797 |      0.028     -0.017      3.112 |  FirstCopy  LastCopy
 1089 |  -213 -       rho- |  2 | 1036 1055 1339 1340 | 20  2 |   0.869      2.590  1.184 |      0.328      0.804      5.760    0.647 |      0.028     -0.017      3.112 |  FirstCopy  LastCopy
 1090 |   221 -        eta |  2 | 1036 1055 1553 1555 | 20  3 |   0.586      1.512  1.747 |     -0.103      0.577      1.266    0.548 |      0.028     -0.017      3.112 |  FirstCopy  LastCopy
 1091 |   111 -        pi0 |  2 | 1036 1055 1556 1557 | 20  2 |   0.623      2.338  2.158 |     -0.345      0.519      3.199    0.135 |      0.028     -0.017      3.112 |  FirstCopy  LastCopy  LastCopyBeforeFSR
 1092 |   223 -      omega |  2 | 1036 1055 1558 1560 | 20  3 |   2.274      1.657  1.802 |     -0.520      2.214      5.744    0.788 |      0.028     -0.017      3.112 |  FirstCopy  LastCopy
 1093 |   211 -        pi+ |  1 | 1036 1055   -1   -1 | 20  0 |   0.359      0.828  2.377 |     -0.259      0.248      0.332    0.140 |      0.028     -0.017      3.112 |  PromptFinalState  FirstCopy  LastCopy
 1094 |  -211 -        pi- |  1 | 1036 1055   -1   -1 | 20  0 |   0.522      0.957  0.833 |      0.351      0.386      0.579    0.140 |      0.028     -0.017      3.112 |  PromptFinalState  FirstCopy  LastCopy
 1095 |   113 -       rho0 |  2 | 1036 1055 1341 1342 | 20  2 |   6.864      1.583  1.854 |     -1.915      6.592     16.000    0.823 |      0.028     -0.017      3.112 |  FirstCopy  LastCopy
 1096 |   111 -        pi0 |  2 | 1036 1055 1561 1562 | 20  2 |   0.678      1.034  1.566 |      0.003      0.678      0.833    0.135 |      0.028     -0.017      3.112 |  FirstCopy  LastCopy  LastCopyBeforeFSR
 1097 |   213 -       rho+ |  2 | 1036 1055 1343 1344 | 20  2 |   2.018      1.510  1.669 |     -0.197      2.008      4.346    0.907 |      0.028     -0.017      3.112 |  FirstCopy  LastCopy
 1098 |     2 -          u | 71 |  739  739 1100 1119 |  1 20 |   0.298     -7.686 -0.952 |      0.173     -0.243   -324.538    0.330 |      0.028     -0.017      3.112 |  LastCopy
 1099 |    -1 -       dbar | 71 |  738  738 1100 1119 |  1 20 |   0.402      5.324 -0.918 |      0.244     -0.319     41.265    0.330 |      0.028     -0.017      3.112 |  LastCopy
 1100 |   111 -        pi0 |  2 | 1098 1099 1563 1564 |  2  2 |   0.290     -6.187 -0.800 |      0.202     -0.208    -70.569    0.135 |      0.028     -0.017      3.112 |  FirstCopy  LastCopy  LastCopyBeforeFSR
 1101 |   211 -        pi+ |  1 | 1098 1099   -1   -1 |  2  0 |   0.064     -6.435 -1.185 |      0.024     -0.059    -19.988    0.140 |      0.028     -0.017      3.112 |  PromptFinalState  FirstCopy  LastCopy
 1102 |  -213 -       rho- |  2 | 1098 1099 1345 1346 |  2  2 |   0.160     -7.223 -2.371 |     -0.115     -0.111   -109.643    0.856 |      0.028     -0.017      3.112 |  FirstCopy  LastCopy
 1103 |   111 -        pi0 |  2 | 1098 1099 1565 1566 |  2  2 |   0.440     -4.183  0.400 |      0.405      0.171    -14.401    0.135 |      0.028     -0.017      3.112 |  FirstCopy  LastCopy  LastCopyBeforeFSR
 1104 |   221 -        eta |  2 | 1098 1099 1567 1569 |  2  3 |   0.624     -4.730  2.785 |     -0.584      0.218    -35.341    0.548 |      0.028     -0.017      3.112 |  FirstCopy  LastCopy
 1105 |   111 -        pi0 |  2 | 1098 1099 1570 1571 |  2  2 |   0.340     -5.855  1.400 |      0.058      0.335    -59.261    0.135 |      0.028     -0.017      3.112 |  FirstCopy  LastCopy  LastCopyBeforeFSR
 1106 |   221 -        eta |  2 | 1098 1099 1572 1574 |  2  3 |   0.497     -3.027 -0.473 |      0.443     -0.227     -5.116    0.548 |      0.028     -0.017      3.112 |  FirstCopy  LastCopy
 1107 |   211 -        pi+ |  1 | 1098 1099   -1   -1 |  2  0 |   0.741     -2.037 -1.740 |     -0.125     -0.731     -2.795    0.140 |      0.028     -0.017      3.112 |  PromptFinalState  FirstCopy  LastCopy
 1108 |   113 -       rho0 |  2 | 1098 1099 1347 1348 |  2  2 |   0.542     -2.830  2.223 |     -0.329      0.431     -4.577    0.744 |      0.028     -0.017      3.112 |  FirstCopy  LastCopy
 1109 |   111 -        pi0 |  2 | 1098 1099 1575 1576 |  2  2 |   0.440     -1.356  1.855 |     -0.123      0.422     -0.797    0.135 |      0.028     -0.017      3.112 |  FirstCopy  LastCopy  LastCopyBeforeFSR
 1110 |  -211 -        pi- |  1 | 1098 1099   -1   -1 |  2  0 |   0.693     -0.543 -0.799 |      0.484     -0.497     -0.396    0.140 |      0.028     -0.017      3.112 |  PromptFinalState  FirstCopy  LastCopy
 1111 |   113 -       rho0 |  2 | 1098 1099 1349 1350 |  2  2 |   0.425     -0.707  1.086 |      0.198      0.376     -0.326    0.592 |      0.028     -0.017      3.112 |  FirstCopy  LastCopy
 1112 |   223 -      omega |  2 | 1098 1099 1577 1579 |  2  3 |   0.448      1.129 -2.847 |     -0.429     -0.130      0.620    0.772 |      0.028     -0.017      3.112 |  FirstCopy  LastCopy
 1113 |   111 -        pi0 |  2 | 1098 1099 1580 1581 |  2  2 |   0.512      0.854 -0.839 |      0.342     -0.381      0.492    0.135 |      0.028     -0.017      3.112 |  FirstCopy  LastCopy  LastCopyBeforeFSR
 1114 |   111 -        pi0 |  2 | 1098 1099 1582 1583 |  2  2 |   0.124      3.908  0.435 |      0.113      0.052      3.094    0.135 |      0.028     -0.017      3.112 |  FirstCopy  LastCopy  LastCopyBeforeFSR
 1115 |   113 -       rho0 |  2 | 1098 1099 1351 1352 |  2  2 |   0.405      2.492 -2.309 |     -0.273     -0.300      2.431    0.746 |      0.028     -0.017      3.112 |  FirstCopy  LastCopy
 1116 |  3214 -    Sigma*0 |  2 | 1098 1099 1353 1354 |  2  2 |   0.475      3.241  1.616 |     -0.021      0.475      6.064    1.402 |      0.028     -0.017      3.112 |  FirstCopy  LastCopy
 1117 | -3114 - Sigma*bar+ |  2 | 1098 1099 1355 1356 |  2  2 |   0.376      3.078 -2.845 |     -0.360     -0.110      4.076    1.414 |      0.028     -0.017      3.112 |  FirstCopy  LastCopy
 1118 |  -211 -        pi- |  1 | 1098 1099   -1   -1 |  2  0 |   0.723      2.032 -0.381 |      0.671     -0.269      2.713    0.140 |      0.028     -0.017      3.112 |  PromptFinalState  FirstCopy  LastCopy
 1119 |   211 -        pi+ |  1 | 1098 1099   -1   -1 |  2  0 |   0.164      5.520 -3.027 |     -0.163     -0.019     20.449    0.140 |      0.028     -0.017      3.112 |  PromptFinalState  FirstCopy  LastCopy
 1120 |    21 -          g | 71 |  524  524 1126 1147 |  1 22 |   7.570     -1.979 -1.829 |     -1.934     -7.319    -26.864   -0.000 |      0.028     -0.017      3.112 |  LastCopy
 1121 |    21 -          g | 71 |  519  519 1126 1147 |  1 22 |   5.330     -1.865 -2.095 |     -2.668     -4.614    -16.789   -0.000 |      0.028     -0.017      3.112 |  LastCopy
 1122 |    21 -          g | 71 |  527  527 1126 1147 |  1 22 |   1.739     -1.745 -1.793 |     -0.383     -1.696     -4.829    0.000 |      0.028     -0.017      3.112 |  LastCopy
 1123 |     3 -          s | 71 |  522  522 1126 1147 |  1 22 |   4.400     -1.946 -1.171 |      1.712     -4.054    -15.083    0.500 |      0.028     -0.017      3.112 |  LastCopy
 1124 |     2 -          u | 71 |  744  744 1126 1147 |  1 22 |   0.169     -2.764 -0.840 |      0.113     -0.126     -1.337    0.330 |      0.028     -0.017      3.112 |  LastCopy
 1125 |     1 -          d | 71 |  734  734 1126 1147 |  1 22 |   0.626      6.741  2.283 |     -0.410      0.474    265.166    0.330 |      0.028     -0.017      3.112 |  LastCopy
 1126 |  -311 -      Kbar0 |  2 | 1120 1125 1357 1357 |  6  1 |   2.899     -2.029 -1.235 |      0.956     -2.736    -10.836    0.498 |      0.028     -0.017      3.112 |  FirstCopy  LastCopy
 1127 |   111 -        pi0 |  2 | 1120 1125 1584 1585 |  6  2 |   0.970     -1.547 -1.572 |     -0.001     -0.970     -2.174    0.135 |      0.028     -0.017      3.112 |  FirstCopy  LastCopy  LastCopyBeforeFSR
 1128 |  2112 -         n0 |  1 | 1120 1125   -1   -1 |  6  0 |   1.638     -2.095 -1.790 |     -0.356     -1.598     -6.555    0.940 |      0.028     -0.017      3.112 |  PromptFinalState  FirstCopy  LastCopy
 1129 | -2212 -      pbar- |  1 | 1120 1125   -1   -1 |  6  0 |   5.303     -1.978 -1.901 |     -1.718     -5.017    -18.805    0.938 |      0.028     -0.017      3.112 |  PromptFinalState  FirstCopy  LastCopy
 1130 |   113 -       rho0 |  2 | 1120 1125 1358 1359 |  6  2 |   1.357     -1.705 -1.632 |     -0.083     -1.355     -3.609    0.746 |      0.028     -0.017      3.112 |  FirstCopy  LastCopy
 1131 |   111 -        pi0 |  2 | 1120 1125 1586 1587 |  6  2 |   1.975     -1.886 -1.920 |     -0.675     -1.856     -6.359    0.135 |      0.028     -0.017      3.112 |  FirstCopy  LastCopy  LastCopyBeforeFSR
 1132 |   313 -        K*0 |  2 | 1120 1125 1360 1361 |  6  2 |   0.508      5.720  2.596 |     -0.434      0.264     77.372    0.879 |      0.028     -0.017      3.112 |  FirstCopy  LastCopy
 1133 |  -323 -        K*- |  2 | 1120 1125 1362 1363 |  6  2 |   0.165      6.660  0.805 |      0.114      0.119     64.421    0.866 |      0.028     -0.017      3.112 |  FirstCopy  LastCopy
 1134 |   321 -         K+ |  1 | 1120 1125   -1   -1 |  6  0 |   0.185      6.307  0.038 |      0.184      0.007     50.628    0.494 |      0.028     -0.017      3.112 |  PromptFinalState  FirstCopy  LastCopy
 1135 |  -321 -         K- |  1 | 1120 1125   -1   -1 |  6  0 |   0.559      4.473  2.477 |     -0.440      0.345     24.499    0.494 |      0.028     -0.017      3.112 |  PromptFinalState  FirstCopy  LastCopy
 1136 |   213 -       rho+ |  2 | 1120 1125 1364 1365 |  6  2 |   0.191      5.303 -0.777 |      0.136     -0.134     19.191    0.785 |      0.028     -0.017      3.112 |  FirstCopy  LastCopy
 1137 |  -213 -       rho- |  2 | 1120 1125 1366 1367 |  6  2 |   0.246      4.628 -1.840 |     -0.065     -0.237     12.576    0.665 |      0.028     -0.017      3.112 |  FirstCopy  LastCopy
 1138 |   213 -       rho+ |  2 | 1120 1125 1368 1369 |  6  2 |   0.113      4.638 -1.041 |      0.057     -0.098      5.836    0.735 |      0.028     -0.017      3.112 |  FirstCopy  LastCopy
 1139 |   311 -         K0 |  2 | 1120 1125 1370 1370 |  6  1 |   0.332      3.233  0.601 |      0.274      0.188      4.204    0.498 |      0.028     -0.017      3.112 |  FirstCopy  LastCopy
 1140 |  -313 -     K*bar0 |  2 | 1120 1125 1371 1372 |  6  2 |   0.160      4.073  1.823 |     -0.040      0.155      4.698    0.878 |      0.028     -0.017      3.112 |  FirstCopy  LastCopy
 1141 |  -211 -        pi- |  1 | 1120 1125   -1   -1 |  6  0 |   0.122     -0.352 -0.457 |      0.110     -0.054     -0.044    0.140 |      0.028     -0.017      3.112 |  PromptFinalState  FirstCopy  LastCopy
 1142 |   111 -        pi0 |  2 | 1120 1125 1588 1589 |  6  2 |   0.447      0.224 -2.183 |     -0.257     -0.366      0.101    0.135 |      0.028     -0.017      3.112 |  FirstCopy  LastCopy  LastCopyBeforeFSR
 1143 |   221 -        eta |  2 | 1120 1125 1590 1592 |  6  3 |   0.023      4.552 -2.715 |     -0.021     -0.010      1.103    0.548 |      0.028     -0.017      3.112 |  FirstCopy  LastCopy
 1144 |   211 -        pi+ |  1 | 1120 1125   -1   -1 |  6  0 |   0.237     -2.172  2.601 |     -0.204      0.122     -1.028    0.140 |      0.028     -0.017      3.112 |  PromptFinalState  FirstCopy  LastCopy
 1145 |  -211 -        pi- |  1 | 1120 1125   -1   -1 |  6  0 |   0.964     -1.950 -1.780 |     -0.200     -0.943     -3.320    0.140 |      0.028     -0.017      3.112 |  PromptFinalState  FirstCopy  LastCopy
 1146 |  2224 -    Delta++ |  2 | 1120 1125 1373 1374 |  6  2 |   2.795     -2.004 -1.833 |     -0.724     -2.700    -10.178    1.859 |      0.028     -0.017      3.112 |  FirstCopy  LastCopy
 1147 |   111 -        pi0 |  2 | 1120 1125 1593 1594 |  6  2 |   0.497     -1.797 -1.950 |     -0.184     -0.462     -1.457    0.135 |      0.028     -0.017      3.112 |  FirstCopy  LastCopy  LastCopyBeforeFSR
 1148 |     1 -          d | 71 |  663  663 1150 1166 |  1 17 |   0.529      6.984 -2.078 |     -0.257     -0.462    285.434    0.330 |      0.028     -0.017      3.112 |  LastCopy
 1149 |    -2 -       ubar | 71 |  742  742 1150 1166 |  1 17 |   0.496     -7.253 -0.151 |      0.490     -0.074   -350.239    0.330 |      0.028     -0.017      3.112 |  LastCopy
 1150 |   111 -        pi0 |  2 | 1148 1149 1595 1596 |  2  2 |   0.318      5.297 -2.500 |     -0.255     -0.191     31.777    0.135 |      0.028     -0.017      3.112 |  FirstCopy  LastCopy  LastCopyBeforeFSR
 1151 |  2112 -         n0 |  1 | 1148 1149   -1   -1 |  2  0 |   0.018      9.716  2.918 |     -0.018      0.004    151.229    0.940 |      0.028     -0.017      3.112 |  PromptFinalState  FirstCopy  LastCopy
 1152 |  -311 -      Kbar0 |  2 | 1148 1149 1375 1375 |  2  1 |   0.406      5.786 -2.599 |     -0.348     -0.210     66.135    0.498 |      0.028     -0.017      3.112 |  FirstCopy  LastCopy
 1153 | -3214 - Sigma*bar0 |  2 | 1148 1149 1376 1377 |  2  2 |   0.525      4.779 -0.435 |      0.476     -0.221     31.262    1.393 |      0.028     -0.017      3.112 |  FirstCopy  LastCopy
 1154 |  -211 -        pi- |  1 | 1148 1149   -1   -1 |  2  0 |   0.332      2.392  1.560 |      0.004      0.332      1.799    0.140 |      0.028     -0.017      3.112 |  PromptFinalState  FirstCopy  LastCopy
 1155 |   323 -        K*+ |  2 | 1148 1149 1378 1379 |  2  2 |   0.212      3.055 -2.054 |     -0.099     -0.188      2.247    0.835 |      0.028     -0.017      3.112 |  FirstCopy  LastCopy
 1156 |  -311 -      Kbar0 |  2 | 1148 1149 1380 1380 |  2  1 |   0.165      1.911  0.299 |      0.158      0.049      0.546    0.498 |      0.028     -0.017      3.112 |  FirstCopy  LastCopy
 1157 |   311 -         K0 |  2 | 1148 1149 1381 1381 |  2  1 |   0.291     -2.838 -1.554 |      0.005     -0.291     -2.474    0.498 |      0.028     -0.017      3.112 |  FirstCopy  LastCopy
 1158 |  -323 -        K*- |  2 | 1148 1149 1382 1383 |  2  2 |   0.303     -3.241  2.458 |     -0.235      0.191     -3.867    0.904 |      0.028     -0.017      3.112 |  FirstCopy  LastCopy
 1159 |   111 -        pi0 |  2 | 1148 1149 1597 1598 |  2  2 |   0.649     -1.918 -0.732 |      0.483     -0.434     -2.161    0.135 |      0.028     -0.017      3.112 |  FirstCopy  LastCopy  LastCopyBeforeFSR
 1160 |   223 -      omega |  2 | 1148 1149 1599 1601 |  2  3 |   0.470     -2.831  1.887 |     -0.146      0.447     -3.971    0.785 |      0.028     -0.017      3.112 |  FirstCopy  LastCopy
 1161 |   111 -        pi0 |  2 | 1148 1149 1602 1603 |  2  2 |   0.195     -3.547  2.473 |     -0.153      0.121     -3.391    0.135 |      0.028     -0.017      3.112 |  FirstCopy  LastCopy  LastCopyBeforeFSR
 1162 |   221 -        eta |  2 | 1148 1149 1604 1606 |  2  3 |   0.153     -5.454  0.415 |      0.140      0.062    -17.841    0.548 |      0.028     -0.017      3.112 |  FirstCopy  LastCopy
 1163 |  2112 -         n0 |  1 | 1148 1149   -1   -1 |  2  0 |   0.311     -4.859 -2.553 |     -0.259     -0.172    -20.031    0.940 |      0.028     -0.017      3.112 |  PromptFinalState  FirstCopy  LastCopy
 1164 |   211 -        pi+ |  1 | 1148 1149   -1   -1 |  2  0 |   0.216     -5.319  1.175 |      0.083      0.199    -22.011    0.140 |      0.028     -0.017      3.112 |  PromptFinalState  FirstCopy  LastCopy
 1165 | -2112 -      nbar0 |  1 | 1148 1149   -1   -1 |  2  0 |   0.263     -7.091 -0.580 |      0.220     -0.144   -157.954    0.940 |      0.028     -0.017      3.112 |  PromptFinalState  FirstCopy  LastCopy
 1166 |  -211 -        pi- |  1 | 1148 1149   -1   -1 |  2  0 |   0.199     -7.061 -0.469 |      0.178     -0.090   -116.098    0.140 |      0.028     -0.017      3.112 |  PromptFinalState  FirstCopy  LastCopy
 1167 |     2 -          u | 71 |  732  732 1170 1187 |  1 18 |   0.737      7.030 -0.104 |      0.733     -0.076    416.111    0.330 |      0.028     -0.017      3.112 |  LastCopy
 1168 |     2 -          u | 71 |  659  659 1170 1187 |  1 18 |   1.529      1.724  2.226 |     -0.932      1.212      4.151    0.330 |      0.028     -0.017      3.112 |  LastCopy
 1169 |     1 -          d | 71 |  557  557 1170 1187 |  1 18 |   5.304     -4.786  0.174 |      5.223      0.921   -317.883    0.330 |      0.028     -0.017      3.112 |  LastCopy
 1170 |   113 -       rho0 |  2 | 1167 1169 1384 1385 |  3  2 |   0.899      2.114  2.138 |     -0.483      0.758      3.670    0.808 |      0.028     -0.017      3.112 |  FirstCopy  LastCopy
 1171 |   211 -        pi+ |  1 | 1167 1169   -1   -1 |  3  0 |   0.174      6.800 -2.251 |     -0.110     -0.136     78.282    0.140 |      0.028     -0.017      3.112 |  PromptFinalState  FirstCopy  LastCopy
 1172 |  1114 -     Delta- |  2 | 1167 1169 1386 1387 |  3  2 |   0.793      6.242  0.713 |      0.600      0.519    203.685    1.430 |      0.028     -0.017      3.112 |  FirstCopy  LastCopy
 1173 |  -311 -      Kbar0 |  2 | 1167 1169 1388 1388 |  3  1 |   0.315      5.432 -1.672 |     -0.032     -0.313     35.980    0.498 |      0.028     -0.017      3.112 |  FirstCopy  LastCopy
 1174 | -3112 -  Sigmabar+ |  1 | 1167 1169   -1   -1 |  3  0 |   0.523      5.462 -0.831 |      0.353     -0.387     61.635    1.197 |      0.028     -0.017      3.112 |  PromptFinalState  FirstCopy  LastCopy
 1175 |   311 -         K0 |  2 | 1167 1169 1389 1389 |  3  1 |   0.315      5.127  2.055 |     -0.147      0.279     26.513    0.498 |      0.028     -0.017      3.112 |  FirstCopy  LastCopy
 1176 |  -211 -        pi- |  1 | 1167 1169   -1   -1 |  3  0 |   1.923     -4.550  0.165 |      1.897      0.316    -91.001    0.140 |      0.028     -0.017      3.112 |  PromptFinalState  FirstCopy  LastCopy
 1177 |   211 -        pi+ |  1 | 1167 1169   -1   -1 |  3  0 |   0.692     -5.500  0.530 |      0.597      0.349    -84.619    0.140 |      0.028     -0.017      3.112 |  PromptFinalState  FirstCopy  LastCopy
 1178 |  -211 -        pi- |  1 | 1167 1169   -1   -1 |  3  0 |   0.737     -3.835  0.139 |      0.730      0.102    -17.058    0.140 |      0.028     -0.017      3.112 |  PromptFinalState  FirstCopy  LastCopy
 1179 |   113 -       rho0 |  2 | 1167 1169 1390 1391 |  3  2 |   1.862     -4.864 -0.121 |      1.848     -0.225   -120.636    0.673 |      0.028     -0.017      3.112 |  FirstCopy  LastCopy
 1180 |   213 -       rho+ |  2 | 1167 1169 1392 1393 |  3  2 |   0.361     -2.777  1.306 |      0.094      0.348     -2.887    1.170 |      0.028     -0.017      3.112 |  FirstCopy  LastCopy
 1181 |   223 -      omega |  2 | 1167 1169 1607 1609 |  3  3 |   0.228     -1.693  2.822 |     -0.216      0.072     -0.598    0.782 |      0.028     -0.017      3.112 |  FirstCopy  LastCopy
 1182 |  -211 -        pi- |  1 | 1167 1169   -1   -1 |  3  0 |   0.106      0.799 -1.854 |     -0.030     -0.102      0.094    0.140 |      0.028     -0.017      3.112 |  PromptFinalState  FirstCopy  LastCopy
 1183 |   211 -        pi+ |  1 | 1167 1169   -1   -1 |  3  0 |   0.357      0.020  0.676 |      0.278      0.223      0.007    0.140 |      0.028     -0.017      3.112 |  PromptFinalState  FirstCopy  LastCopy
 1184 |  -211 -        pi- |  1 | 1167 1169   -1   -1 |  3  0 |   0.360     -0.097  1.461 |      0.039      0.358     -0.035    0.140 |      0.028     -0.017      3.112 |  PromptFinalState  FirstCopy  LastCopy
 1185 |   223 -      omega |  2 | 1167 1169 1610 1612 |  3  3 |   0.575      1.701 -1.942 |     -0.208     -0.536      1.522    0.797 |      0.028     -0.017      3.112 |  FirstCopy  LastCopy
 1186 |  2212 -         p+ |  1 | 1167 1169   -1   -1 |  3  0 |   0.388      2.143  1.646 |     -0.029      0.387      1.632    0.938 |      0.028     -0.017      3.112 |  PromptFinalState  FirstCopy  LastCopy
 1187 |  -313 -     K*bar0 |  2 | 1167 1169 1394 1395 |  3  2 |   0.162      4.335  2.874 |     -0.157      0.043      6.195    0.905 |      0.028     -0.017      3.112 |  FirstCopy  LastCopy
 1188 |     2 -          u | 71 |  657  657 1197 1229 |  1 33 |   2.820      6.654 -1.104 |      1.268     -2.518   1094.096    0.330 |      0.028     -0.017      3.112 |  LastCopy
 1189 |    21 -          g | 71 |  752  752 1197 1229 |  1 33 |   7.434     -3.787  0.449 |      6.696      3.228   -163.889    0.579 |      0.028     -0.017      3.112 |  LastCopy
 1190 |    21 -          g | 71 |  748  748 1197 1229 |  1 33 |   1.620     -3.279  0.273 |      1.560      0.436    -21.464    0.314 |      0.028     -0.017      3.112 |  LastCopy
 1191 |    21 -          g | 71 |  749  749 1197 1229 |  1 33 |   1.143     -2.626 -0.511 |      0.997     -0.559     -7.856    0.508 |      0.028     -0.017      3.112 |  LastCopy
 1192 |    21 -          g | 71 |  747  747 1197 1229 |  1 33 |   2.833     -1.299 -0.530 |      2.445     -1.432     -4.806    0.298 |      0.028     -0.017      3.112 |  LastCopy
 1193 |    21 -          g | 71 |  621  621 1197 1229 |  1 33 |   1.111     -1.271 -1.238 |      0.362     -1.050     -1.823    0.000 |      0.028     -0.017      3.112 |  LastCopy
 1194 |    21 -          g | 71 |  531  531 1197 1229 |  1 33 |   5.140     -1.662 -1.065 |      2.490     -4.497    -13.053   -0.000 |      0.028     -0.017      3.112 |  LastCopy
 1195 |    21 -          g | 71 |  685  685 1197 1229 |  1 33 |   0.614     -1.974 -0.891 |      0.386     -0.477     -2.165    0.000 |      0.028     -0.017      3.112 |  LastCopy
 1196 |    -2 -       ubar | 71 |  751  751 1197 1229 |  1 33 |   4.813     -3.072 -0.933 |      2.867     -3.866    -51.808    1.475 |      0.028     -0.017      3.112 |  LastCopy
 1197 |   213 -       rho+ |  2 | 1188 1196 1396 1397 |  9  2 |   0.916      7.039 -0.789 |      0.645     -0.651    522.582    0.889 |      0.028     -0.017      3.112 |  FirstCopy  LastCopy
 1198 |  2212 -         p+ |  1 | 1188 1196   -1   -1 |  9  0 |   1.645      5.896 -1.595 |     -0.040     -1.645    299.051    0.938 |      0.028     -0.017      3.112 |  PromptFinalState  FirstCopy  LastCopy
 1199 |  -321 -         K- |  1 | 1188 1196   -1   -1 |  9  0 |   0.816      5.963  0.226 |      0.795      0.183    158.529    0.494 |      0.028     -0.017      3.112 |  PromptFinalState  FirstCopy  LastCopy
 1200 | -3212 -  Sigmabar0 |  2 | 1188 1196 1613 1614 |  9  2 |   0.319      6.245  2.452 |     -0.246      0.203     82.252    1.193 |      0.028     -0.017      3.112 |  FirstCopy  LastCopy  LastCopyBeforeFSR
 1201 |  -211 -        pi- |  1 | 1188 1196   -1   -1 |  9  0 |   0.740      3.603 -1.943 |     -0.269     -0.689     13.560    0.140 |      0.028     -0.017      3.112 |  PromptFinalState  FirstCopy  LastCopy
 1202 |   111 -        pi0 |  2 | 1188 1196 1615 1616 |  9  2 |   0.477      3.330  0.978 |      0.266      0.396      6.652    0.135 |      0.028     -0.017      3.112 |  FirstCopy  LastCopy  LastCopyBeforeFSR
 1203 |   211 -        pi+ |  1 | 1188 1196   -1   -1 |  9  0 |   0.415      2.254 -0.292 |      0.397     -0.120      1.954    0.140 |      0.028     -0.017      3.112 |  PromptFinalState  FirstCopy  LastCopy
 1204 |  -213 -       rho- |  2 | 1188 1196 1398 1399 |  9  2 |   0.584      3.116 -3.095 |     -0.583     -0.027      6.568    1.087 |      0.028     -0.017      3.112 |  FirstCopy  LastCopy
 1205 |   213 -       rho+ |  2 | 1188 1196 1400 1401 |  9  2 |   0.399      1.041 -1.289 |      0.111     -0.383      0.495    0.879 |      0.028     -0.017      3.112 |  FirstCopy  LastCopy
 1206 |  -213 -       rho- |  2 | 1188 1196 1402 1403 |  9  2 |   0.257      2.436  1.538 |      0.009      0.257      1.456    1.036 |      0.028     -0.017      3.112 |  FirstCopy  LastCopy
 1207 |   111 -        pi0 |  2 | 1188 1196 1617 1618 |  9  2 |   0.181      0.765 -0.871 |      0.116     -0.138      0.152    0.135 |      0.028     -0.017      3.112 |  FirstCopy  LastCopy  LastCopyBeforeFSR
 1208 |   221 -        eta |  2 | 1188 1196 1619 1621 |  9  3 |   0.214     -2.814  1.141 |      0.089      0.194     -1.777    0.548 |      0.028     -0.017      3.112 |  FirstCopy  LastCopy  LastCopyBeforeFSR
 1209 |   211 -        pi+ |  1 | 1188 1196   -1   -1 |  9  0 |   0.238     -1.878  0.508 |      0.208      0.115     -0.759    0.140 |      0.028     -0.017      3.112 |  PromptFinalState  FirstCopy  LastCopy
 1210 |   113 -       rho0 |  2 | 1188 1196 1404 1405 |  9  2 |   0.598     -1.661 -0.742 |      0.441     -0.404     -1.517    0.461 |      0.028     -0.017      3.112 |  FirstCopy  LastCopy
 1211 |   223 -      omega |  2 | 1188 1196 1622 1624 |  9  3 |   0.308     -4.021  2.755 |     -0.286      0.116     -8.594    0.779 |      0.028     -0.017      3.112 |  FirstCopy  LastCopy
 1212 |   113 -       rho0 |  2 | 1188 1196 1406 1407 |  9  2 |   1.169     -3.223  0.831 |      0.788      0.863    -14.652    0.691 |      0.028     -0.017      3.112 |  FirstCopy  LastCopy
 1213 |   221 -        eta |  2 | 1188 1196 1625 1627 |  9  3 |   1.844     -3.670  0.406 |      1.695      0.728    -36.186    0.548 |      0.028     -0.017      3.112 |  FirstCopy  LastCopy
 1214 |  -213 -       rho- |  2 | 1188 1196 1408 1409 |  9  2 |   0.756     -4.051  0.540 |      0.648      0.388    -21.694    0.820 |      0.028     -0.017      3.112 |  FirstCopy  LastCopy
 1215 |   111 -        pi0 |  2 | 1188 1196 1628 1629 |  9  2 |   1.461     -3.819  0.177 |      1.438      0.257    -33.250    0.135 |      0.028     -0.017      3.112 |  FirstCopy  LastCopy  LastCopyBeforeFSR
 1216 |   211 -        pi+ |  1 | 1188 1196   -1   -1 |  9  0 |   1.981     -3.458  0.578 |      1.659      1.082    -31.407    0.140 |      0.028     -0.017      3.112 |  PromptFinalState  FirstCopy  LastCopy
 1217 |   111 -        pi0 |  2 | 1188 1196 1630 1631 |  9  2 |   1.206     -3.611  0.047 |      1.205      0.056    -22.307    0.135 |      0.028     -0.017      3.112 |  FirstCopy  LastCopy  LastCopyBeforeFSR
 1218 |   111 -        pi0 |  2 | 1188 1196 1632 1633 |  9  2 |   0.393     -3.931 -0.481 |      0.348     -0.182    -10.006    0.135 |      0.028     -0.017      3.112 |  FirstCopy  LastCopy  LastCopyBeforeFSR
 1219 |   313 -        K*0 |  2 | 1188 1196 1410 1411 |  9  2 |   1.077     -2.833  0.022 |      1.076      0.023     -9.119    0.906 |      0.028     -0.017      3.112 |  FirstCopy  LastCopy
 1220 |  -323 -        K*- |  2 | 1188 1196 1412 1413 |  9  2 |   1.133     -1.561 -0.703 |      0.864     -0.732     -2.578    0.881 |      0.028     -0.017      3.112 |  FirstCopy  LastCopy
 1221 |   113 -       rho0 |  2 | 1188 1196 1414 1415 |  9  2 |   3.103     -1.435 -0.809 |      2.143     -2.245     -6.144    0.675 |      0.028     -0.017      3.112 |  FirstCopy  LastCopy
 1222 |   211 -        pi+ |  1 | 1188 1196   -1   -1 |  9  0 |   0.884     -1.915 -0.824 |      0.601     -0.648     -2.933    0.140 |      0.028     -0.017      3.112 |  PromptFinalState  FirstCopy  LastCopy
 1223 |   223 -      omega |  2 | 1188 1196 1634 1636 |  9  3 |   1.572     -1.937 -1.277 |      0.455     -1.504     -5.340    0.785 |      0.028     -0.017      3.112 |  FirstCopy  LastCopy
 1224 |  -211 -        pi- |  1 | 1188 1196   -1   -1 |  9  0 |   0.125     -2.551 -0.827 |      0.084     -0.092     -0.794    0.140 |      0.028     -0.017      3.112 |  PromptFinalState  FirstCopy  LastCopy
 1225 |   211 -        pi+ |  1 | 1188 1196   -1   -1 |  9  0 |   0.659     -2.098 -0.099 |      0.656     -0.065     -2.645    0.140 |      0.028     -0.017      3.112 |  PromptFinalState  FirstCopy  LastCopy
 1226 |   311 -         K0 |  2 | 1188 1196 1416 1416 |  9  1 |   1.140     -1.746 -1.415 |      0.177     -1.127     -3.170    0.498 |      0.028     -0.017      3.112 |  FirstCopy  LastCopy
 1227 |  -321 -         K- |  1 | 1188 1196   -1   -1 |  9  0 |   1.231     -1.870 -0.766 |      0.887     -0.853     -3.900    0.494 |      0.028     -0.017      3.112 |  PromptFinalState  FirstCopy  LastCopy
 1228 |   321 -         K+ |  1 | 1188 1196   -1   -1 |  9  0 |   2.821     -3.051 -1.088 |      1.310     -2.498    -29.739    0.494 |      0.028     -0.017      3.112 |  PromptFinalState  FirstCopy  LastCopy
 1229 |  -321 -         K- |  1 | 1188 1196   -1   -1 |  9  0 |   2.112     -2.812 -0.857 |      1.383     -1.596    -17.509    0.494 |      0.028     -0.017      3.112 |  PromptFinalState  FirstCopy  LastCopy
 1230 |  -211 -        pi- |  1 |  796  796   -1   -1 |  1  0 |   0.137      6.629  1.722 |     -0.021      0.135     51.824    0.140 |      0.028     -0.017      3.112 |  FirstCopy  LastCopy
 1231 |   111 -        pi0 |  2 |  796  796 1637 1638 |  1  2 |   0.914      5.510  0.109 |      0.908      0.099    112.839    0.135 |      0.028     -0.017      3.112 |  FirstCopy  LastCopy  LastCopyBeforeFSR
 1232 |   211 -        pi+ |  1 |  806  806   -1   -1 |  1  0 |   0.139     -3.918  1.424 |      0.020      0.137     -3.485    0.140 |      0.028     -0.017      3.112 |  FirstCopy  LastCopy
 1233 |  -211 -        pi- |  1 |  806  806   -1   -1 |  1  0 |   0.576     -2.739 -1.513 |      0.033     -0.575     -4.437    0.140 |      0.028     -0.017      3.112 |  FirstCopy  LastCopy
 1234 |  -211 -        pi- |  1 |  810  810   -1   -1 |  1  0 |   0.517     -4.437  2.961 |     -0.509      0.093    -21.867    0.140 |      0.028     -0.017      3.112 |  FirstCopy  LastCopy
 1235 |   111 -        pi0 |  2 |  810  810 1639 1640 |  1  2 |   0.241     -3.701 -0.046 |      0.241     -0.011     -4.884    0.135 |      0.028     -0.017      3.112 |  FirstCopy  LastCopy  LastCopyBeforeFSR
 1236 |   310 -       K_S0 |  1 |  834  834   -1   -1 |  1  0 |   0.906     -1.642 -2.325 |     -0.620     -0.661     -2.252    0.498 |      0.028     -0.017      3.112 |  FirstCopy  LastCopy
 1237 |  -311 -      Kbar0 |  2 |  847  847 1417 1417 |  1  1 |   0.467     -4.931 -1.735 |     -0.076     -0.461    -32.320    0.498 |      0.028     -0.017      3.112 |  FirstCopy  LastCopy
 1238 |   111 -        pi0 |  2 |  847  847 1641 1642 |  1  2 |   0.595     -5.383 -1.352 |      0.129     -0.580    -64.754    0.135 |      0.028     -0.017      3.112 |  FirstCopy  LastCopy  LastCopyBeforeFSR
 1239 |   211 -        pi+ |  1 |  850  850   -1   -1 |  1  0 |   0.661     -1.905 -3.066 |     -0.659     -0.050     -2.171    0.140 |      0.028     -0.017      3.112 |  FirstCopy  LastCopy
 1240 |  -211 -        pi- |  1 |  850  850   -1   -1 |  1  0 |   0.199     -2.096 -0.584 |      0.166     -0.110     -0.796    0.140 |      0.028     -0.017      3.112 |  FirstCopy  LastCopy
 1241 |   310 -       K_S0 |  1 |  852  852   -1   -1 |  1  0 |   0.749     -1.981 -1.921 |     -0.257     -0.703     -2.664    0.498 |      0.028     -0.017      3.112 |  FirstCopy  LastCopy
 1242 |   311 -         K0 |  2 |  860  860 1418 1418 |  1  1 |   0.905     -4.100  2.012 |     -0.387      0.818    -27.314    0.498 |      0.028     -0.017      3.112 |  FirstCopy  LastCopy
 1243 |   111 -        pi0 |  2 |  860  860 1643 1644 |  1  2 |   0.141     -3.782 -2.403 |     -0.104     -0.095     -3.087    0.135 |      0.028     -0.017      3.112 |  FirstCopy  LastCopy  LastCopyBeforeFSR
 1244 |   130 -       K_L0 |  1 |  861  861   -1   -1 |  1  0 |   0.313     -4.456  2.803 |     -0.295      0.104    -13.471    0.498 |      0.028     -0.017      3.112 |  FirstCopy  LastCopy
 1245 |   211 -        pi+ |  1 |  876  876   -1   -1 |  1  0 |   0.235      0.862  1.603 |     -0.008      0.235      0.229    0.140 |      0.028     -0.017      3.112 |  FirstCopy  LastCopy
 1246 |   111 -        pi0 |  2 |  876  876 1645 1646 |  1  2 |   1.044      0.051 -2.593 |     -0.891     -0.545      0.053    0.135 |      0.028     -0.017      3.112 |  FirstCopy  LastCopy  LastCopyBeforeFSR
 1247 |  -211 -        pi- |  1 |  877  877   -1   -1 |  1  0 |   0.212     -0.149  2.846 |     -0.203      0.062     -0.032    0.140 |      0.028     -0.017      3.112 |  FirstCopy  LastCopy
 1248 |   111 -        pi0 |  2 |  877  877 1647 1648 |  1  2 |   0.779     -0.851 -1.376 |      0.150     -0.764     -0.746    0.135 |      0.028     -0.017      3.112 |  FirstCopy  LastCopy  LastCopyBeforeFSR
 1249 |   211 -        pi+ |  1 |  879  879   -1   -1 |  1  0 |   1.989     -1.139 -1.920 |     -0.681     -1.869     -2.788    0.140 |      0.028     -0.017      3.112 |  FirstCopy  LastCopy
 1250 |   111 -        pi0 |  2 |  879  879 1649 1650 |  1  2 |   0.478     -0.866 -2.544 |     -0.395     -0.269     -0.468    0.135 |      0.028     -0.017      3.112 |  FirstCopy  LastCopy  LastCopyBeforeFSR
 1251 |  -211 -        pi- |  1 |  881  881   -1   -1 |  1  0 |   0.291     -1.065 -1.278 |      0.084     -0.279     -0.372    0.140 |      0.028     -0.017      3.112 |  FirstCopy  LastCopy
 1252 |   111 -        pi0 |  2 |  881  881 1651 1652 |  1  2 |   2.283     -0.794 -2.665 |     -2.029     -1.047     -2.009    0.135 |      0.028     -0.017      3.112 |  FirstCopy  LastCopy  LastCopyBeforeFSR
 1253 |   211 -        pi+ |  1 |  884  884   -1   -1 |  1  0 |   0.115     -2.509 -1.673 |     -0.012     -0.114     -0.700    0.140 |      0.028     -0.017      3.112 |  FirstCopy  LastCopy
 1254 |  -211 -        pi- |  1 |  884  884   -1   -1 |  1  0 |   1.567     -1.422 -2.871 |     -1.510     -0.419     -3.059    0.140 |      0.028     -0.017      3.112 |  FirstCopy  LastCopy
 1255 |   211 -        pi+ |  1 |  887  887   -1   -1 |  1  0 |   0.130     -1.672 -1.446 |      0.016     -0.129     -0.334    0.140 |      0.028     -0.017      3.112 |  FirstCopy  LastCopy
 1256 |  -211 -        pi- |  1 |  887  887   -1   -1 |  1  0 |   1.319     -0.944  2.621 |     -1.144      0.656     -1.438    0.140 |      0.028     -0.017      3.112 |  FirstCopy  LastCopy
 1257 |   211 -        pi+ |  1 |  888  888   -1   -1 |  1  0 |   0.756     -2.433 -2.867 |     -0.727     -0.205     -4.270    0.140 |      0.028     -0.017      3.112 |  FirstCopy  LastCopy
 1258 |  -211 -        pi- |  1 |  888  888   -1   -1 |  1  0 |   0.189     -3.594  1.841 |     -0.050      0.182     -3.430    0.140 |      0.028     -0.017      3.112 |  FirstCopy  LastCopy
 1259 |   211 -        pi+ |  1 |  905  905   -1   -1 |  1  0 |   0.096     -2.280  2.786 |     -0.090      0.033     -0.465    0.140 |      0.028     -0.017      3.112 |  FirstCopy  LastCopy
 1260 |   111 -        pi0 |  2 |  905  905 1653 1654 |  1  2 |   1.210     -2.970  2.820 |     -1.148      0.382    -11.757    0.135 |      0.028     -0.017      3.112 |  FirstCopy  LastCopy  LastCopyBeforeFSR
 1261 |  -211 -        pi- |  1 |  919  919   -1   -1 |  1  0 |   0.528     -4.447  0.540 |      0.453      0.271    -22.538    0.140 |      0.028     -0.017      3.112 |  FirstCopy  LastCopy
 1262 |   111 -        pi0 |  2 |  919  919 1655 1656 |  1  2 |   0.910     -4.763 -0.389 |      0.842     -0.345    -53.283    0.135 |      0.028     -0.017      3.112 |  FirstCopy  LastCopy  LastCopyBeforeFSR
 1263 |   211 -        pi+ |  1 |  926  926   -1   -1 |  1  0 |   0.292     -3.991  1.436 |      0.039      0.289     -7.891    0.140 |      0.028     -0.017      3.112 |  FirstCopy  LastCopy
 1264 |   111 -        pi0 |  2 |  926  926 1657 1658 |  1  2 |   0.304     -2.773 -1.220 |      0.104     -0.286     -2.425    0.135 |      0.028     -0.017      3.112 |  FirstCopy  LastCopy  LastCopyBeforeFSR
 1265 |   211 -        pi+ |  1 |  928  928   -1   -1 |  1  0 |   0.220     -2.475  2.038 |     -0.099      0.197     -1.299    0.140 |      0.028     -0.017      3.112 |  FirstCopy  LastCopy
 1266 |  -211 -        pi- |  1 |  928  928   -1   -1 |  1  0 |   0.586     -2.498 -1.378 |      0.112     -0.575     -3.539    0.140 |      0.028     -0.017      3.112 |  FirstCopy  LastCopy
 1267 |   211 -        pi+ |  1 |  934  934   -1   -1 |  1  0 |   0.481      3.170 -1.233 |      0.159     -0.454      5.716    0.140 |      0.028     -0.017      3.112 |  FirstCopy  LastCopy
 1268 |   111 -        pi0 |  2 |  934  934 1659 1660 |  1  2 |   0.473      4.015  0.274 |      0.455      0.128     13.100    0.135 |      0.028     -0.017      3.112 |  FirstCopy  LastCopy  LastCopyBeforeFSR
 1269 |   311 -         K0 |  2 |  939  939 1419 1419 |  1  1 |   0.815     -2.140  1.549 |      0.018      0.815     -3.418    0.498 |      0.028     -0.017      3.112 |  FirstCopy  LastCopy
 1270 |   211 -        pi+ |  1 |  939  939   -1   -1 |  1  0 |   0.403     -2.301 -2.711 |     -0.366     -0.168     -1.989    0.140 |      0.028     -0.017      3.112 |  FirstCopy  LastCopy
 1271 |   211 -        pi+ |  1 |  941  941   -1   -1 |  1  0 |   0.334      0.681  2.724 |     -0.306      0.136      0.246    0.140 |      0.028     -0.017      3.112 |  FirstCopy  LastCopy
 1272 |   111 -        pi0 |  2 |  941  941 1661 1662 |  1  2 |   0.361      0.756 -0.030 |      0.361     -0.011      0.300    0.135 |      0.028     -0.017      3.112 |  FirstCopy  LastCopy  LastCopyBeforeFSR
 1273 |   211 -        pi+ |  1 |  946  946   -1   -1 |  1  0 |   0.187      3.207  2.143 |     -0.101      0.157      2.306    0.140 |      0.028     -0.017      3.112 |  FirstCopy  LastCopy
 1274 |  -211 -        pi- |  1 |  946  946   -1   -1 |  1  0 |   0.200      1.332 -0.982 |      0.111     -0.166      0.353    0.140 |      0.028     -0.017      3.112 |  FirstCopy  LastCopy
 1275 |   211 -        pi+ |  1 |  954  954   -1   -1 |  1  0 |   0.304      4.738 -2.039 |     -0.137     -0.272     17.378    0.140 |      0.028     -0.017      3.112 |  FirstCopy  LastCopy
 1276 |   111 -        pi0 |  2 |  954  954 1663 1664 |  1  2 |   0.858      6.029  3.061 |     -0.856      0.069    178.189    0.135 |      0.028     -0.017      3.112 |  FirstCopy  LastCopy  LastCopyBeforeFSR
 1277 |   130 -       K_L0 |  1 |  955  955   -1   -1 |  1  0 |   0.380      4.886  2.860 |     -0.365      0.106     25.186    0.498 |      0.028     -0.017      3.112 |  FirstCopy  LastCopy
 1278 |  -311 -      Kbar0 |  2 |  959  959 1420 1420 |  1  1 |   0.197     -1.611  2.588 |     -0.168      0.104     -0.474    0.498 |      0.028     -0.017      3.112 |  FirstCopy  LastCopy
 1279 |   111 -        pi0 |  2 |  959  959 1665 1666 |  1  2 |   0.349     -0.392 -1.831 |     -0.090     -0.338     -0.140    0.135 |      0.028     -0.017      3.112 |  FirstCopy  LastCopy  LastCopyBeforeFSR
 1280 |   211 -        pi+ |  1 |  961  961   -1   -1 |  1  0 |   0.493     -1.409  2.447 |     -0.379      0.316     -0.949    0.140 |      0.028     -0.017      3.112 |  FirstCopy  LastCopy
 1281 |   111 -        pi0 |  2 |  961  961 1667 1668 |  1  2 |   0.259     -0.911 -0.603 |      0.213     -0.147     -0.270    0.135 |      0.028     -0.017      3.112 |  FirstCopy  LastCopy  LastCopyBeforeFSR
 1282 |  -321 -         K- |  1 |  967  967   -1   -1 |  1  0 |   1.643     -3.676  0.845 |      1.091      1.228    -32.401    0.494 |      0.028     -0.017      3.112 |  FirstCopy  LastCopy
 1283 |   111 -        pi0 |  2 |  967  967 1669 1670 |  1  2 |   0.194     -4.774  1.240 |      0.063      0.183    -11.465    0.135 |      0.028     -0.017      3.112 |  FirstCopy  LastCopy  LastCopyBeforeFSR
 1284 |  -211 -        pi- |  1 |  992  992   -1   -1 |  1  0 |   0.428      0.258  0.689 |      0.331      0.272      0.112    0.140 |      0.028     -0.017      3.112 |  FirstCopy  LastCopy
 1285 |   111 -        pi0 |  2 |  992  992 1671 1672 |  1  2 |   0.802     -0.832 -0.098 |      0.798     -0.079     -0.747    0.135 |      0.028     -0.017      3.112 |  FirstCopy  LastCopy  LastCopyBeforeFSR
 1286 | -3122 - Lambdabar0 |  1 |  999  999   -1   -1 |  1  0 |   1.361      1.561  1.147 |      0.560      1.241      3.101    1.116 |      0.028     -0.017      3.112 |  FirstCopy  LastCopy
 1287 |  -211 -        pi- |  1 |  999  999   -1   -1 |  1  0 |   0.352      1.272  0.739 |      0.260      0.237      0.578    0.140 |      0.028     -0.017      3.112 |  FirstCopy  LastCopy
 1288 |  -311 -      Kbar0 |  2 | 1000 1000 1421 1421 |  1  1 |   1.144      2.247  0.357 |      1.072      0.400      5.354    0.498 |      0.028     -0.017      3.112 |  FirstCopy  LastCopy
 1289 |  -211 -        pi- |  1 | 1000 1000   -1   -1 |  1  0 |   0.681      2.273  0.576 |      0.571      0.371      3.272    0.140 |      0.028     -0.017      3.112 |  FirstCopy  LastCopy
 1290 |   211 -        pi+ |  1 | 1004 1004   -1   -1 |  1  0 |   0.326      3.626 -1.187 |      0.122     -0.303      6.129    0.140 |      0.028     -0.017      3.112 |  FirstCopy  LastCopy
 1291 |  -211 -        pi- |  1 | 1004 1004   -1   -1 |  1  0 |   0.488      2.349  0.198 |      0.479      0.096      2.533    0.140 |      0.028     -0.017      3.112 |  FirstCopy  LastCopy
 1292 |   211 -        pi+ |  1 | 1008 1008   -1   -1 |  1  0 |   0.062      2.896 -1.872 |     -0.018     -0.059      0.559    0.140 |      0.028     -0.017      3.112 |  FirstCopy  LastCopy
 1293 |  -211 -        pi- |  1 | 1008 1008   -1   -1 |  1  0 |   1.580      1.608 -0.729 |      1.178     -1.053      3.784    0.140 |      0.028     -0.017      3.112 |  FirstCopy  LastCopy
 1294 |   211 -        pi+ |  1 | 1010 1010   -1   -1 |  1  0 |   2.084      1.053 -0.832 |      1.403     -1.540      2.621    0.140 |      0.028     -0.017      3.112 |  FirstCopy  LastCopy
 1295 |   111 -        pi0 |  2 | 1010 1010 1673 1674 |  1  2 |   1.880      1.432 -0.866 |      1.217     -1.432      3.710    0.135 |      0.028     -0.017      3.112 |  FirstCopy  LastCopy  LastCopyBeforeFSR
 1296 |  -211 -        pi- |  1 | 1011 1011   -1   -1 |  1  0 |   0.659      1.355 -1.615 |     -0.029     -0.658      1.191    0.140 |      0.028     -0.017      3.112 |  FirstCopy  LastCopy
 1297 |   111 -        pi0 |  2 | 1011 1011 1675 1676 |  1  2 |   1.074      1.706 -0.938 |      0.635     -0.866      2.858    0.135 |      0.028     -0.017      3.112 |  FirstCopy  LastCopy  LastCopyBeforeFSR
 1298 |   321 -         K+ |  1 | 1019 1019   -1   -1 |  1  0 |   0.867      2.477  3.105 |     -0.867      0.032      5.126    0.494 |      0.028     -0.017      3.112 |  FirstCopy  LastCopy
 1299 |  -211 -        pi- |  1 | 1019 1019   -1   -1 |  1  0 |   0.324      2.169  1.956 |     -0.122      0.300      1.399    0.140 |      0.028     -0.017      3.112 |  FirstCopy  LastCopy
 1300 |   130 -       K_L0 |  1 | 1020 1020   -1   -1 |  1  0 |   0.812      2.738  2.951 |     -0.797      0.154      6.251    0.498 |      0.028     -0.017      3.112 |  FirstCopy  LastCopy
 1301 |  2212 -         p+ |  1 | 1021 1021   -1   -1 |  1  0 |   0.703      3.083 -3.049 |     -0.700     -0.065      7.661    0.938 |      0.028     -0.017      3.112 |  FirstCopy  LastCopy
 1302 |  -211 -        pi- |  1 | 1021 1021   -1   -1 |  1  0 |   0.671      2.998  2.059 |     -0.315      0.593      6.712    0.140 |      0.028     -0.017      3.112 |  FirstCopy  LastCopy
 1303 |   211 -        pi+ |  1 | 1022 1022   -1   -1 |  1  0 |   0.383      2.633  1.635 |     -0.024      0.382      2.654    0.140 |      0.028     -0.017      3.112 |  FirstCopy  LastCopy
 1304 |  -211 -        pi- |  1 | 1022 1022   -1   -1 |  1  0 |   2.493      3.403  2.086 |     -1.229      2.168     37.411    0.140 |      0.028     -0.017      3.112 |  FirstCopy  LastCopy
 1305 |   211 -        pi+ |  1 | 1024 1024   -1   -1 |  1  0 |   0.982      3.582  1.701 |     -0.128      0.974     17.635    0.140 |      0.028     -0.017      3.112 |  FirstCopy  LastCopy
 1306 |  -211 -        pi- |  1 | 1024 1024   -1   -1 |  1  0 |   4.557      3.234  1.862 |     -1.310      4.364     57.717    0.140 |      0.028     -0.017      3.112 |  FirstCopy  LastCopy
 1307 |   310 -       K_S0 |  1 | 1028 1028   -1   -1 |  1  0 |   1.557     -4.956  3.044 |     -1.550      0.152   -110.569    0.498 |      0.028     -0.017      3.112 |  FirstCopy  LastCopy
 1308 |   211 -        pi+ |  1 | 1029 1029   -1   -1 |  1  0 |   0.259     -3.750 -2.323 |     -0.177     -0.189     -5.504    0.140 |      0.028     -0.017      3.112 |  FirstCopy  LastCopy
 1309 |  -211 -        pi- |  1 | 1029 1029   -1   -1 |  1  0 |   0.475     -4.425  0.536 |      0.409      0.243    -19.853    0.140 |      0.028     -0.017      3.112 |  FirstCopy  LastCopy
 1310 |   211 -        pi+ |  1 | 1031 1031   -1   -1 |  1  0 |   0.160     -0.831  0.375 |      0.149      0.059     -0.149    0.140 |      0.028     -0.017      3.112 |  FirstCopy  LastCopy
 1311 |   111 -        pi0 |  2 | 1031 1031 1677 1678 |  1  2 |   0.182     -3.182  2.166 |     -0.102      0.151     -2.192    0.135 |      0.028     -0.017      3.112 |  FirstCopy  LastCopy  LastCopyBeforeFSR
 1312 |   211 -        pi+ |  1 | 1033 1033   -1   -1 |  1  0 |   0.413      2.499 -1.169 |      0.161     -0.380      2.495    0.140 |      0.028     -0.017      3.112 |  FirstCopy  LastCopy
 1313 |  -211 -        pi- |  1 | 1033 1033   -1   -1 |  1  0 |   0.280      3.014  2.034 |     -0.125      0.250      2.841    0.140 |      0.028     -0.017      3.112 |  FirstCopy  LastCopy
 1314 |  2112 -         n0 |  1 | 1034 1034   -1   -1 |  1  0 |   0.017      6.628 -0.549 |      0.014     -0.009      6.255    0.940 |      0.028     -0.017      3.112 |  FirstCopy  LastCopy
 1315 |   111 -        pi0 |  2 | 1034 1034 1679 1680 |  1  2 |   0.236      2.977  0.181 |      0.232      0.042      2.305    0.135 |      0.028     -0.017      3.112 |  FirstCopy  LastCopy  LastCopyBeforeFSR
 1316 | -2112 -      nbar0 |  1 | 1035 1035   -1   -1 |  1  0 |   0.653      4.253  2.829 |     -0.621      0.201     22.947    0.940 |      0.028     -0.017      3.112 |  FirstCopy  LastCopy
 1317 |   211 -        pi+ |  1 | 1035 1035   -1   -1 |  1  0 |   0.190      3.171 -1.008 |      0.102     -0.161      2.263    0.140 |      0.028     -0.017      3.112 |  FirstCopy  LastCopy
 1318 |   211 -        pi+ |  1 | 1056 1056   -1   -1 |  1  0 |   0.872      4.504  1.385 |      0.161      0.857     39.423    0.140 |      0.028     -0.017      3.112 |  FirstCopy  LastCopy
 1319 |   111 -        pi0 |  2 | 1056 1056 1681 1682 |  1  2 |   1.204      5.080  0.931 |      0.719      0.966     96.802    0.135 |      0.028     -0.017      3.112 |  FirstCopy  LastCopy  LastCopyBeforeFSR
 1320 |   310 -       K_S0 |  1 | 1059 1059   -1   -1 |  1  0 |   0.355      5.482  1.814 |     -0.086      0.345     42.711    0.498 |      0.028     -0.017      3.112 |  FirstCopy  LastCopy
 1321 |  -311 -      Kbar0 |  2 | 1060 1060 1422 1422 |  1  1 |   0.901      3.759  0.663 |      0.710      0.555     19.318    0.498 |      0.028     -0.017      3.112 |  FirstCopy  LastCopy
 1322 |  -211 -        pi- |  1 | 1060 1060   -1   -1 |  1  0 |   0.186      5.079  0.606 |      0.153      0.106     14.940    0.140 |      0.028     -0.017      3.112 |  FirstCopy  LastCopy
 1323 |   211 -        pi+ |  1 | 1061 1061   -1   -1 |  1  0 |   0.924      4.602  1.590 |     -0.018      0.923     46.023    0.140 |      0.028     -0.017      3.112 |  FirstCopy  LastCopy
 1324 |   111 -        pi0 |  2 | 1061 1061 1683 1684 |  1  2 |   0.135      5.170 -2.134 |     -0.072     -0.114     11.889    0.135 |      0.028     -0.017      3.112 |  FirstCopy  LastCopy  LastCopyBeforeFSR
 1325 |   130 -       K_L0 |  1 | 1064 1064   -1   -1 |  1  0 |   0.884      5.348  1.166 |      0.348      0.813     92.937    0.498 |      0.028     -0.017      3.112 |  FirstCopy  LastCopy
 1326 |   211 -        pi+ |  1 | 1067 1067   -1   -1 |  1  0 |   0.316      5.641  0.947 |      0.184      0.256     44.482    0.140 |      0.028     -0.017      3.112 |  FirstCopy  LastCopy
 1327 |   111 -        pi0 |  2 | 1067 1067 1685 1686 |  1  2 |   0.483      6.418 -0.500 |      0.424     -0.232    148.148    0.135 |      0.028     -0.017      3.112 |  FirstCopy  LastCopy  LastCopyBeforeFSR
 1328 |   211 -        pi+ |  1 | 1076 1076   -1   -1 |  1  0 |   0.677      5.768 -1.153 |      0.275     -0.619    108.331    0.140 |      0.028     -0.017      3.112 |  FirstCopy  LastCopy
 1329 |   111 -        pi0 |  2 | 1076 1076 1687 1688 |  1  2 |   0.399      4.767 -1.270 |      0.118     -0.381     23.466    0.135 |      0.028     -0.017      3.112 |  FirstCopy  LastCopy  LastCopyBeforeFSR
 1330 |   310 -       K_S0 |  1 | 1079 1079   -1   -1 |  1  0 |   0.621      3.836 -2.118 |     -0.323     -0.531     14.393    0.498 |      0.028     -0.017      3.112 |  FirstCopy  LastCopy
 1331 |  -211 -        pi- |  1 | 1080 1080   -1   -1 |  1  0 |   0.261      4.845  2.479 |     -0.206      0.160     16.564    0.140 |      0.028     -0.017      3.112 |  FirstCopy  LastCopy
 1332 |   111 -        pi0 |  2 | 1080 1080 1689 1690 |  1  2 |   0.785      4.242 -2.090 |     -0.390     -0.682     27.305    0.135 |      0.028     -0.017      3.112 |  FirstCopy  LastCopy  LastCopyBeforeFSR
 1333 |  -321 -         K- |  1 | 1082 1082   -1   -1 |  1  0 |   0.376      3.875 -0.934 |      0.224     -0.303      9.059    0.494 |      0.028     -0.017      3.112 |  FirstCopy  LastCopy
 1334 |   211 -        pi+ |  1 | 1082 1082   -1   -1 |  1  0 |   0.453      3.342 -2.262 |     -0.289     -0.349      6.401    0.140 |      0.028     -0.017      3.112 |  FirstCopy  LastCopy
 1335 |   211 -        pi+ |  1 | 1083 1083   -1   -1 |  1  0 |   0.264      4.199 -1.190 |      0.098     -0.245      8.807    0.140 |      0.028     -0.017      3.112 |  FirstCopy  LastCopy
 1336 |  -211 -        pi- |  1 | 1083 1083   -1   -1 |  1  0 |   0.666      3.515 -2.992 |     -0.659     -0.100     11.191    0.140 |      0.028     -0.017      3.112 |  FirstCopy  LastCopy
 1337 |   211 -        pi+ |  1 | 1088 1088   -1   -1 |  1  0 |   0.423      2.222  2.693 |     -0.381      0.183      1.926    0.140 |      0.028     -0.017      3.112 |  FirstCopy  LastCopy
 1338 |  -211 -        pi- |  1 | 1088 1088   -1   -1 |  1  0 |   0.886      1.607  1.592 |     -0.019      0.886      2.120    0.140 |      0.028     -0.017      3.112 |  FirstCopy  LastCopy
 1339 |  -211 -        pi- |  1 | 1089 1089   -1   -1 |  1  0 |   0.023      3.166  1.229 |      0.008      0.022      0.273    0.140 |      0.028     -0.017      3.112 |  FirstCopy  LastCopy
 1340 |   111 -        pi0 |  2 | 1089 1089 1691 1692 |  1  2 |   0.846      2.569  1.182 |      0.320      0.783      5.487    0.135 |      0.028     -0.017      3.112 |  FirstCopy  LastCopy  LastCopyBeforeFSR
 1341 |   211 -        pi+ |  1 | 1095 1095   -1   -1 |  1  0 |   2.100      1.715  1.757 |     -0.389      2.063      5.645    0.140 |      0.028     -0.017      3.112 |  FirstCopy  LastCopy
 1342 |  -211 -        pi- |  1 | 1095 1095   -1   -1 |  1  0 |   4.779      1.516  1.896 |     -1.526      4.529     10.355    0.140 |      0.028     -0.017      3.112 |  FirstCopy  LastCopy
 1343 |   211 -        pi+ |  1 | 1097 1097   -1   -1 |  1  0 |   0.584      0.851  1.486 |      0.050      0.582      0.559    0.140 |      0.028     -0.017      3.112 |  FirstCopy  LastCopy
 1344 |   111 -        pi0 |  2 | 1097 1097 1693 1694 |  1  2 |   1.448      1.689  1.742 |     -0.247      1.427      3.787    0.135 |      0.028     -0.017      3.112 |  FirstCopy  LastCopy  LastCopyBeforeFSR
 1345 |  -211 -        pi- |  1 | 1102 1102   -1   -1 |  1  0 |   0.065     -8.039 -0.189 |      0.064     -0.012   -100.681    0.140 |      0.028     -0.017      3.112 |  FirstCopy  LastCopy
 1346 |   111 -        pi0 |  2 | 1102 1102 1695 1696 |  1  2 |   0.204     -4.475 -2.634 |     -0.179     -0.099     -8.962    0.135 |      0.028     -0.017      3.112 |  FirstCopy  LastCopy  LastCopyBeforeFSR
 1347 |   211 -        pi+ |  1 | 1108 1108   -1   -1 |  1  0 |   0.613     -2.601  1.984 |     -0.246      0.561     -4.104    0.140 |      0.028     -0.017      3.112 |  FirstCopy  LastCopy
 1348 |  -211 -        pi- |  1 | 1108 1108   -1   -1 |  1  0 |   0.154     -1.838 -2.137 |     -0.083     -0.130     -0.473    0.140 |      0.028     -0.017      3.112 |  FirstCopy  LastCopy
 1349 |   211 -        pi+ |  1 | 1111 1111   -1   -1 |  1  0 |   0.208      0.552  1.316 |      0.052      0.201      0.121    0.140 |      0.028     -0.017      3.112 |  FirstCopy  LastCopy
 1350 |  -211 -        pi- |  1 | 1111 1111   -1   -1 |  1  0 |   0.228     -1.427  0.875 |      0.146      0.175     -0.447    0.140 |      0.028     -0.017      3.112 |  FirstCopy  LastCopy
 1351 |   211 -        pi+ |  1 | 1115 1115   -1   -1 |  1  0 |   0.351      2.438 -1.522 |      0.017     -0.351      1.997    0.140 |      0.028     -0.017      3.112 |  FirstCopy  LastCopy
 1352 |  -211 -        pi- |  1 | 1115 1115   -1   -1 |  1  0 |   0.294      1.181  2.967 |     -0.290      0.051      0.434    0.140 |      0.028     -0.017      3.112 |  FirstCopy  LastCopy
 1353 |  3122 -    Lambda0 |  1 | 1116 1116   -1   -1 |  1  0 |   0.438      2.971  1.976 |     -0.173      0.402      4.259    1.116 |      0.028     -0.017      3.112 |  FirstCopy  LastCopy
 1354 |   111 -        pi0 |  2 | 1116 1116 1697 1698 |  1  2 |   0.168      3.072  0.447 |      0.151      0.072      1.804    0.135 |      0.028     -0.017      3.112 |  FirstCopy  LastCopy  LastCopyBeforeFSR
 1355 | -3122 - Lambdabar0 |  1 | 1117 1117   -1   -1 |  1  0 |   0.367      3.055  3.075 |     -0.366      0.024      3.886    1.116 |      0.028     -0.017      3.112 |  FirstCopy  LastCopy
 1356 |   211 -        pi+ |  1 | 1117 1117   -1   -1 |  1  0 |   0.134      1.149 -1.525 |      0.006     -0.134      0.191    0.140 |      0.028     -0.017      3.112 |  FirstCopy  LastCopy
 1357 |   310 -       K_S0 |  1 | 1126 1126   -1   -1 |  1  0 |   2.899     -2.029 -1.235 |      0.956     -2.736    -10.836    0.498 |      0.028     -0.017      3.112 |  FirstCopy  LastCopy
 1358 |   211 -        pi+ |  1 | 1130 1130   -1   -1 |  1  0 |   0.933     -1.364 -1.363 |      0.193     -0.913     -1.706    0.140 |      0.028     -0.017      3.112 |  FirstCopy  LastCopy
 1359 |  -211 -        pi- |  1 | 1130 1130   -1   -1 |  1  0 |   0.521     -2.007 -2.128 |     -0.276     -0.442     -1.903    0.140 |      0.028     -0.017      3.112 |  FirstCopy  LastCopy
 1360 |   321 -         K+ |  1 | 1132 1132   -1   -1 |  1  0 |   0.102      6.868 -2.707 |     -0.093     -0.043     49.101    0.494 |      0.028     -0.017      3.112 |  FirstCopy  LastCopy
 1361 |  -211 -        pi- |  1 | 1132 1132   -1   -1 |  1  0 |   0.459      4.815  2.409 |     -0.341      0.307     28.271    0.140 |      0.028     -0.017      3.112 |  FirstCopy  LastCopy
 1362 |  -311 -      Kbar0 |  2 | 1133 1133 1423 1423 |  1  1 |   0.308      5.924  0.591 |      0.255      0.172     57.545    0.498 |      0.028     -0.017      3.112 |  FirstCopy  LastCopy
 1363 |  -211 -        pi- |  1 | 1133 1133   -1   -1 |  1  0 |   0.151      4.515 -2.784 |     -0.141     -0.053      6.876    0.140 |      0.028     -0.017      3.112 |  FirstCopy  LastCopy
 1364 |   211 -        pi+ |  1 | 1136 1136   -1   -1 |  1  0 |   0.364      3.550  0.360 |      0.341      0.128      6.333    0.140 |      0.028     -0.017      3.112 |  FirstCopy  LastCopy
 1365 |   111 -        pi0 |  2 | 1136 1136 1699 1700 |  1  2 |   0.333      4.348 -2.234 |     -0.205     -0.262     12.858    0.135 |      0.028     -0.017      3.112 |  FirstCopy  LastCopy  LastCopyBeforeFSR
 1366 |  -211 -        pi- |  1 | 1137 1137   -1   -1 |  1  0 |   0.324      3.981 -0.827 |      0.220     -0.239      8.690    0.140 |      0.028     -0.017      3.112 |  FirstCopy  LastCopy
 1367 |   111 -        pi0 |  2 | 1137 1137 1701 1702 |  1  2 |   0.285      3.307  3.135 |     -0.285      0.002      3.886    0.135 |      0.028     -0.017      3.112 |  FirstCopy  LastCopy  LastCopyBeforeFSR
 1368 |   211 -        pi+ |  1 | 1138 1138   -1   -1 |  1  0 |   0.225      1.957 -1.429 |      0.032     -0.223      0.781    0.140 |      0.028     -0.017      3.112 |  FirstCopy  LastCopy
 1369 |   111 -        pi0 |  2 | 1138 1138 1703 1704 |  1  2 |   0.128      4.371  1.372 |      0.025      0.125      5.056    0.135 |      0.028     -0.017      3.112 |  FirstCopy  LastCopy  LastCopyBeforeFSR
 1370 |   130 -       K_L0 |  1 | 1139 1139   -1   -1 |  1  0 |   0.332      3.233  0.601 |      0.274      0.188      4.204    0.498 |      0.028     -0.017      3.112 |  FirstCopy  LastCopy
 1371 |  -321 -         K- |  1 | 1140 1140   -1   -1 |  1  0 |   0.227      2.986  0.278 |      0.218      0.062      2.239    0.494 |      0.028     -0.017      3.112 |  FirstCopy  LastCopy
 1372 |   211 -        pi+ |  1 | 1140 1140   -1   -1 |  1  0 |   0.274      2.891  2.797 |     -0.258      0.093      2.459    0.140 |      0.028     -0.017      3.112 |  FirstCopy  LastCopy
 1373 |  2212 -         p+ |  1 | 1146 1146   -1   -1 |  1  0 |   0.651     -2.652 -1.868 |     -0.191     -0.623     -4.598    0.938 |      0.028     -0.017      3.112 |  FirstCopy  LastCopy
 1374 |   211 -        pi+ |  1 | 1146 1146   -1   -1 |  1  0 |   2.145     -1.685 -1.822 |     -0.533     -2.077     -5.581    0.140 |      0.028     -0.017      3.112 |  FirstCopy  LastCopy
 1375 |   130 -       K_L0 |  1 | 1152 1152   -1   -1 |  1  0 |   0.406      5.786 -2.599 |     -0.348     -0.210     66.135    0.498 |      0.028     -0.017      3.112 |  FirstCopy  LastCopy
 1376 | -3122 - Lambdabar0 |  1 | 1153 1153   -1   -1 |  1  0 |   0.490      4.815 -0.322 |      0.465     -0.155     30.219    1.116 |      0.028     -0.017      3.112 |  FirstCopy  LastCopy
 1377 |   111 -        pi0 |  2 | 1153 1153 1705 1706 |  1  2 |   0.067      3.435 -1.399 |      0.011     -0.066      1.043    0.135 |      0.028     -0.017      3.112 |  FirstCopy  LastCopy  LastCopyBeforeFSR
 1378 |   311 -         K0 |  2 | 1155 1155 1424 1424 |  1  1 |   0.251      2.041 -2.040 |     -0.114     -0.224      0.950    0.498 |      0.028     -0.017      3.112 |  FirstCopy  LastCopy
 1379 |   211 -        pi+ |  1 | 1155 1155   -1   -1 |  1  0 |   0.039      4.197  1.175 |      0.015      0.036      1.297    0.140 |      0.028     -0.017      3.112 |  FirstCopy  LastCopy
 1380 |   130 -       K_L0 |  1 | 1156 1156   -1   -1 |  1  0 |   0.165      1.911  0.299 |      0.158      0.049      0.546    0.498 |      0.028     -0.017      3.112 |  FirstCopy  LastCopy
 1381 |   130 -       K_L0 |  1 | 1157 1157   -1   -1 |  1  0 |   0.291     -2.838 -1.554 |      0.005     -0.291     -2.474    0.498 |      0.028     -0.017      3.112 |  FirstCopy  LastCopy
 1382 |  -311 -      Kbar0 |  2 | 1158 1158 1425 1425 |  1  1 |   0.279     -3.031 -2.667 |     -0.248     -0.128     -2.882    0.498 |      0.028     -0.017      3.112 |  FirstCopy  LastCopy
 1383 |  -211 -        pi- |  1 | 1158 1158   -1   -1 |  1  0 |   0.319     -1.845  1.530 |      0.013      0.319     -0.984    0.140 |      0.028     -0.017      3.112 |  FirstCopy  LastCopy
 1384 |   211 -        pi+ |  1 | 1170 1170   -1   -1 |  1  0 |   0.249      1.008  2.803 |     -0.234      0.083      0.295    0.140 |      0.028     -0.017      3.112 |  FirstCopy  LastCopy
 1385 |  -211 -        pi- |  1 | 1170 1170   -1   -1 |  1  0 |   0.720      2.249  1.924 |     -0.249      0.676      3.375    0.140 |      0.028     -0.017      3.112 |  FirstCopy  LastCopy
 1386 |  2112 -         n0 |  1 | 1172 1172   -1   -1 |  1  0 |   0.953      5.719  0.684 |      0.739      0.602    145.030    0.940 |      0.028     -0.017      3.112 |  FirstCopy  LastCopy
 1387 |  -211 -        pi- |  1 | 1172 1172   -1   -1 |  1  0 |   0.162      6.585 -2.603 |     -0.139     -0.083     58.654    0.140 |      0.028     -0.017      3.112 |  FirstCopy  LastCopy
 1388 |   130 -       K_L0 |  1 | 1173 1173   -1   -1 |  1  0 |   0.315      5.432 -1.672 |     -0.032     -0.313     35.980    0.498 |      0.028     -0.017      3.112 |  FirstCopy  LastCopy
 1389 |   310 -       K_S0 |  1 | 1175 1175   -1   -1 |  1  0 |   0.315      5.127  2.055 |     -0.147      0.279     26.513    0.498 |      0.028     -0.017      3.112 |  FirstCopy  LastCopy
 1390 |   211 -        pi+ |  1 | 1179 1179   -1   -1 |  1  0 |   0.835     -4.753  0.242 |      0.811      0.200    -48.393    0.140 |      0.028     -0.017      3.112 |  FirstCopy  LastCopy
 1391 |  -211 -        pi- |  1 | 1179 1179   -1   -1 |  1  0 |   1.121     -4.859 -0.389 |      1.037     -0.425    -72.243    0.140 |      0.028     -0.017      3.112 |  FirstCopy  LastCopy
 1392 |   211 -        pi+ |  1 | 1180 1180   -1   -1 |  1  0 |   0.367     -1.087 -1.573 |     -0.001     -0.367     -0.482    0.140 |      0.028     -0.017      3.112 |  FirstCopy  LastCopy
 1393 |   111 -        pi0 |  2 | 1180 1180 1707 1708 |  1  2 |   0.721     -1.919  1.438 |      0.095      0.715     -2.405    0.135 |      0.028     -0.017      3.112 |  FirstCopy  LastCopy  LastCopyBeforeFSR
 1394 |  -311 -      Kbar0 |  2 | 1187 1187 1426 1426 |  1  1 |   0.207      3.146 -2.236 |     -0.128     -0.163      2.400    0.498 |      0.028     -0.017      3.112 |  FirstCopy  LastCopy
 1395 |   111 -        pi0 |  2 | 1187 1187 1709 1710 |  1  2 |   0.208      3.599  1.711 |     -0.029      0.206      3.795    0.135 |      0.028     -0.017      3.112 |  FirstCopy  LastCopy  LastCopyBeforeFSR
 1396 |   211 -        pi+ |  1 | 1197 1197   -1   -1 |  1  0 |   0.637      7.249 -0.452 |      0.573     -0.278    447.858    0.140 |      0.028     -0.017      3.112 |  FirstCopy  LastCopy
 1397 |   111 -        pi0 |  2 | 1197 1197 1711 1712 |  1  2 |   0.380      5.976 -1.378 |      0.073     -0.373     74.724    0.135 |      0.028     -0.017      3.112 |  FirstCopy  LastCopy  LastCopyBeforeFSR
 1398 |  -211 -        pi- |  1 | 1204 1204   -1   -1 |  1  0 |   0.641      2.069 -2.301 |     -0.428     -0.478      2.497    0.140 |      0.028     -0.017      3.112 |  FirstCopy  LastCopy
 1399 |   111 -        pi0 |  2 | 1204 1204 1713 1714 |  1  2 |   0.477      2.841  1.903 |     -0.156      0.451      4.071    0.135 |      0.028     -0.017      3.112 |  FirstCopy  LastCopy  LastCopyBeforeFSR
 1400 |   211 -        pi+ |  1 | 1205 1205   -1   -1 |  1  0 |   0.358      1.212 -2.366 |     -0.255     -0.250      0.548    0.140 |      0.028     -0.017      3.112 |  FirstCopy  LastCopy
 1401 |   111 -        pi0 |  2 | 1205 1205 1715 1716 |  1  2 |   0.390     -0.135 -0.348 |      0.366     -0.133     -0.053    0.135 |      0.028     -0.017      3.112 |  FirstCopy  LastCopy  LastCopyBeforeFSR
 1402 |  -211 -        pi- |  1 | 1206 1206   -1   -1 |  1  0 |   0.544      1.450  0.673 |      0.426      0.339      1.097    0.140 |      0.028     -0.017      3.112 |  FirstCopy  LastCopy
 1403 |   111 -        pi0 |  2 | 1206 1206 1717 1718 |  1  2 |   0.425      0.768 -2.946 |     -0.417     -0.083      0.359    0.135 |      0.028     -0.017      3.112 |  FirstCopy  LastCopy  LastCopyBeforeFSR
 1404 |   211 -        pi+ |  1 | 1210 1210   -1   -1 |  1  0 |   0.560     -1.458 -0.920 |      0.339     -0.445     -1.137    0.140 |      0.028     -0.017      3.112 |  FirstCopy  LastCopy
 1405 |  -211 -        pi- |  1 | 1210 1210   -1   -1 |  1  0 |   0.110     -1.956  0.389 |      0.101      0.042     -0.380    0.140 |      0.028     -0.017      3.112 |  FirstCopy  LastCopy
 1406 |   211 -        pi+ |  1 | 1212 1212   -1   -1 |  1  0 |   0.556     -3.084  1.422 |      0.082      0.550     -6.060    0.140 |      0.028     -0.017      3.112 |  FirstCopy  LastCopy
 1407 |  -211 -        pi- |  1 | 1212 1212   -1   -1 |  1  0 |   0.772     -3.104  0.418 |      0.706      0.314     -8.592    0.140 |      0.028     -0.017      3.112 |  FirstCopy  LastCopy
 1408 |  -211 -        pi- |  1 | 1214 1214   -1   -1 |  1  0 |   0.198     -4.689  1.902 |     -0.065      0.188    -10.778    0.140 |      0.028     -0.017      3.112 |  FirstCopy  LastCopy
 1409 |   111 -        pi0 |  2 | 1214 1214 1719 1720 |  1  2 |   0.741     -3.385  0.275 |      0.713      0.201    -10.916    0.135 |      0.028     -0.017      3.112 |  FirstCopy  LastCopy  LastCopyBeforeFSR
 1410 |   321 -         K+ |  1 | 1219 1219   -1   -1 |  1  0 |   0.624     -2.947  0.463 |      0.558      0.279     -5.920    0.494 |      0.028     -0.017      3.112 |  FirstCopy  LastCopy
 1411 |  -211 -        pi- |  1 | 1219 1219   -1   -1 |  1  0 |   0.578     -2.412 -0.457 |      0.518     -0.255     -3.199    0.140 |      0.028     -0.017      3.112 |  FirstCopy  LastCopy
 1412 |  -321 -         K- |  1 | 1220 1220   -1   -1 |  1  0 |   0.510     -1.994 -0.589 |      0.424     -0.283     -1.837    0.494 |      0.028     -0.017      3.112 |  FirstCopy  LastCopy
 1413 |   111 -        pi0 |  2 | 1220 1220 1721 1722 |  1  2 |   0.629     -1.002 -0.795 |      0.440     -0.449     -0.741    0.135 |      0.028     -0.017      3.112 |  FirstCopy  LastCopy  LastCopyBeforeFSR
 1414 |   211 -        pi+ |  1 | 1221 1221   -1   -1 |  1  0 |   0.802     -1.650 -1.042 |      0.405     -0.692     -2.010    0.140 |      0.028     -0.017      3.112 |  FirstCopy  LastCopy
 1415 |  -211 -        pi- |  1 | 1221 1221   -1   -1 |  1  0 |   2.331     -1.338 -0.729 |      1.738     -1.553     -4.135    0.140 |      0.028     -0.017      3.112 |  FirstCopy  LastCopy
 1416 |   310 -       K_S0 |  1 | 1226 1226   -1   -1 |  1  0 |   1.140     -1.746 -1.415 |      0.177     -1.127     -3.170    0.498 |      0.028     -0.017      3.112 |  FirstCopy  LastCopy
 1417 |   130 -       K_L0 |  1 | 1237 1237   -1   -1 |  1  0 |   0.467     -4.931 -1.735 |     -0.076     -0.461    -32.320    0.498 |      0.028     -0.017      3.112 |  FirstCopy  LastCopy
 1418 |   130 -       K_L0 |  1 | 1242 1242   -1   -1 |  1  0 |   0.905     -4.100  2.012 |     -0.387      0.818    -27.314    0.498 |      0.028     -0.017      3.112 |  FirstCopy  LastCopy
 1419 |   130 -       K_L0 |  1 | 1269 1269   -1   -1 |  1  0 |   0.815     -2.140  1.549 |      0.018      0.815     -3.418    0.498 |      0.028     -0.017      3.112 |  FirstCopy  LastCopy
 1420 |   130 -       K_L0 |  1 | 1278 1278   -1   -1 |  1  0 |   0.197     -1.611  2.588 |     -0.168      0.104     -0.474    0.498 |      0.028     -0.017      3.112 |  FirstCopy  LastCopy
 1421 |   130 -       K_L0 |  1 | 1288 1288   -1   -1 |  1  0 |   1.144      2.247  0.357 |      1.072      0.400      5.354    0.498 |      0.028     -0.017      3.112 |  FirstCopy  LastCopy
 1422 |   310 -       K_S0 |  1 | 1321 1321   -1   -1 |  1  0 |   0.901      3.759  0.663 |      0.710      0.555     19.318    0.498 |      0.028     -0.017      3.112 |  FirstCopy  LastCopy
 1423 |   130 -       K_L0 |  1 | 1362 1362   -1   -1 |  1  0 |   0.308      5.924  0.591 |      0.255      0.172     57.545    0.498 |      0.028     -0.017      3.112 |  FirstCopy  LastCopy
 1424 |   130 -       K_L0 |  1 | 1378 1378   -1   -1 |  1  0 |   0.251      2.041 -2.040 |     -0.114     -0.224      0.950    0.498 |      0.028     -0.017      3.112 |  FirstCopy  LastCopy
 1425 |   130 -       K_L0 |  1 | 1382 1382   -1   -1 |  1  0 |   0.279     -3.031 -2.667 |     -0.248     -0.128     -2.882    0.498 |      0.028     -0.017      3.112 |  FirstCopy  LastCopy
 1426 |   130 -       K_L0 |  1 | 1394 1394   -1   -1 |  1  0 |   0.207      3.146 -2.236 |     -0.128     -0.163      2.400    0.498 |      0.028     -0.017      3.112 |  FirstCopy  LastCopy
 1427 |    22 -      gamma |  1 |  792  792   -1   -1 |  1  0 |   0.555      4.310 -0.188 |      0.545     -0.104     20.640   -0.000 |      0.028     -0.017      3.113 |  FirstCopy  LastCopy
 1428 |    22 -      gamma |  1 |  792  792   -1   -1 |  1  0 |   0.368      4.095 -0.396 |      0.340     -0.142     11.055   -0.000 |      0.028     -0.017      3.113 |  FirstCopy  LastCopy
 1429 |   211 -        pi+ |  1 |  798  798   -1   -1 |  1  0 |   0.285      2.341  0.883 |      0.181      0.220      1.469    0.140 |      0.028     -0.017      3.112 |  FirstCopy  LastCopy
 1430 |  -211 -        pi- |  1 |  798  798   -1   -1 |  1  0 |   0.204      1.522  2.363 |     -0.146      0.144      0.446    0.140 |      0.028     -0.017      3.112 |  FirstCopy  LastCopy
 1431 |   111 -        pi0 |  2 |  798  798 1723 1724 |  1  2 |   0.204      2.421 -0.491 |      0.180     -0.096      1.141    0.135 |      0.028     -0.017      3.112 |  FirstCopy  LastCopy  LastCopyBeforeFSR
 1432 |    22 -      gamma |  1 |  803  803   -1   -1 |  1  0 |   1.550     -2.532 -3.000 |     -1.535     -0.218     -9.692   -0.000 |      0.028     -0.017      3.112 |  FirstCopy  LastCopy
 1433 |    22 -      gamma |  1 |  803  803   -1   -1 |  1  0 |   0.259     -2.745 -3.003 |     -0.256     -0.036     -2.007   -0.000 |      0.028     -0.017      3.112 |  FirstCopy  LastCopy
 1434 |   -12 -    nu_ebar |  1 |  829  829   -1   -1 |  1  0 |  37.457     -1.588 -2.098 |    -18.842    -32.372    -87.855    0.000 |     -0.128     -0.288      2.394 |  FirstCopy  LastCopy
 1435 |    11 -         e- |  1 |  829  829   -1   -1 |  1  0 |   4.951     -1.431 -2.210 |     -2.953     -3.974     -9.765    0.001 |     -0.128     -0.288      2.394 |  FirstCopy  LastCopy
 1436 | 10421 -      D*_00 |  2 |  829  829 1725 1726 |  1  2 |  51.912     -1.563 -2.077 |    -25.167    -45.404   -118.504    2.326 |     -0.128     -0.288      2.394 |  FirstCopy  LastCopy
 1437 |    22 -      gamma |  1 |  830  830   -1   -1 |  1  0 |   1.387     -1.605 -2.098 |     -0.698     -1.199     -3.313   -0.000 |      0.027     -0.017      3.110 |  FirstCopy  LastCopy
 1438 |    22 -      gamma |  1 |  830  830   -1   -1 |  1  0 |   5.778     -1.651 -2.110 |     -2.969     -4.958    -14.500   -0.000 |      0.027     -0.017      3.110 |  FirstCopy  LastCopy
 1439 |    22 -      gamma |  1 |  832  832   -1   -1 |  1  0 |   3.032     -1.608 -1.933 |     -1.076     -2.835     -7.263    0.000 |      0.028     -0.017      3.111 |  FirstCopy  LastCopy
 1440 |    22 -      gamma |  1 |  832  832   -1   -1 |  1  0 |   3.517     -1.637 -1.962 |     -1.342     -3.251     -8.697    0.000 |      0.028     -0.017      3.111 |  FirstCopy  LastCopy
 1441 |    22 -      gamma |  1 |  833  833   -1   -1 |  1  0 |   0.470     -1.305 -2.282 |     -0.307     -0.356     -0.804   -0.000 |      0.028     -0.017      3.112 |  FirstCopy  LastCopy
 1442 |    22 -      gamma |  1 |  833  833   -1   -1 |  1  0 |   2.365     -1.431 -2.304 |     -1.583     -1.757     -4.664   -0.000 |      0.028     -0.017      3.112 |  FirstCopy  LastCopy
 1443 |    22 -      gamma |  1 |  840  840   -1   -1 |  1  0 |   3.280      0.920  2.305 |     -2.199      2.434      3.460   -0.000 |      0.028     -0.017      3.112 |  FirstCopy  LastCopy
 1444 |    22 -      gamma |  1 |  840  840   -1   -1 |  1  0 |   0.629      0.996  2.361 |     -0.447      0.443      0.735   -0.000 |      0.028     -0.017      3.112 |  FirstCopy  LastCopy
 1445 |    22 -      gamma |  1 |  842  842   -1   -1 |  1  0 |   0.228      0.476 -1.971 |     -0.089     -0.210      0.112    0.000 |      0.028     -0.017      3.112 |  FirstCopy  LastCopy
 1446 |    22 -      gamma |  1 |  842  842   -1   -1 |  1  0 |   0.491      0.813 -2.191 |     -0.285     -0.400      0.445   -0.000 |      0.028     -0.017      3.112 |  FirstCopy  LastCopy
 1447 |    22 -      gamma |  1 |  843  843   -1   -1 |  1  0 |   0.299      0.151 -2.363 |     -0.213     -0.210      0.045   -0.000 |      0.028     -0.017      3.112 |  FirstCopy  LastCopy
 1448 |    22 -      gamma |  1 |  843  843   -1   -1 |  1  0 |   0.265     -0.289 -2.179 |     -0.151     -0.217     -0.078   -0.000 |      0.028     -0.017      3.112 |  FirstCopy  LastCopy
 1449 |    22 -      gamma |  1 |  849  849   -1   -1 |  1  0 |   0.327     -4.083 -1.806 |     -0.076     -0.318     -9.706    0.000 |      0.028     -0.017      3.112 |  FirstCopy  LastCopy
 1450 |    22 -      gamma |  1 |  849  849   -1   -1 |  1  0 |   0.329     -4.098 -1.392 |      0.058     -0.324     -9.902   -0.000 |      0.028     -0.017      3.112 |  FirstCopy  LastCopy
 1451 |   211 -        pi+ |  1 |  878  878   -1   -1 |  1  0 |   0.478     -1.407 -2.410 |     -0.356     -0.319     -0.917    0.140 |      0.028     -0.017      3.112 |  FirstCopy  LastCopy
 1452 |  -211 -        pi- |  1 |  878  878   -1   -1 |  1  0 |   0.230     -0.985 -2.764 |     -0.214     -0.085     -0.265    0.140 |      0.028     -0.017      3.112 |  FirstCopy  LastCopy
 1453 |   111 -        pi0 |  2 |  878  878 1727 1728 |  1  2 |   0.173     -1.011 -2.938 |     -0.170     -0.035     -0.207    0.135 |      0.028     -0.017      3.112 |  FirstCopy  LastCopy  LastCopyBeforeFSR
 1454 |    22 -      gamma |  1 |  880  880   -1   -1 |  1  0 |   0.462     -1.374 -2.868 |     -0.445     -0.125     -0.855   -0.000 |      0.028     -0.017      3.112 |  FirstCopy  LastCopy
 1455 |    22 -      gamma |  1 |  880  880   -1   -1 |  1  0 |   0.798     -1.226 -3.034 |     -0.793     -0.086     -1.242   -0.000 |      0.028     -0.017      3.112 |  FirstCopy  LastCopy
 1456 |   211 -        pi+ |  1 |  882  882   -1   -1 |  1  0 |   0.055     -2.598 -2.403 |     -0.041     -0.037     -0.371    0.140 |      0.028     -0.017      3.112 |  FirstCopy  LastCopy
 1457 |  -211 -        pi- |  1 |  882  882   -1   -1 |  1  0 |   0.294     -0.863 -3.022 |     -0.292     -0.035     -0.286    0.140 |      0.028     -0.017      3.112 |  FirstCopy  LastCopy
 1458 |   221 -        eta |  2 |  882  882 1729 1730 |  1  2 |   0.435     -1.555  2.777 |     -0.407      0.155     -0.984    0.548 |      0.028     -0.017      3.112 |  FirstCopy  LastCopy  LastCopyBeforeFSR
 1459 |   111 -        pi0 |  2 |  883  883 1731 1732 |  1  2 |   0.786     -1.091  2.838 |     -0.750      0.235     -1.038    0.135 |      0.028     -0.017      3.112 |  FirstCopy  LastCopy  LastCopyBeforeFSR
 1460 |   111 -        pi0 |  2 |  883  883 1733 1734 |  1  2 |   0.326     -1.479 -3.137 |     -0.326     -0.002     -0.678    0.135 |      0.028     -0.017      3.112 |  FirstCopy  LastCopy  LastCopyBeforeFSR
 1461 |   111 -        pi0 |  2 |  883  883 1735 1736 |  1  2 |   0.790     -1.224  3.054 |     -0.787      0.069     -1.227    0.135 |      0.028     -0.017      3.112 |  FirstCopy  LastCopy  LastCopyBeforeFSR
 1462 |    22 -      gamma |  1 |  885  885   -1   -1 |  1  0 |   1.251     -0.874  2.596 |     -1.070      0.649     -1.238    0.000 |      0.028     -0.017      3.112 |  FirstCopy  LastCopy
 1463 |    22 -      gamma |  1 |  885  885   -1   -1 |  1  0 |   0.107     -1.240  2.614 |     -0.093      0.054     -0.170    0.000 |      0.028     -0.017      3.112 |  FirstCopy  LastCopy
 1464 |   211 -        pi+ |  1 |  886  886   -1   -1 |  1  0 |   0.649     -1.398  2.136 |     -0.347      0.548     -1.233    0.140 |      0.028     -0.017      3.112 |  FirstCopy  LastCopy
 1465 |  -211 -        pi- |  1 |  886  886   -1   -1 |  1  0 |   0.451     -2.053  2.183 |     -0.259      0.369     -1.729    0.140 |      0.028     -0.017      3.112 |  FirstCopy  LastCopy
 1466 |   111 -        pi0 |  2 |  886  886 1737 1738 |  1  2 |   0.744     -1.214  2.389 |     -0.544      0.509     -1.142    0.135 |      0.028     -0.017      3.112 |  FirstCopy  LastCopy  LastCopyBeforeFSR
 1467 |  -311 -      Kbar0 |  2 |  889  889 1739 1739 |  1  1 |   1.020     -2.426  1.484 |      0.089      1.017     -5.726    0.498 |      0.033      0.001      2.959 |  FirstCopy  LastCopy
 1468 |  -211 -        pi- |  1 |  889  889   -1   -1 |  1  0 |   0.556     -2.136  1.635 |     -0.036      0.555     -2.322    0.140 |      0.033      0.001      2.959 |  FirstCopy  LastCopy
 1469 |  -211 -        pi- |  1 |  889  889   -1   -1 |  1  0 |   0.286     -3.438  0.450 |      0.258      0.125     -4.451    0.140 |      0.033      0.001      2.959 |  FirstCopy  LastCopy
 1470 |   211 -        pi+ |  1 |  889  889   -1   -1 |  1  0 |   0.072     -4.190  0.435 |      0.065      0.030     -2.375    0.140 |      0.033      0.001      2.959 |  FirstCopy  LastCopy
 1471 |   211 -        pi+ |  1 |  889  889   -1   -1 |  1  0 |   0.296     -2.381  0.989 |      0.163      0.247     -1.585    0.140 |      0.033      0.001      2.959 |  FirstCopy  LastCopy
 1472 |   421 -         D0 |  2 |  902  902 1740 1741 |  1  2 |   1.786     -3.023  1.811 |     -0.425      1.735    -18.313    1.865 |      0.028     -0.017      3.112 |  FirstCopy  LastCopy
 1473 |   211 -        pi+ |  1 |  902  902   -1   -1 |  1  0 |   0.099     -3.022  1.856 |     -0.028      0.095     -1.016    0.140 |      0.028     -0.017      3.112 |  FirstCopy  LastCopy
 1474 |    22 -      gamma |  1 |  904  904   -1   -1 |  1  0 |   0.087     -2.586  1.902 |     -0.028      0.083     -0.576   -0.000 |      0.028     -0.017      3.112 |  FirstCopy  LastCopy
 1475 |    22 -      gamma |  1 |  904  904   -1   -1 |  1  0 |   0.248     -2.804  2.825 |     -0.236      0.077     -2.041    0.000 |      0.028     -0.017      3.112 |  FirstCopy  LastCopy
 1476 |    22 -      gamma |  1 |  907  907   -1   -1 |  1  0 |   0.722     -2.450  2.118 |     -0.376      0.616     -4.150    0.000 |      0.028     -0.017      3.112 |  FirstCopy  LastCopy
 1477 |    22 -      gamma |  1 |  907  907   -1   -1 |  1  0 |   0.388     -3.034  2.995 |     -0.384      0.056     -4.020   -0.000 |      0.028     -0.017      3.112 |  FirstCopy  LastCopy
 1478 |   211 -        pi+ |  1 |  909  909   -1   -1 |  1  0 |   0.396     -2.818  2.650 |     -0.349      0.187     -3.305    0.140 |      0.028     -0.017      3.112 |  FirstCopy  LastCopy
 1479 |  -211 -        pi- |  1 |  909  909   -1   -1 |  1  0 |   0.454     -2.627 -3.094 |     -0.453     -0.022     -3.122    0.140 |      0.028     -0.017      3.112 |  FirstCopy  LastCopy
 1480 |   111 -        pi0 |  2 |  909  909 1742 1743 |  1  2 |   0.053     -2.301 -2.391 |     -0.038     -0.036     -0.260    0.135 |      0.028     -0.017      3.112 |  FirstCopy  LastCopy  LastCopyBeforeFSR
 1481 |   211 -        pi+ |  1 |  910  910   -1   -1 |  1  0 |   0.100     -3.801 -2.409 |     -0.074     -0.067     -2.238    0.140 |      0.028     -0.017      3.112 |  FirstCopy  LastCopy
 1482 |  -211 -        pi- |  1 |  910  910   -1   -1 |  1  0 |   0.550     -3.166 -2.397 |     -0.404     -0.373     -6.502    0.140 |      0.028     -0.017      3.112 |  FirstCopy  LastCopy
 1483 |   111 -        pi0 |  2 |  910  910 1744 1745 |  1  2 |   0.329     -3.135 -2.911 |     -0.321     -0.075     -3.780    0.135 |      0.028     -0.017      3.112 |  FirstCopy  LastCopy  LastCopyBeforeFSR
 1484 |    22 -      gamma |  1 |  912  912   -1   -1 |  1  0 |   0.148     -3.443 -1.835 |     -0.039     -0.143     -2.313    0.000 |      0.028     -0.017      3.112 |  FirstCopy  LastCopy
 1485 |    22 -      gamma |  1 |  912  912   -1   -1 |  1  0 |   0.189     -2.874 -1.262 |      0.057     -0.180     -1.669    0.000 |      0.028     -0.017      3.112 |  FirstCopy  LastCopy
 1486 |   211 -        pi+ |  1 |  916  916   -1   -1 |  1  0 |   0.513     -4.445 -1.600 |     -0.015     -0.513    -21.866    0.140 |      0.028     -0.017      3.112 |  FirstCopy  LastCopy
 1487 |  -211 -        pi- |  1 |  916  916   -1   -1 |  1  0 |   0.155     -5.399 -1.346 |      0.035     -0.151    -17.103    0.140 |      0.028     -0.017      3.112 |  FirstCopy  LastCopy
 1488 |   111 -        pi0 |  2 |  916  916 1746 1747 |  1  2 |   0.116     -5.006  1.449 |      0.014      0.115     -8.634    0.135 |      0.028     -0.017      3.112 |  FirstCopy  LastCopy  LastCopyBeforeFSR
 1489 |    22 -      gamma |  1 |  921  921   -1   -1 |  1  0 |   0.064     -3.785  0.232 |      0.062      0.015     -1.402    0.000 |      0.028     -0.017      3.112 |  FirstCopy  LastCopy
 1490 |    22 -      gamma |  1 |  921  921   -1   -1 |  1  0 |   0.311     -4.644 -0.133 |      0.309     -0.041    -16.194    0.000 |      0.028     -0.017      3.112 |  FirstCopy  LastCopy
 1491 |    22 -      gamma |  1 |  925  925   -1   -1 |  1  0 |   0.020     -2.250 -2.064 |     -0.009     -0.017     -0.092    0.000 |      0.028     -0.017      3.112 |  FirstCopy  LastCopy
 1492 |    22 -      gamma |  1 |  925  925   -1   -1 |  1  0 |   0.113     -4.530 -1.469 |      0.011     -0.112     -5.233   -0.000 |      0.028     -0.017      3.112 |  FirstCopy  LastCopy
 1493 |    22 -      gamma |  1 |  930  930   -1   -1 |  1  0 |   0.319      0.805  1.647 |     -0.024      0.318      0.286    0.000 |      0.028     -0.017      3.112 |  FirstCopy  LastCopy
 1494 |    22 -      gamma |  1 |  930  930   -1   -1 |  1  0 |   0.286      1.248  1.642 |     -0.020      0.285      0.457    0.000 |      0.028     -0.017      3.112 |  FirstCopy  LastCopy
 1495 |   211 -        pi+ |  1 |  944  944   -1   -1 |  1  0 |   0.253      2.023 -0.596 |      0.209     -0.142      0.940    0.140 |      0.028     -0.017      3.112 |  FirstCopy  LastCopy
 1496 |  -211 -        pi- |  1 |  944  944   -1   -1 |  1  0 |   0.222      2.308 -2.594 |     -0.189     -0.116      1.104    0.140 |      0.028     -0.017      3.112 |  FirstCopy  LastCopy
 1497 |   111 -        pi0 |  2 |  944  944 1748 1749 |  1  2 |   0.530      1.742 -1.346 |      0.118     -0.517      1.466    0.135 |      0.028     -0.017      3.112 |  FirstCopy  LastCopy  LastCopyBeforeFSR
 1498 |   211 -        pi+ |  1 |  949  949   -1   -1 |  1  0 |   0.134      3.513  1.472 |      0.013      0.133      2.239    0.140 |      0.028     -0.017      3.112 |  FirstCopy  LastCopy
 1499 |  -211 -        pi- |  1 |  949  949   -1   -1 |  1  0 |   0.099      3.161 -1.848 |     -0.027     -0.095      1.162    0.140 |      0.028     -0.017      3.112 |  FirstCopy  LastCopy
 1500 |   111 -        pi0 |  2 |  949  949 1750 1751 |  1  2 |   0.149      3.110  1.457 |      0.017      0.148      1.671    0.135 |      0.028     -0.017      3.112 |  FirstCopy  LastCopy  LastCopyBeforeFSR
 1501 |    22 -      gamma |  1 |  953  953   -1   -1 |  1  0 |   0.034      6.239 -0.369 |      0.032     -0.012      8.813    0.000 |      0.028     -0.017      3.114 |  FirstCopy  LastCopy
 1502 |    22 -      gamma |  1 |  953  953   -1   -1 |  1  0 |   0.281      5.454  0.808 |      0.194      0.204     32.900   -0.000 |      0.028     -0.017      3.114 |  FirstCopy  LastCopy
 1503 |   521 -         B+ |  2 |  968  968 1752 1756 |  1  5 | 112.618     -3.747  1.010 |     59.890     95.373  -2385.541    5.279 |      0.028     -0.017      3.112 |  FirstCopy  LastCopy
 1504 |    22 -      gamma |  1 |  968  968   -1   -1 |  1  0 |   1.556     -3.753  1.033 |      0.797      1.337    -33.163    0.000 |      0.028     -0.017      3.112 |  FirstCopy  LastCopy
 1505 |    22 -      gamma |  1 |  989  989   -1   -1 |  1  0 |   0.551     -0.648  0.639 |      0.442      0.329     -0.382    0.000 |      0.028     -0.017      3.112 |  FirstCopy  LastCopy
 1506 |    22 -      gamma |  1 |  989  989   -1   -1 |  1  0 |   0.763     -0.720  0.444 |      0.689      0.328     -0.598    0.000 |      0.028     -0.017      3.112 |  FirstCopy  LastCopy
 1507 |    22 -      gamma |  1 |  993  993   -1   -1 |  1  0 |   0.205     -0.111 -1.390 |      0.037     -0.202     -0.023    0.000 |      0.028     -0.017      3.112 |  FirstCopy  LastCopy
 1508 |    22 -      gamma |  1 |  993  993   -1   -1 |  1  0 |   0.142     -0.028 -2.197 |     -0.083     -0.115     -0.004    0.000 |      0.028     -0.017      3.112 |  FirstCopy  LastCopy
 1509 |   211 -        pi+ |  1 |  995  995   -1   -1 |  1  0 |   0.203     -1.409  0.011 |      0.203      0.002     -0.390    0.140 |      0.028     -0.017      3.112 |  FirstCopy  LastCopy
 1510 |  -211 -        pi- |  1 |  995  995   -1   -1 |  1  0 |   0.520     -0.337 -0.025 |      0.520     -0.013     -0.179    0.140 |      0.028     -0.017      3.112 |  FirstCopy  LastCopy
 1511 |   111 -        pi0 |  2 |  995  995 1757 1758 |  1  2 |   0.058      1.063 -2.238 |     -0.036     -0.046      0.074    0.135 |      0.028     -0.017      3.112 |  FirstCopy  LastCopy  LastCopyBeforeFSR
 1512 |    22 -      gamma |  1 |  996  996   -1   -1 |  1  0 |   0.036      0.363 -1.732 |     -0.006     -0.035      0.013   -0.000 |      0.028     -0.017      3.112 |  FirstCopy  LastCopy
 1513 |    22 -      gamma |  1 |  996  996   -1   -1 |  1  0 |   0.227      0.413 -0.043 |      0.226     -0.010      0.096    0.000 |      0.028     -0.017      3.112 |  FirstCopy  LastCopy
 1514 |   211 -        pi+ |  1 |  997  997   -1   -1 |  1  0 |   0.750      0.446  0.742 |      0.553      0.507      0.345    0.140 |      0.028     -0.017      3.112 |  FirstCopy  LastCopy
 1515 |  -211 -        pi- |  1 |  997  997   -1   -1 |  1  0 |   0.147     -0.484 -0.315 |      0.140     -0.046     -0.074    0.140 |      0.028     -0.017      3.112 |  FirstCopy  LastCopy
 1516 |   111 -        pi0 |  2 |  997  997 1759 1760 |  1  2 |   0.213      0.890  0.964 |      0.122      0.175      0.216    0.135 |      0.028     -0.017      3.112 |  FirstCopy  LastCopy  LastCopyBeforeFSR
 1517 |   211 -        pi+ |  1 | 1001 1001   -1   -1 |  1  0 |   0.499      1.787  0.266 |      0.482      0.131      1.448    0.140 |      0.028     -0.017      3.112 |  FirstCopy  LastCopy
 1518 |  -211 -        pi- |  1 | 1001 1001   -1   -1 |  1  0 |   0.622      2.273  0.824 |      0.423      0.457      2.988    0.140 |      0.028     -0.017      3.112 |  FirstCopy  LastCopy
 1519 |   111 -        pi0 |  2 | 1001 1001 1761 1762 |  1  2 |   0.500      1.542  0.743 |      0.368      0.338      1.115    0.135 |      0.028     -0.017      3.112 |  FirstCopy  LastCopy  LastCopyBeforeFSR
 1520 |   211 -        pi+ |  1 | 1002 1002   -1   -1 |  1  0 |   0.051      3.264 -0.008 |      0.051     -0.000      0.667    0.140 |      0.028     -0.017      3.112 |  FirstCopy  LastCopy
 1521 |  -211 -        pi- |  1 | 1002 1002   -1   -1 |  1  0 |   0.316      2.077  1.171 |      0.123      0.292      1.243    0.140 |      0.028     -0.017      3.112 |  FirstCopy  LastCopy
 1522 |   221 -        eta |  2 | 1002 1002 1763 1764 |  1  2 |   1.005      1.962  0.923 |      0.607      0.801      3.504    0.548 |      0.028     -0.017      3.112 |  FirstCopy  LastCopy  LastCopyBeforeFSR
 1523 |   211 -        pi+ |  1 | 1006 1006   -1   -1 |  1  0 |   0.034      3.746  0.423 |      0.031      0.014      0.719    0.140 |      0.028     -0.017      3.112 |  FirstCopy  LastCopy
 1524 |  -211 -        pi- |  1 | 1006 1006   -1   -1 |  1  0 |   0.317      2.534 -0.222 |      0.310     -0.070      1.989    0.140 |      0.028     -0.017      3.112 |  FirstCopy  LastCopy
 1525 |   221 -        eta |  2 | 1006 1006 1765 1767 |  1  3 |   1.143      2.371 -0.421 |      1.043     -0.467      6.069    0.548 |      0.028     -0.017      3.112 |  FirstCopy  LastCopy
 1526 |   211 -        pi+ |  1 | 1007 1007   -1   -1 |  1  0 |   0.492      1.641 -1.446 |      0.061     -0.488      1.221    0.140 |      0.028     -0.017      3.112 |  FirstCopy  LastCopy
 1527 |  -211 -        pi- |  1 | 1007 1007   -1   -1 |  1  0 |   0.449      2.125 -1.063 |      0.219     -0.393      1.855    0.140 |      0.028     -0.017      3.112 |  FirstCopy  LastCopy
 1528 |    22 -      gamma |  1 | 1007 1007   -1   -1 |  1  0 |   0.120      2.207 -2.235 |     -0.074     -0.095      0.539    0.000 |      0.028     -0.017      3.112 |  FirstCopy  LastCopy
 1529 |   211 -        pi+ |  1 | 1009 1009   -1   -1 |  1  0 |   1.508      1.588 -0.806 |      1.044     -1.088      3.534    0.140 |      0.028     -0.017      3.112 |  FirstCopy  LastCopy
 1530 |  -211 -        pi- |  1 | 1009 1009   -1   -1 |  1  0 |   0.152      2.212 -0.212 |      0.148     -0.032      0.685    0.140 |      0.028     -0.017      3.112 |  FirstCopy  LastCopy
 1531 |   111 -        pi0 |  2 | 1009 1009 1768 1769 |  1  2 |   0.879      1.532 -0.553 |      0.748     -0.462      1.938    0.135 |      0.028     -0.017      3.112 |  FirstCopy  LastCopy  LastCopyBeforeFSR
 1532 |    22 -      gamma |  1 | 1014 1014   -1   -1 |  1  0 |   0.259      1.502 -1.288 |      0.072     -0.249      0.553   -0.000 |      0.028     -0.017      3.112 |  FirstCopy  LastCopy
 1533 |    22 -      gamma |  1 | 1014 1014   -1   -1 |  1  0 |   0.397      1.243 -1.621 |     -0.020     -0.396      0.630   -0.000 |      0.028     -0.017      3.112 |  FirstCopy  LastCopy
 1534 |    22 -      gamma |  1 | 1015 1015   -1   -1 |  1  0 |   0.523      2.331 -0.396 |      0.483     -0.202      2.667   -0.000 |      0.028     -0.017      3.112 |  FirstCopy  LastCopy
 1535 |    22 -      gamma |  1 | 1015 1015   -1   -1 |  1  0 |   0.162      2.784 -0.474 |      0.144     -0.074      1.306    0.000 |      0.028     -0.017      3.112 |  FirstCopy  LastCopy
 1536 |   111 -        pi0 |  2 | 1017 1017 1770 1771 |  1  2 |   0.340      1.227 -2.080 |     -0.166     -0.297      0.531    0.135 |      0.028     -0.017      3.112 |  FirstCopy  LastCopy  LastCopyBeforeFSR
 1537 |   111 -        pi0 |  2 | 1017 1017 1772 1773 |  1  2 |   0.282      0.898 -2.003 |     -0.118     -0.256      0.289    0.135 |      0.028     -0.017      3.112 |  FirstCopy  LastCopy  LastCopyBeforeFSR
 1538 |   111 -        pi0 |  2 | 1017 1017 1774 1775 |  1  2 |   0.174      2.055 -2.053 |     -0.081     -0.154      0.668    0.135 |      0.028     -0.017      3.112 |  FirstCopy  LastCopy  LastCopyBeforeFSR
 1539 |    22 -      gamma |  1 | 1057 1057   -1   -1 |  1  0 |   0.687      4.241  1.620 |     -0.034      0.686     23.857    0.000 |      0.028     -0.017      3.112 |  FirstCopy  LastCopy
 1540 |    22 -      gamma |  1 | 1057 1057   -1   -1 |  1  0 |   2.155      4.324  1.546 |      0.053      2.154     81.321   -0.000 |      0.028     -0.017      3.112 |  FirstCopy  LastCopy
 1541 |    22 -      gamma |  1 | 1058 1058   -1   -1 |  1  0 |   0.245      4.337  0.975 |      0.138      0.203      9.382   -0.000 |      0.028     -0.017      3.112 |  FirstCopy  LastCopy
 1542 |    22 -      gamma |  1 | 1058 1058   -1   -1 |  1  0 |   0.097      5.079  1.415 |      0.015      0.095      7.765    0.000 |      0.028     -0.017      3.112 |  FirstCopy  LastCopy
 1543 |    22 -      gamma |  1 | 1066 1066   -1   -1 |  1  0 |   0.258      6.571  1.947 |     -0.095      0.240     92.039   -0.000 |      0.028     -0.017      3.115 |  FirstCopy  LastCopy
 1544 |    22 -      gamma |  1 | 1066 1066   -1   -1 |  1  0 |   0.168      6.225  2.503 |     -0.135      0.100     42.355    0.000 |      0.028     -0.017      3.115 |  FirstCopy  LastCopy
 1545 |   211 -        pi+ |  1 | 1068 1068   -1   -1 |  1  0 |   0.083      6.994 -1.114 |      0.037     -0.075     45.252    0.140 |      0.028     -0.017      3.112 |  FirstCopy  LastCopy
 1546 |  -211 -        pi- |  1 | 1068 1068   -1   -1 |  1  0 |   0.143      6.024 -0.446 |      0.129     -0.062     29.503    0.140 |      0.028     -0.017      3.112 |  FirstCopy  LastCopy
 1547 |   111 -        pi0 |  2 | 1068 1068 1776 1777 |  1  2 |   0.503      6.052  1.381 |      0.095      0.494    106.860    0.135 |      0.028     -0.017      3.112 |  FirstCopy  LastCopy  LastCopyBeforeFSR
 1548 |    22 -      gamma |  1 | 1074 1074   -1   -1 |  1  0 |   0.221      6.857 -2.414 |     -0.165     -0.147    105.055   -0.000 |      0.028     -0.017      3.112 |  FirstCopy  LastCopy
 1549 |    22 -      gamma |  1 | 1074 1074   -1   -1 |  1  0 |   0.149      6.130 -2.410 |     -0.111     -0.100     34.350    0.000 |      0.028     -0.017      3.112 |  FirstCopy  LastCopy
 1550 |   211 -        pi+ |  1 | 1075 1075   -1   -1 |  1  0 |   0.948      6.401 -1.480 |      0.086     -0.944    285.441    0.140 |      0.028     -0.017      3.112 |  FirstCopy  LastCopy
 1551 |  -211 -        pi- |  1 | 1075 1075   -1   -1 |  1  0 |   0.235      6.250 -2.399 |     -0.173     -0.159     60.981    0.140 |      0.028     -0.017      3.112 |  FirstCopy  LastCopy
 1552 |   111 -        pi0 |  2 | 1075 1075 1778 1779 |  1  2 |   0.655      6.275 -1.358 |      0.139     -0.640    174.020    0.135 |      0.028     -0.017      3.112 |  FirstCopy  LastCopy  LastCopyBeforeFSR
 1553 |   211 -        pi+ |  1 | 1090 1090   -1   -1 |  1  0 |   0.076      1.999  2.195 |     -0.044      0.062      0.275    0.140 |      0.028     -0.017      3.112 |  FirstCopy  LastCopy
 1554 |  -211 -        pi- |  1 | 1090 1090   -1   -1 |  1  0 |   0.255      1.396  2.208 |     -0.152      0.205      0.483    0.140 |      0.028     -0.017      3.112 |  FirstCopy  LastCopy
 1555 |   111 -        pi0 |  2 | 1090 1090 1780 1781 |  1  2 |   0.324      1.230  1.281 |      0.093      0.311      0.507    0.135 |      0.028     -0.017      3.112 |  FirstCopy  LastCopy  LastCopyBeforeFSR
 1556 |    22 -      gamma |  1 | 1091 1091   -1   -1 |  1  0 |   0.162      1.979  2.290 |     -0.106      0.122      0.574   -0.000 |      0.028     -0.017      3.112 |  FirstCopy  LastCopy
 1557 |    22 -      gamma |  1 | 1091 1091   -1   -1 |  1  0 |   0.464      2.435  2.112 |     -0.239      0.397      2.626    0.000 |      0.028     -0.017      3.112 |  FirstCopy  LastCopy
 1558 |   211 -        pi+ |  1 | 1092 1092   -1   -1 |  1  0 |   0.747      1.316  1.788 |     -0.161      0.729      1.292    0.140 |      0.028     -0.017      3.112 |  FirstCopy  LastCopy
 1559 |  -211 -        pi- |  1 | 1092 1092   -1   -1 |  1  0 |   1.370      1.791  1.836 |     -0.359      1.322      3.991    0.140 |      0.028     -0.017      3.112 |  FirstCopy  LastCopy
 1560 |   111 -        pi0 |  2 | 1092 1092 1782 1783 |  1  2 |   0.162      1.765  1.574 |     -0.000      0.162      0.461    0.135 |      0.028     -0.017      3.112 |  FirstCopy  LastCopy  LastCopyBeforeFSR
 1561 |    22 -      gamma |  1 | 1096 1096   -1   -1 |  1  0 |   0.387      0.936  1.718 |     -0.057      0.383      0.417   -0.000 |      0.028     -0.017      3.112 |  FirstCopy  LastCopy
 1562 |    22 -      gamma |  1 | 1096 1096   -1   -1 |  1  0 |   0.302      1.126  1.370 |      0.060      0.296      0.416    0.000 |      0.028     -0.017      3.112 |  FirstCopy  LastCopy
 1563 |    22 -      gamma |  1 | 1100 1100   -1   -1 |  1  0 |   0.059     -5.979 -1.760 |     -0.011     -0.058    -11.570   -0.000 |      0.028     -0.017      3.112 |  FirstCopy  LastCopy
 1564 |    22 -      gamma |  1 | 1100 1100   -1   -1 |  1  0 |   0.261     -6.114 -0.615 |      0.213     -0.151    -58.999   -0.000 |      0.028     -0.017      3.112 |  FirstCopy  LastCopy
 1565 |    22 -      gamma |  1 | 1103 1103   -1   -1 |  1  0 |   0.122     -4.375 -0.037 |      0.122     -0.005     -4.846    0.000 |      0.028     -0.017      3.112 |  FirstCopy  LastCopy
 1566 |    22 -      gamma |  1 | 1103 1103   -1   -1 |  1  0 |   0.333     -4.050  0.556 |      0.283      0.176     -9.555    0.000 |      0.028     -0.017      3.112 |  FirstCopy  LastCopy
 1567 |   211 -        pi+ |  1 | 1104 1104   -1   -1 |  1  0 |   0.200     -4.783  2.813 |     -0.189      0.064    -11.947    0.140 |      0.028     -0.017      3.112 |  FirstCopy  LastCopy
 1568 |  -211 -        pi- |  1 | 1104 1104   -1   -1 |  1  0 |   0.420     -4.370  2.746 |     -0.388      0.162    -16.611    0.140 |      0.028     -0.017      3.112 |  FirstCopy  LastCopy
 1569 |   111 -        pi0 |  2 | 1104 1104 1784 1785 |  1  2 |   0.011     -7.080 -2.251 |     -0.007     -0.009     -6.783    0.135 |      0.028     -0.017      3.112 |  FirstCopy  LastCopy  LastCopyBeforeFSR
 1570 |    22 -      gamma |  1 | 1105 1105   -1   -1 |  1  0 |   0.289     -5.609  1.436 |      0.039      0.286    -39.366    0.000 |      0.028     -0.017      3.108 |  FirstCopy  LastCopy
 1571 |    22 -      gamma |  1 | 1105 1105   -1   -1 |  1  0 |   0.052     -6.638  1.203 |      0.019      0.049    -19.896   -0.000 |      0.028     -0.017      3.108 |  FirstCopy  LastCopy
 1572 |   211 -        pi+ |  1 | 1106 1106   -1   -1 |  1  0 |   0.175     -2.701 -0.431 |      0.159     -0.073     -1.294    0.140 |      0.028     -0.017      3.112 |  FirstCopy  LastCopy
 1573 |  -211 -        pi- |  1 | 1106 1106   -1   -1 |  1  0 |   0.190     -2.590  0.176 |      0.187      0.033     -1.258    0.140 |      0.028     -0.017      3.112 |  FirstCopy  LastCopy
 1574 |   111 -        pi0 |  2 | 1106 1106 1786 1787 |  1  2 |   0.211     -3.193 -1.092 |      0.097     -0.187     -2.565    0.135 |      0.028     -0.017      3.112 |  FirstCopy  LastCopy  LastCopyBeforeFSR
 1575 |    22 -      gamma |  1 | 1109 1109   -1   -1 |  1  0 |   0.135     -1.433  2.306 |     -0.091      0.100     -0.267    0.000 |      0.028     -0.017      3.112 |  FirstCopy  LastCopy
 1576 |    22 -      gamma |  1 | 1109 1109   -1   -1 |  1  0 |   0.324     -1.269  1.672 |     -0.033      0.322     -0.530    0.000 |      0.028     -0.017      3.112 |  FirstCopy  LastCopy
 1577 |   211 -        pi+ |  1 | 1112 1112   -1   -1 |  1  0 |   0.049      1.108  0.205 |      0.048      0.010      0.066    0.140 |      0.028     -0.017      3.112 |  FirstCopy  LastCopy
 1578 |  -211 -        pi- |  1 | 1112 1112   -1   -1 |  1  0 |   0.300      0.061 -2.630 |     -0.262     -0.147      0.018    0.140 |      0.028     -0.017      3.112 |  FirstCopy  LastCopy
 1579 |   111 -        pi0 |  2 | 1112 1112 1788 1789 |  1  2 |   0.215      1.643  3.109 |     -0.215      0.007      0.535    0.135 |      0.028     -0.017      3.112 |  FirstCopy  LastCopy  LastCopyBeforeFSR
 1580 |    22 -      gamma |  1 | 1113 1113   -1   -1 |  1  0 |   0.419      0.812 -0.967 |      0.238     -0.345      0.379    0.000 |      0.028     -0.017      3.112 |  FirstCopy  LastCopy
 1581 |    22 -      gamma |  1 | 1113 1113   -1   -1 |  1  0 |   0.110      0.903 -0.334 |      0.104     -0.036      0.113    0.000 |      0.028     -0.017      3.112 |  FirstCopy  LastCopy
 1582 |    22 -      gamma |  1 | 1114 1114   -1   -1 |  1  0 |   0.132      3.213  0.308 |      0.126      0.040      1.642    0.000 |      0.028     -0.017      3.112 |  FirstCopy  LastCopy
 1583 |    22 -      gamma |  1 | 1114 1114   -1   -1 |  1  0 |   0.018      5.078  2.401 |     -0.013      0.012      1.452    0.000 |      0.028     -0.017      3.112 |  FirstCopy  LastCopy
 1584 |    22 -      gamma |  1 | 1127 1127   -1   -1 |  1  0 |   0.047     -1.960 -1.124 |      0.020     -0.042     -0.164    0.000 |      0.028     -0.017      3.112 |  FirstCopy  LastCopy
 1585 |    22 -      gamma |  1 | 1127 1127   -1   -1 |  1  0 |   0.928     -1.516 -1.594 |     -0.022     -0.928     -2.011    0.000 |      0.028     -0.017      3.112 |  FirstCopy  LastCopy
 1586 |    22 -      gamma |  1 | 1131 1131   -1   -1 |  1  0 |   1.968     -1.879 -1.919 |     -0.671     -1.850     -6.290    0.000 |      0.028     -0.017      3.112 |  FirstCopy  LastCopy
 1587 |    22 -      gamma |  1 | 1131 1131   -1   -1 |  1  0 |   0.007     -2.951 -2.080 |     -0.003     -0.006     -0.068    0.000 |      0.028     -0.017      3.112 |  FirstCopy  LastCopy
 1588 |    22 -      gamma |  1 | 1142 1142   -1   -1 |  1  0 |   0.211      0.200 -1.859 |     -0.060     -0.202      0.043   -0.000 |      0.028     -0.017      3.112 |  FirstCopy  LastCopy
 1589 |    22 -      gamma |  1 | 1142 1142   -1   -1 |  1  0 |   0.256      0.226 -2.448 |     -0.197     -0.164      0.058    0.000 |      0.028     -0.017      3.112 |  FirstCopy  LastCopy
 1590 |   211 -        pi+ |  1 | 1143 1143   -1   -1 |  1  0 |   0.084      1.421 -2.821 |     -0.080     -0.027      0.164    0.140 |      0.028     -0.017      3.112 |  FirstCopy  LastCopy
 1591 |  -211 -        pi- |  1 | 1143 1143   -1   -1 |  1  0 |   0.031      2.548  1.827 |     -0.008      0.030      0.197    0.140 |      0.028     -0.017      3.112 |  FirstCopy  LastCopy
 1592 |   111 -        pi0 |  2 | 1143 1143 1790 1791 |  1  2 |   0.068      3.084 -0.193 |      0.067     -0.013      0.741    0.135 |      0.028     -0.017      3.112 |  FirstCopy  LastCopy  LastCopyBeforeFSR
 1593 |    22 -      gamma |  1 | 1147 1147   -1   -1 |  1  0 |   0.293     -1.607 -1.784 |     -0.062     -0.286     -0.700    0.000 |      0.028     -0.017      3.112 |  FirstCopy  LastCopy
 1594 |    22 -      gamma |  1 | 1147 1147   -1   -1 |  1  0 |   0.214     -1.976 -2.178 |     -0.122     -0.176     -0.757    0.000 |      0.028     -0.017      3.112 |  FirstCopy  LastCopy
 1595 |    22 -      gamma |  1 | 1150 1150   -1   -1 |  1  0 |   0.247      5.445 -2.535 |     -0.203     -0.141     28.604    0.000 |      0.028     -0.017      3.112 |  FirstCopy  LastCopy
 1596 |    22 -      gamma |  1 | 1150 1150   -1   -1 |  1  0 |   0.072      4.481 -2.378 |     -0.052     -0.050      3.173    0.000 |      0.028     -0.017      3.112 |  FirstCopy  LastCopy
 1597 |    22 -      gamma |  1 | 1159 1159   -1   -1 |  1  0 |   0.033     -2.751 -0.831 |      0.022     -0.025     -0.260   -0.000 |      0.028     -0.017      3.112 |  FirstCopy  LastCopy
 1598 |    22 -      gamma |  1 | 1159 1159   -1   -1 |  1  0 |   0.616     -1.845 -0.727 |      0.460     -0.409     -1.901   -0.000 |      0.028     -0.017      3.112 |  FirstCopy  LastCopy
 1599 |   211 -        pi+ |  1 | 1160 1160   -1   -1 |  1  0 |   0.101     -3.934  2.678 |     -0.090      0.045     -2.573    0.140 |      0.028     -0.017      3.112 |  FirstCopy  LastCopy
 1600 |  -211 -        pi- |  1 | 1160 1160   -1   -1 |  1  0 |   0.169     -2.323  1.377 |      0.033      0.166     -0.855    0.140 |      0.028     -0.017      3.112 |  FirstCopy  LastCopy
 1601 |   111 -        pi0 |  2 | 1160 1160 1792 1793 |  1  2 |   0.252     -1.511  1.931 |     -0.089      0.236     -0.543    0.135 |      0.028     -0.017      3.112 |  FirstCopy  LastCopy  LastCopyBeforeFSR
 1602 |    22 -      gamma |  1 | 1161 1161   -1   -1 |  1  0 |   0.017     -2.009  0.629 |      0.014      0.010     -0.062   -0.000 |      0.028     -0.017      3.112 |  FirstCopy  LastCopy
 1603 |    22 -      gamma |  1 | 1161 1161   -1   -1 |  1  0 |   0.201     -3.503  2.554 |     -0.167      0.111     -3.329    0.000 |      0.028     -0.017      3.112 |  FirstCopy  LastCopy
 1604 |   111 -        pi0 |  2 | 1162 1162 1794 1795 |  1  2 |   0.090     -4.826  2.743 |     -0.083      0.035     -5.615    0.135 |      0.028     -0.017      3.112 |  FirstCopy  LastCopy  LastCopyBeforeFSR
 1605 |   111 -        pi0 |  2 | 1162 1162 1796 1797 |  1  2 |   0.170     -4.236  0.715 |      0.129      0.112     -5.887    0.135 |      0.028     -0.017      3.112 |  FirstCopy  LastCopy  LastCopyBeforeFSR
 1606 |   111 -        pi0 |  2 | 1162 1162 1798 1799 |  1  2 |   0.127     -4.604 -0.735 |      0.094     -0.085     -6.339    0.135 |      0.028     -0.017      3.112 |  FirstCopy  LastCopy  LastCopyBeforeFSR
 1607 |   211 -        pi+ |  1 | 1181 1181   -1   -1 |  1  0 |   0.080      0.745  0.161 |      0.079      0.013      0.065    0.140 |      0.028     -0.017      3.112 |  FirstCopy  LastCopy
 1608 |  -211 -        pi- |  1 | 1181 1181   -1   -1 |  1  0 |   0.198     -1.456  2.124 |     -0.104      0.168     -0.401    0.140 |      0.028     -0.017      3.112 |  FirstCopy  LastCopy
 1609 |   111 -        pi0 |  2 | 1181 1181 1800 1801 |  1  2 |   0.221     -1.010 -2.622 |     -0.192     -0.110     -0.263    0.135 |      0.028     -0.017      3.112 |  FirstCopy  LastCopy  LastCopyBeforeFSR
 1610 |   211 -        pi+ |  1 | 1185 1185   -1   -1 |  1  0 |   0.336      0.824 -2.119 |     -0.175     -0.287      0.310    0.140 |      0.028     -0.017      3.112 |  FirstCopy  LastCopy
 1611 |  -211 -        pi- |  1 | 1185 1185   -1   -1 |  1  0 |   0.148      0.913 -1.058 |      0.073     -0.129      0.155    0.140 |      0.028     -0.017      3.112 |  FirstCopy  LastCopy
 1612 |   111 -        pi0 |  2 | 1185 1185 1802 1803 |  1  2 |   0.160      2.590 -2.295 |     -0.106     -0.119      1.057    0.135 |      0.028     -0.017      3.112 |  FirstCopy  LastCopy  LastCopyBeforeFSR
 1613 | -3122 - Lambdabar0 |  1 | 1200 1200   -1   -1 |  1  0 |   0.295      6.282  2.220 |     -0.178      0.235     78.831    1.116 |      0.028     -0.017      3.112 |  FirstCopy  LastCopy
 1614 |    22 -      gamma |  1 | 1200 1200   -1   -1 |  1  0 |   0.075      4.515 -2.705 |     -0.068     -0.032      3.421    0.000 |      0.028     -0.017      3.112 |  FirstCopy  LastCopy
 1615 |    22 -      gamma |  1 | 1202 1202   -1   -1 |  1  0 |   0.221      3.045  0.802 |      0.153      0.159      2.314    0.000 |      0.028     -0.017      3.112 |  FirstCopy  LastCopy
 1616 |    22 -      gamma |  1 | 1202 1202   -1   -1 |  1  0 |   0.262      3.500  1.127 |      0.113      0.237      4.338    0.000 |      0.028     -0.017      3.112 |  FirstCopy  LastCopy
 1617 |    22 -      gamma |  1 | 1207 1207   -1   -1 |  1  0 |   0.194      0.522 -0.778 |      0.138     -0.136      0.106    0.000 |      0.028     -0.017      3.112 |  FirstCopy  LastCopy
 1618 |    22 -      gamma |  1 | 1207 1207   -1   -1 |  1  0 |   0.022      1.495 -3.039 |     -0.022     -0.002      0.046    0.000 |      0.028     -0.017      3.112 |  FirstCopy  LastCopy
 1619 |   211 -        pi+ |  1 | 1208 1208   -1   -1 |  1  0 |   0.129     -2.395 -1.008 |      0.069     -0.109     -0.703    0.140 |      0.028     -0.017      3.112 |  FirstCopy  LastCopy
 1620 |  -211 -        pi- |  1 | 1208 1208   -1   -1 |  1  0 |   0.243     -1.646  1.728 |     -0.038      0.240     -0.607    0.140 |      0.028     -0.017      3.112 |  FirstCopy  LastCopy
 1621 |    22 -      gamma |  1 | 1208 1208   -1   -1 |  1  0 |   0.086     -2.391  0.831 |      0.058      0.064     -0.467    0.000 |      0.028     -0.017      3.112 |  FirstCopy  LastCopy
 1622 |   211 -        pi+ |  1 | 1211 1211   -1   -1 |  1  0 |   0.226     -2.347  2.781 |     -0.211      0.080     -1.171    0.140 |      0.028     -0.017      3.112 |  FirstCopy  LastCopy
 1623 |  -211 -        pi- |  1 | 1211 1211   -1   -1 |  1  0 |   0.139     -4.245 -2.398 |     -0.102     -0.094     -4.846    0.140 |      0.028     -0.017      3.112 |  FirstCopy  LastCopy
 1624 |   111 -        pi0 |  2 | 1211 1211 1804 1805 |  1  2 |   0.133     -3.655  1.359 |      0.028      0.130     -2.577    0.135 |      0.028     -0.017      3.112 |  FirstCopy  LastCopy  LastCopyBeforeFSR
 1625 |   211 -        pi+ |  1 | 1213 1213   -1   -1 |  1  0 |   1.093     -3.617  0.480 |      0.970      0.504    -20.326    0.140 |      0.028     -0.017      3.112 |  FirstCopy  LastCopy
 1626 |  -211 -        pi- |  1 | 1213 1213   -1   -1 |  1  0 |   0.522     -3.695  0.188 |      0.513      0.098    -10.498    0.140 |      0.028     -0.017      3.112 |  FirstCopy  LastCopy
 1627 |   111 -        pi0 |  2 | 1213 1213 1806 1807 |  1  2 |   0.247     -3.773  0.536 |      0.212      0.126     -5.363    0.135 |      0.028     -0.017      3.112 |  FirstCopy  LastCopy  LastCopyBeforeFSR
 1628 |    22 -      gamma |  1 | 1215 1215   -1   -1 |  1  0 |   0.129     -3.838  0.474 |      0.115      0.059     -2.997   -0.000 |      0.028     -0.017      3.112 |  FirstCopy  LastCopy
 1629 |    22 -      gamma |  1 | 1215 1215   -1   -1 |  1  0 |   1.338     -3.812  0.149 |      1.323      0.198    -30.254    0.000 |      0.028     -0.017      3.112 |  FirstCopy  LastCopy
 1630 |    22 -      gamma |  1 | 1217 1217   -1   -1 |  1  0 |   0.057     -4.099 -0.006 |      0.057     -0.000     -1.715    0.000 |      0.028     -0.017      3.112 |  FirstCopy  LastCopy
 1631 |    22 -      gamma |  1 | 1217 1217   -1   -1 |  1  0 |   1.149     -3.580  0.049 |      1.148      0.057    -20.592    0.000 |      0.028     -0.017      3.112 |  FirstCopy  LastCopy
 1632 |    22 -      gamma |  1 | 1218 1218   -1   -1 |  1  0 |   0.281     -3.841 -0.259 |      0.272     -0.072     -6.539   -0.000 |      0.028     -0.017      3.112 |  FirstCopy  LastCopy
 1633 |    22 -      gamma |  1 | 1218 1218   -1   -1 |  1  0 |   0.134     -3.946 -0.961 |      0.077     -0.110     -3.467    0.000 |      0.028     -0.017      3.112 |  FirstCopy  LastCopy
 1634 |   211 -        pi+ |  1 | 1223 1223   -1   -1 |  1  0 |   0.923     -1.828 -1.141 |      0.385     -0.839     -2.797    0.140 |      0.028     -0.017      3.112 |  FirstCopy  LastCopy
 1635 |  -211 -        pi- |  1 | 1223 1223   -1   -1 |  1  0 |   0.126     -2.493 -0.446 |      0.114     -0.054     -0.756    0.140 |      0.028     -0.017      3.112 |  FirstCopy  LastCopy
 1636 |   111 -        pi0 |  2 | 1223 1223 1808 1809 |  1  2 |   0.612     -1.793 -1.642 |     -0.043     -0.611     -1.787    0.135 |      0.028     -0.017      3.112 |  FirstCopy  LastCopy  LastCopyBeforeFSR
 1637 |    22 -      gamma |  1 | 1231 1231   -1   -1 |  1  0 |   0.174      5.603 -0.179 |      0.171     -0.031     23.561   -0.000 |      0.028     -0.017      3.114 |  FirstCopy  LastCopy
 1638 |    22 -      gamma |  1 | 1231 1231   -1   -1 |  1  0 |   0.749      5.475  0.175 |      0.737      0.130     89.278    0.000 |      0.028     -0.017      3.114 |  FirstCopy  LastCopy
 1639 |    22 -      gamma |  1 | 1235 1235   -1   -1 |  1  0 |   0.238     -3.696 -0.126 |      0.236     -0.030     -4.784   -0.000 |      0.028     -0.017      3.112 |  FirstCopy  LastCopy
 1640 |    22 -      gamma |  1 | 1235 1235   -1   -1 |  1  0 |   0.020     -2.329  1.304 |      0.005      0.019     -0.100    0.000 |      0.028     -0.017      3.112 |  FirstCopy  LastCopy
 1641 |    22 -      gamma |  1 | 1238 1238   -1   -1 |  1  0 |   0.103     -5.524 -0.880 |      0.066     -0.079    -12.903   -0.000 |      0.028     -0.017      3.112 |  FirstCopy  LastCopy
 1642 |    22 -      gamma |  1 | 1238 1238   -1   -1 |  1  0 |   0.505     -5.324 -1.445 |      0.064     -0.501    -51.850   -0.000 |      0.028     -0.017      3.112 |  FirstCopy  LastCopy
 1643 |    22 -      gamma |  1 | 1243 1243   -1   -1 |  1  0 |   0.134     -3.108 -2.251 |     -0.084     -0.104     -1.498   -0.000 |      0.028     -0.017      3.112 |  FirstCopy  LastCopy
 1644 |    22 -      gamma |  1 | 1243 1243   -1   -1 |  1  0 |   0.022     -4.979  2.685 |     -0.020      0.010     -1.589   -0.000 |      0.028     -0.017      3.112 |  FirstCopy  LastCopy
 1645 |    22 -      gamma |  1 | 1246 1246   -1   -1 |  1  0 |   0.288      0.206 -2.452 |     -0.222     -0.183      0.060   -0.000 |      0.028     -0.017      3.112 |  FirstCopy  LastCopy
 1646 |    22 -      gamma |  1 | 1246 1246   -1   -1 |  1  0 |   0.760     -0.008 -2.646 |     -0.669     -0.362     -0.006    0.000 |      0.028     -0.017      3.112 |  FirstCopy  LastCopy
 1647 |    22 -      gamma |  1 | 1248 1248   -1   -1 |  1  0 |   0.125     -0.565 -1.093 |      0.057     -0.111     -0.074    0.000 |      0.028     -0.017      3.112 |  FirstCopy  LastCopy
 1648 |    22 -      gamma |  1 | 1248 1248   -1   -1 |  1  0 |   0.660     -0.894 -1.429 |      0.093     -0.653     -0.672    0.000 |      0.028     -0.017      3.112 |  FirstCopy  LastCopy
 1649 |    22 -      gamma |  1 | 1250 1250   -1   -1 |  1  0 |   0.418     -0.942 -2.498 |     -0.334     -0.251     -0.454    0.000 |      0.028     -0.017      3.112 |  FirstCopy  LastCopy
 1650 |    22 -      gamma |  1 | 1250 1250   -1   -1 |  1  0 |   0.064     -0.207 -2.849 |     -0.061     -0.018     -0.013    0.000 |      0.028     -0.017      3.112 |  FirstCopy  LastCopy
 1651 |    22 -      gamma |  1 | 1252 1252   -1   -1 |  1  0 |   0.206     -0.951 -2.766 |     -0.192     -0.076     -0.227   -0.000 |      0.028     -0.017      3.112 |  FirstCopy  LastCopy
 1652 |    22 -      gamma |  1 | 1252 1252   -1   -1 |  1  0 |   2.078     -0.777 -2.655 |     -1.838     -0.971     -1.782    0.000 |      0.028     -0.017      3.112 |  FirstCopy  LastCopy
 1653 |    22 -      gamma |  1 | 1260 1260   -1   -1 |  1  0 |   0.860     -2.893  2.811 |     -0.814      0.279     -7.736   -0.000 |      0.028     -0.017      3.111 |  FirstCopy  LastCopy
 1654 |    22 -      gamma |  1 | 1260 1260   -1   -1 |  1  0 |   0.350     -3.136  2.843 |     -0.335      0.103     -4.022    0.000 |      0.028     -0.017      3.111 |  FirstCopy  LastCopy
 1655 |    22 -      gamma |  1 | 1262 1262   -1   -1 |  1  0 |   0.895     -4.766 -0.407 |      0.822     -0.354    -52.518   -0.000 |      0.028     -0.017      3.111 |  FirstCopy  LastCopy
 1656 |    22 -      gamma |  1 | 1262 1262   -1   -1 |  1  0 |   0.022     -4.239  0.415 |      0.020      0.009     -0.765   -0.000 |      0.028     -0.017      3.111 |  FirstCopy  LastCopy
 1657 |    22 -      gamma |  1 | 1264 1264   -1   -1 |  1  0 |   0.299     -2.759 -1.299 |      0.080     -0.288     -2.349   -0.000 |      0.028     -0.017      3.112 |  FirstCopy  LastCopy
 1658 |    22 -      gamma |  1 | 1264 1264   -1   -1 |  1  0 |   0.024     -1.861  0.091 |      0.024      0.002     -0.076    0.000 |      0.028     -0.017      3.112 |  FirstCopy  LastCopy
 1659 |    22 -      gamma |  1 | 1268 1268   -1   -1 |  1  0 |   0.332      3.858  0.421 |      0.303      0.136      7.859    0.000 |      0.028     -0.017      3.112 |  FirstCopy  LastCopy
 1660 |    22 -      gamma |  1 | 1268 1268   -1   -1 |  1  0 |   0.152      4.231 -0.051 |      0.152     -0.008      5.241    0.000 |      0.028     -0.017      3.112 |  FirstCopy  LastCopy
 1661 |    22 -      gamma |  1 | 1272 1272   -1   -1 |  1  0 |   0.044      0.717  1.021 |      0.023      0.038      0.034   -0.000 |      0.028     -0.017      3.112 |  FirstCopy  LastCopy
 1662 |    22 -      gamma |  1 | 1272 1272   -1   -1 |  1  0 |   0.342      0.715 -0.142 |      0.338     -0.048      0.266   -0.000 |      0.028     -0.017      3.112 |  FirstCopy  LastCopy
 1663 |    22 -      gamma |  1 | 1276 1276   -1   -1 |  1  0 |   0.782      6.066  3.070 |     -0.780      0.056    168.507   -0.000 |      0.028     -0.017      3.114 |  FirstCopy  LastCopy
 1664 |    22 -      gamma |  1 | 1276 1276   -1   -1 |  1  0 |   0.077      5.531  2.967 |     -0.076      0.013      9.682    0.000 |      0.028     -0.017      3.114 |  FirstCopy  LastCopy
 1665 |    22 -      gamma |  1 | 1279 1279   -1   -1 |  1  0 |   0.304     -0.354 -1.997 |     -0.125     -0.276     -0.110   -0.000 |      0.028     -0.017      3.112 |  FirstCopy  LastCopy
 1666 |    22 -      gamma |  1 | 1279 1279   -1   -1 |  1  0 |   0.071     -0.419 -1.043 |      0.036     -0.061     -0.031   -0.000 |      0.028     -0.017      3.112 |  FirstCopy  LastCopy
 1667 |    22 -      gamma |  1 | 1281 1281   -1   -1 |  1  0 |   0.251     -0.781 -0.450 |      0.226     -0.109     -0.216   -0.000 |      0.028     -0.017      3.112 |  FirstCopy  LastCopy
 1668 |    22 -      gamma |  1 | 1281 1281   -1   -1 |  1  0 |   0.040     -1.108 -1.884 |     -0.012     -0.038     -0.053   -0.000 |      0.028     -0.017      3.112 |  FirstCopy  LastCopy
 1669 |    22 -      gamma |  1 | 1283 1283   -1   -1 |  1  0 |   0.096     -4.557  1.992 |     -0.039      0.088     -4.583    0.000 |      0.028     -0.017      3.112 |  FirstCopy  LastCopy
 1670 |    22 -      gamma |  1 | 1283 1283   -1   -1 |  1  0 |   0.140     -4.589  0.750 |      0.102      0.095     -6.882    0.000 |      0.028     -0.017      3.112 |  FirstCopy  LastCopy
 1671 |    22 -      gamma |  1 | 1285 1285   -1   -1 |  1  0 |   0.080     -1.105 -0.518 |      0.070     -0.040     -0.108    0.000 |      0.028     -0.017      3.112 |  FirstCopy  LastCopy
 1672 |    22 -      gamma |  1 | 1285 1285   -1   -1 |  1  0 |   0.729     -0.791 -0.053 |      0.728     -0.039     -0.639    0.000 |      0.028     -0.017      3.112 |  FirstCopy  LastCopy
 1673 |    22 -      gamma |  1 | 1295 1295   -1   -1 |  1  0 |   0.707      1.492 -0.935 |      0.420     -0.569      1.492   -0.000 |      0.028     -0.017      3.112 |  FirstCopy  LastCopy
 1674 |    22 -      gamma |  1 | 1295 1295   -1   -1 |  1  0 |   1.175      1.392 -0.825 |      0.797     -0.864      2.218   -0.000 |      0.028     -0.017      3.112 |  FirstCopy  LastCopy
 1675 |    22 -      gamma |  1 | 1297 1297   -1   -1 |  1  0 |   0.316      1.604 -0.767 |      0.228     -0.220      0.755   -0.000 |      0.028     -0.017      3.112 |  FirstCopy  LastCopy
 1676 |    22 -      gamma |  1 | 1297 1297   -1   -1 |  1  0 |   0.764      1.737 -1.008 |      0.408     -0.646      2.103    0.000 |      0.028     -0.017      3.112 |  FirstCopy  LastCopy
 1677 |    22 -      gamma |  1 | 1311 1311   -1   -1 |  1  0 |   0.160     -3.281  2.063 |     -0.076      0.141     -2.123    0.000 |      0.028     -0.017      3.112 |  FirstCopy  LastCopy
 1678 |    22 -      gamma |  1 | 1311 1311   -1   -1 |  1  0 |   0.028     -1.609  2.783 |     -0.027      0.010     -0.068   -0.000 |      0.028     -0.017      3.112 |  FirstCopy  LastCopy
 1679 |    22 -      gamma |  1 | 1315 1315   -1   -1 |  1  0 |   0.192      3.117  0.106 |      0.191      0.020      2.164    0.000 |      0.028     -0.017      3.112 |  FirstCopy  LastCopy
 1680 |    22 -      gamma |  1 | 1315 1315   -1   -1 |  1  0 |   0.046      1.832  0.499 |      0.041      0.022      0.141    0.000 |      0.028     -0.017      3.112 |  FirstCopy  LastCopy
 1681 |    22 -      gamma |  1 | 1319 1319   -1   -1 |  1  0 |   1.026      5.027  0.929 |      0.614      0.822     78.191   -0.000 |      0.028     -0.017      3.117 |  FirstCopy  LastCopy
 1682 |    22 -      gamma |  1 | 1319 1319   -1   -1 |  1  0 |   0.178      5.341  0.940 |      0.105      0.144     18.611    0.000 |      0.028     -0.017      3.117 |  FirstCopy  LastCopy
 1683 |    22 -      gamma |  1 | 1324 1324   -1   -1 |  1  0 |   0.026      5.521  1.541 |      0.001      0.026      3.200   -0.000 |      0.028     -0.017      3.112 |  FirstCopy  LastCopy
 1684 |    22 -      gamma |  1 | 1324 1324   -1   -1 |  1  0 |   0.158      4.702 -2.051 |     -0.073     -0.140      8.689    0.000 |      0.028     -0.017      3.112 |  FirstCopy  LastCopy
 1685 |    22 -      gamma |  1 | 1327 1327   -1   -1 |  1  0 |   0.328      6.531 -0.379 |      0.305     -0.121    112.661    0.000 |      0.028     -0.017      3.112 |  FirstCopy  LastCopy
 1686 |    22 -      gamma |  1 | 1327 1327   -1   -1 |  1  0 |   0.162      6.080 -0.747 |      0.119     -0.110     35.487    0.000 |      0.028     -0.017      3.112 |  FirstCopy  LastCopy
 1687 |    22 -      gamma |  1 | 1329 1329   -1   -1 |  1  0 |   0.233      4.490 -1.450 |      0.028     -0.231     10.368   -0.000 |      0.028     -0.017      3.113 |  FirstCopy  LastCopy
 1688 |    22 -      gamma |  1 | 1329 1329   -1   -1 |  1  0 |   0.175      5.008 -1.030 |      0.090     -0.150     13.097   -0.000 |      0.028     -0.017      3.113 |  FirstCopy  LastCopy
 1689 |    22 -      gamma |  1 | 1332 1332   -1   -1 |  1  0 |   0.731      4.274 -2.075 |     -0.353     -0.640     26.234   -0.000 |      0.028     -0.017      3.112 |  FirstCopy  LastCopy
 1690 |    22 -      gamma |  1 | 1332 1332   -1   -1 |  1  0 |   0.056      3.650 -2.289 |     -0.037     -0.042      1.071    0.000 |      0.028     -0.017      3.112 |  FirstCopy  LastCopy
 1691 |    22 -      gamma |  1 | 1340 1340   -1   -1 |  1  0 |   0.240      2.510  1.433 |      0.033      0.237      1.464    0.000 |      0.028     -0.017      3.112 |  FirstCopy  LastCopy
 1692 |    22 -      gamma |  1 | 1340 1340   -1   -1 |  1  0 |   0.617      2.575  1.086 |      0.287      0.546      4.023    0.000 |      0.028     -0.017      3.112 |  FirstCopy  LastCopy
 1693 |    22 -      gamma |  1 | 1344 1344   -1   -1 |  1  0 |   0.852      1.646  1.674 |     -0.088      0.848      2.128   -0.000 |      0.028     -0.017      3.112 |  FirstCopy  LastCopy
 1694 |    22 -      gamma |  1 | 1344 1344   -1   -1 |  1  0 |   0.601      1.740  1.838 |     -0.159      0.579      1.659    0.000 |      0.028     -0.017      3.112 |  FirstCopy  LastCopy
 1695 |    22 -      gamma |  1 | 1346 1346   -1   -1 |  1  0 |   0.212     -4.431 -2.651 |     -0.187     -0.100     -8.916   -0.000 |      0.028     -0.017      3.112 |  FirstCopy  LastCopy
 1696 |    22 -      gamma |  1 | 1346 1346   -1   -1 |  1  0 |   0.009     -2.372  0.090 |      0.009      0.001     -0.047    0.000 |      0.028     -0.017      3.112 |  FirstCopy  LastCopy
 1697 |    22 -      gamma |  1 | 1354 1354   -1   -1 |  1  0 |   0.027      3.369  2.582 |     -0.023      0.014      0.391    0.000 |      0.028     -0.017      3.112 |  FirstCopy  LastCopy
 1698 |    22 -      gamma |  1 | 1354 1354   -1   -1 |  1  0 |   0.183      2.739  0.322 |      0.174      0.058      1.413    0.000 |      0.028     -0.017      3.112 |  FirstCopy  LastCopy
 1699 |    22 -      gamma |  1 | 1365 1365   -1   -1 |  1  0 |   0.081      3.882 -2.836 |     -0.077     -0.024      1.964    0.000 |      0.028     -0.017      3.112 |  FirstCopy  LastCopy
 1700 |    22 -      gamma |  1 | 1365 1365   -1   -1 |  1  0 |   0.270      4.391 -2.063 |     -0.128     -0.238     10.894    0.000 |      0.028     -0.017      3.112 |  FirstCopy  LastCopy
 1701 |    22 -      gamma |  1 | 1367 1367   -1   -1 |  1  0 |   0.015      3.456 -0.327 |      0.014     -0.005      0.242    0.000 |      0.028     -0.017      3.112 |  FirstCopy  LastCopy
 1702 |    22 -      gamma |  1 | 1367 1367   -1   -1 |  1  0 |   0.300      3.193  3.119 |     -0.300      0.007      3.644    0.000 |      0.028     -0.017      3.112 |  FirstCopy  LastCopy
 1703 |    22 -      gamma |  1 | 1369 1369   -1   -1 |  1  0 |   0.129      4.240  1.037 |      0.066      0.111      4.470    0.000 |      0.028     -0.017      3.112 |  FirstCopy  LastCopy
 1704 |    22 -      gamma |  1 | 1369 1369   -1   -1 |  1  0 |   0.043      3.311  2.798 |     -0.040      0.014      0.585    0.000 |      0.028     -0.017      3.112 |  FirstCopy  LastCopy
 1705 |    22 -      gamma |  1 | 1377 1377   -1   -1 |  1  0 |   0.077      2.158 -2.122 |     -0.041     -0.066      0.331    0.000 |      0.028     -0.017      3.112 |  FirstCopy  LastCopy
 1706 |    22 -      gamma |  1 | 1377 1377   -1   -1 |  1  0 |   0.052      3.310 -0.006 |      0.052     -0.000      0.712    0.000 |      0.028     -0.017      3.112 |  FirstCopy  LastCopy
 1707 |    22 -      gamma |  1 | 1393 1393   -1   -1 |  1  0 |   0.719     -1.896  1.420 |      0.108      0.711     -2.341   -0.000 |      0.028     -0.017      3.112 |  FirstCopy  LastCopy
 1708 |    22 -      gamma |  1 | 1393 1393   -1   -1 |  1  0 |   0.013     -2.268  2.864 |     -0.013      0.004     -0.064   -0.000 |      0.028     -0.017      3.112 |  FirstCopy  LastCopy
 1709 |    22 -      gamma |  1 | 1395 1395   -1   -1 |  1  0 |   0.220      3.513  1.645 |     -0.016      0.219      3.683   -0.000 |      0.028     -0.017      3.112 |  FirstCopy  LastCopy
 1710 |    22 -      gamma |  1 | 1395 1395   -1   -1 |  1  0 |   0.019      2.502 -2.319 |     -0.013     -0.014      0.112   -0.000 |      0.028     -0.017      3.112 |  FirstCopy  LastCopy
 1711 |    22 -      gamma |  1 | 1397 1397   -1   -1 |  1  0 |   0.216      5.779 -1.095 |      0.099     -0.192     34.977   -0.000 |      0.028     -0.017      3.113 |  FirstCopy  LastCopy
 1712 |    22 -      gamma |  1 | 1397 1397   -1   -1 |  1  0 |   0.182      6.078 -1.716 |     -0.026     -0.180     39.746   -0.000 |      0.028     -0.017      3.113 |  FirstCopy  LastCopy
 1713 |    22 -      gamma |  1 | 1399 1399   -1   -1 |  1  0 |   0.385      2.928  1.838 |     -0.102      0.372      3.591   -0.000 |      0.028     -0.017      3.112 |  FirstCopy  LastCopy
 1714 |    22 -      gamma |  1 | 1399 1399   -1   -1 |  1  0 |   0.096      2.316  2.168 |     -0.054      0.079      0.480   -0.000 |      0.028     -0.017      3.112 |  FirstCopy  LastCopy
 1715 |    22 -      gamma |  1 | 1401 1401   -1   -1 |  1  0 |   0.383     -0.122 -0.273 |      0.368     -0.103     -0.047    0.000 |      0.028     -0.017      3.112 |  FirstCopy  LastCopy
 1716 |    22 -      gamma |  1 | 1401 1401   -1   -1 |  1  0 |   0.030     -0.199 -1.635 |     -0.002     -0.030     -0.006   -0.000 |      0.028     -0.017      3.112 |  FirstCopy  LastCopy
 1717 |    22 -      gamma |  1 | 1403 1403   -1   -1 |  1  0 |   0.177      0.893 -2.599 |     -0.151     -0.091      0.179   -0.000 |      0.028     -0.017      3.112 |  FirstCopy  LastCopy
 1718 |    22 -      gamma |  1 | 1403 1403   -1   -1 |  1  0 |   0.266      0.634  3.110 |     -0.266      0.008      0.180    0.000 |      0.028     -0.017      3.112 |  FirstCopy  LastCopy
 1719 |    22 -      gamma |  1 | 1409 1409   -1   -1 |  1  0 |   0.228     -3.484  0.026 |      0.228      0.006     -3.713    0.000 |      0.028     -0.017      3.112 |  FirstCopy  LastCopy
 1720 |    22 -      gamma |  1 | 1409 1409   -1   -1 |  1  0 |   0.523     -3.318  0.382 |      0.485      0.195     -7.203    0.000 |      0.028     -0.017      3.112 |  FirstCopy  LastCopy
 1721 |    22 -      gamma |  1 | 1413 1413   -1   -1 |  1  0 |   0.358     -1.088 -0.639 |      0.287     -0.213     -0.471   -0.000 |      0.028     -0.017      3.112 |  FirstCopy  LastCopy
 1722 |    22 -      gamma |  1 | 1413 1413   -1   -1 |  1  0 |   0.281     -0.853 -0.995 |      0.153     -0.236     -0.270   -0.000 |      0.028     -0.017      3.112 |  FirstCopy  LastCopy
 1723 |    22 -      gamma |  1 | 1431 1431   -1   -1 |  1  0 |   0.067      2.110  0.508 |      0.058      0.032      0.271    0.000 |      0.028     -0.017      3.112 |  FirstCopy  LastCopy
 1724 |    22 -      gamma |  1 | 1431 1431   -1   -1 |  1  0 |   0.177      2.293 -0.813 |      0.122     -0.129      0.870   -0.000 |      0.028     -0.017      3.112 |  FirstCopy  LastCopy
 1725 |   421 -         D0 |  2 | 1436 1436 1810 1811 |  1  2 |  34.021     -1.562 -2.074 |    -16.408    -29.803    -77.577    1.865 |     -0.128     -0.288      2.394 |  FirstCopy  LastCopy
 1726 |   111 -        pi0 |  2 | 1436 1436 1812 1813 |  1  2 |  17.891     -1.565 -2.082 |     -8.758    -15.601    -40.927    0.135 |     -0.128     -0.288      2.394 |  FirstCopy  LastCopy  LastCopyBeforeFSR
 1727 |    22 -      gamma |  1 | 1453 1453   -1   -1 |  1  0 |   0.078     -0.560  2.474 |     -0.061      0.048     -0.046    0.000 |      0.028     -0.017      3.112 |  FirstCopy  LastCopy
 1728 |    22 -      gamma |  1 | 1453 1453   -1   -1 |  1  0 |   0.137     -0.999 -2.486 |     -0.108     -0.083     -0.161   -0.000 |      0.028     -0.017      3.112 |  FirstCopy  LastCopy
 1729 |    22 -      gamma |  1 | 1458 1458   -1   -1 |  1  0 |   0.410     -0.692  2.404 |     -0.303      0.275     -0.307    0.000 |      0.028     -0.017      3.112 |  FirstCopy  LastCopy
 1730 |    22 -      gamma |  1 | 1458 1458   -1   -1 |  1  0 |   0.159     -2.158 -2.279 |     -0.103     -0.120     -0.677    0.000 |      0.028     -0.017      3.112 |  FirstCopy  LastCopy
 1731 |    22 -      gamma |  1 | 1459 1459   -1   -1 |  1  0 |   0.176     -0.916  3.112 |     -0.176      0.005     -0.185    0.000 |      0.028     -0.017      3.112 |  FirstCopy  LastCopy
 1732 |    22 -      gamma |  1 | 1459 1459   -1   -1 |  1  0 |   0.618     -1.126  2.760 |     -0.573      0.230     -0.853    0.000 |      0.028     -0.017      3.112 |  FirstCopy  LastCopy
 1733 |    22 -      gamma |  1 | 1460 1460   -1   -1 |  1  0 |   0.188     -1.061 -3.115 |     -0.188     -0.005     -0.240    0.000 |      0.028     -0.017      3.112 |  FirstCopy  LastCopy
 1734 |    22 -      gamma |  1 | 1460 1460   -1   -1 |  1  0 |   0.138     -1.875  3.117 |     -0.138      0.003     -0.439    0.000 |      0.028     -0.017      3.112 |  FirstCopy  LastCopy
 1735 |    22 -      gamma |  1 | 1461 1461   -1   -1 |  1  0 |   0.424     -1.370  3.051 |     -0.422      0.039     -0.779    0.000 |      0.028     -0.017      3.112 |  FirstCopy  LastCopy
 1736 |    22 -      gamma |  1 | 1461 1461   -1   -1 |  1  0 |   0.367     -1.029  3.058 |     -0.365      0.031     -0.448   -0.000 |      0.028     -0.017      3.112 |  FirstCopy  LastCopy
 1737 |    22 -      gamma |  1 | 1466 1466   -1   -1 |  1  0 |   0.311     -1.020  2.275 |     -0.201      0.237     -0.375   -0.000 |      0.028     -0.017      3.112 |  FirstCopy  LastCopy
 1738 |    22 -      gamma |  1 | 1466 1466   -1   -1 |  1  0 |   0.437     -1.328  2.471 |     -0.342      0.272     -0.767   -0.000 |      0.028     -0.017      3.112 |  FirstCopy  LastCopy
 1739 |   130 -       K_L0 |  1 | 1467 1467   -1   -1 |  1  0 |   1.020     -2.426  1.484 |      0.089      1.017     -5.726    0.498 |      0.033      0.001      2.959 |  FirstCopy  LastCopy
 1740 |   333 -        phi |  2 | 1472 1472 1814 1815 |  1  2 |   1.683     -2.658  1.820 |     -0.416      1.630    -11.943    1.019 |      0.027     -0.015      3.090 |  FirstCopy  LastCopy
 1741 |   311 -         K0 |  2 | 1472 1472 1816 1816 |  1  1 |   0.105     -4.799  1.656 |     -0.009      0.105     -6.370    0.498 |      0.027     -0.015      3.090 |  FirstCopy  LastCopy
 1742 |    22 -      gamma |  1 | 1480 1480   -1   -1 |  1  0 |   0.054     -1.797  2.177 |     -0.031      0.045     -0.160   -0.000 |      0.028     -0.017      3.112 |  FirstCopy  LastCopy
 1743 |    22 -      gamma |  1 | 1480 1480   -1   -1 |  1  0 |   0.081     -1.042 -1.663 |     -0.007     -0.081     -0.101   -0.000 |      0.028     -0.017      3.112 |  FirstCopy  LastCopy
 1744 |    22 -      gamma |  1 | 1483 1483   -1   -1 |  1  0 |   0.257     -3.050  3.140 |     -0.257      0.000     -2.703   -0.000 |      0.028     -0.017      3.112 |  FirstCopy  LastCopy
 1745 |    22 -      gamma |  1 | 1483 1483   -1   -1 |  1  0 |   0.099     -3.080 -2.271 |     -0.064     -0.076     -1.077    0.000 |      0.028     -0.017      3.112 |  FirstCopy  LastCopy
 1746 |    22 -      gamma |  1 | 1488 1488   -1   -1 |  1  0 |   0.048     -4.804 -0.201 |      0.047     -0.010     -2.901   -0.000 |      0.028     -0.017      3.112 |  FirstCopy  LastCopy
 1747 |    22 -      gamma |  1 | 1488 1488   -1   -1 |  1  0 |   0.128     -4.491  1.827 |     -0.033      0.124     -5.732   -0.000 |      0.028     -0.017      3.112 |  FirstCopy  LastCopy
 1748 |    22 -      gamma |  1 | 1497 1497   -1   -1 |  1  0 |   0.128      1.787 -1.795 |     -0.029     -0.125      0.372    0.000 |      0.028     -0.017      3.112 |  FirstCopy  LastCopy
 1749 |    22 -      gamma |  1 | 1497 1497   -1   -1 |  1  0 |   0.418      1.689 -1.212 |      0.147     -0.392      1.094   -0.000 |      0.028     -0.017      3.112 |  FirstCopy  LastCopy
 1750 |    22 -      gamma |  1 | 1500 1500   -1   -1 |  1  0 |   0.162      2.722  1.245 |      0.052      0.154      1.229    0.000 |      0.028     -0.017      3.112 |  FirstCopy  LastCopy
 1751 |    22 -      gamma |  1 | 1500 1500   -1   -1 |  1  0 |   0.035      3.218 -2.990 |     -0.035     -0.005      0.442   -0.000 |      0.028     -0.017      3.112 |  FirstCopy  LastCopy
 1752 |  -423 -     D*bar0 |  2 | 1503 1503 1817 1818 |  1  2 |  48.129     -3.760  1.004 |     25.836     40.607  -1032.708    2.007 |      0.322      0.451     -8.604 |  FirstCopy  LastCopy  LastCopyBeforeFSR
 1753 |   211 -        pi+ |  1 | 1503 1503   -1   -1 |  1  0 |  30.614     -3.737  1.015 |     16.164     26.000   -642.192    0.140 |      0.322      0.451     -8.604 |  FirstCopy  LastCopy
 1754 |   111 -        pi0 |  2 | 1503 1503 1819 1820 |  1  2 |   5.468     -3.697  1.008 |      2.917      4.625   -110.154    0.135 |      0.322      0.451     -8.604 |  FirstCopy  LastCopy  LastCopyBeforeFSR
 1755 |   311 -         K0 |  2 | 1503 1503 1821 1821 |  1  1 |  15.655     -3.766  0.982 |      8.691     13.021   -338.088    0.498 |      0.322      0.451     -8.604 |  FirstCopy  LastCopy
 1756 |  -313 -     K*bar0 |  2 | 1503 1503 1822 1823 |  1  2 |  12.773     -3.716  1.057 |      6.283     11.121   -262.399    0.867 |      0.322      0.451     -8.604 |  FirstCopy  LastCopy
 1757 |    22 -      gamma |  1 | 1511 1511   -1   -1 |  1  0 |   0.064      1.309 -2.250 |     -0.040     -0.050      0.110   -0.000 |      0.028     -0.017      3.112 |  FirstCopy  LastCopy
 1758 |    22 -      gamma |  1 | 1511 1511   -1   -1 |  1  0 |   0.006     -2.458  0.787 |      0.004      0.004     -0.036   -0.000 |      0.028     -0.017      3.112 |  FirstCopy  LastCopy
 1759 |    22 -      gamma |  1 | 1516 1516   -1   -1 |  1  0 |   0.185      0.508  1.059 |      0.091      0.162      0.098    0.000 |      0.028     -0.017      3.112 |  FirstCopy  LastCopy
 1760 |    22 -      gamma |  1 | 1516 1516   -1   -1 |  1  0 |   0.034      1.964  0.418 |      0.031      0.014      0.118    0.000 |      0.028     -0.017      3.112 |  FirstCopy  LastCopy
 1761 |    22 -      gamma |  1 | 1519 1519   -1   -1 |  1  0 |   0.314      1.524  0.954 |      0.182      0.256      0.687   -0.000 |      0.028     -0.017      3.112 |  FirstCopy  LastCopy
 1762 |    22 -      gamma |  1 | 1519 1519   -1   -1 |  1  0 |   0.204      1.488  0.415 |      0.187      0.082      0.428   -0.000 |      0.028     -0.017      3.112 |  FirstCopy  LastCopy
 1763 |    22 -      gamma |  1 | 1522 1522   -1   -1 |  1  0 |   0.119      3.099  0.512 |      0.104      0.058      1.317   -0.000 |      0.028     -0.017      3.112 |  FirstCopy  LastCopy
 1764 |    22 -      gamma |  1 | 1522 1522   -1   -1 |  1  0 |   0.897      1.624  0.975 |      0.503      0.743      2.187   -0.000 |      0.028     -0.017      3.112 |  FirstCopy  LastCopy
 1765 |   211 -        pi+ |  1 | 1525 1525   -1   -1 |  1  0 |   0.194      2.575  0.162 |      0.191      0.031      1.266    0.140 |      0.028     -0.017      3.112 |  FirstCopy  LastCopy
 1766 |  -211 -        pi- |  1 | 1525 1525   -1   -1 |  1  0 |   0.512      2.212 -0.524 |      0.444     -0.257      2.312    0.140 |      0.028     -0.017      3.112 |  FirstCopy  LastCopy
 1767 |   111 -        pi0 |  2 | 1525 1525 1824 1825 |  1  2 |   0.475      2.360 -0.535 |      0.408     -0.242      2.491    0.135 |      0.028     -0.017      3.112 |  FirstCopy  LastCopy  LastCopyBeforeFSR
 1768 |    22 -      gamma |  1 | 1531 1531   -1   -1 |  1  0 |   0.537      1.464 -0.444 |      0.485     -0.230      1.098   -0.000 |      0.028     -0.017      3.112 |  FirstCopy  LastCopy
 1769 |    22 -      gamma |  1 | 1531 1531   -1   -1 |  1  0 |   0.351      1.608 -0.721 |      0.263     -0.231      0.839   -0.000 |      0.028     -0.017      3.112 |  FirstCopy  LastCopy
 1770 |    22 -      gamma |  1 | 1536 1536   -1   -1 |  1  0 |   0.175      1.469 -2.313 |     -0.118     -0.129      0.361    0.000 |      0.028     -0.017      3.112 |  FirstCopy  LastCopy
 1771 |    22 -      gamma |  1 | 1536 1536   -1   -1 |  1  0 |   0.175      0.861 -1.846 |     -0.047     -0.168      0.170    0.000 |      0.028     -0.017      3.112 |  FirstCopy  LastCopy
 1772 |    22 -      gamma |  1 | 1537 1537   -1   -1 |  1  0 |   0.297      0.806 -2.000 |     -0.123     -0.270      0.266    0.000 |      0.028     -0.017      3.112 |  FirstCopy  LastCopy
 1773 |    22 -      gamma |  1 | 1537 1537   -1   -1 |  1  0 |   0.015      1.219  1.202 |      0.005      0.014      0.023    0.000 |      0.028     -0.017      3.112 |  FirstCopy  LastCopy
 1774 |    22 -      gamma |  1 | 1538 1538   -1   -1 |  1  0 |   0.170      1.669 -1.826 |     -0.043     -0.165      0.436    0.000 |      0.028     -0.017      3.112 |  FirstCopy  LastCopy
 1775 |    22 -      gamma |  1 | 1538 1538   -1   -1 |  1  0 |   0.039      2.481  2.867 |     -0.038      0.011      0.232    0.000 |      0.028     -0.017      3.112 |  FirstCopy  LastCopy
 1776 |    22 -      gamma |  1 | 1547 1547   -1   -1 |  1  0 |   0.027      5.038  1.845 |     -0.007      0.026      2.058    0.000 |      0.028     -0.017      3.113 |  FirstCopy  LastCopy
 1777 |    22 -      gamma |  1 | 1547 1547   -1   -1 |  1  0 |   0.479      6.081  1.356 |      0.102      0.468    104.802    0.000 |      0.028     -0.017      3.113 |  FirstCopy  LastCopy
 1778 |    22 -      gamma |  1 | 1552 1552   -1   -1 |  1  0 |   0.446      6.393 -1.385 |      0.082     -0.438    133.238   -0.000 |      0.028     -0.017      3.114 |  FirstCopy  LastCopy
 1779 |    22 -      gamma |  1 | 1552 1552   -1   -1 |  1  0 |   0.210      5.964 -1.298 |      0.056     -0.202     40.783   -0.000 |      0.028     -0.017      3.114 |  FirstCopy  LastCopy
 1780 |    22 -      gamma |  1 | 1555 1555   -1   -1 |  1  0 |   0.302      1.286  1.341 |      0.069      0.294      0.504   -0.000 |      0.028     -0.017      3.112 |  FirstCopy  LastCopy
 1781 |    22 -      gamma |  1 | 1555 1555   -1   -1 |  1  0 |   0.029      0.109  0.612 |      0.024      0.017      0.003   -0.000 |      0.028     -0.017      3.112 |  FirstCopy  LastCopy
 1782 |    22 -      gamma |  1 | 1560 1560   -1   -1 |  1  0 |   0.054      0.760  2.430 |     -0.041      0.035      0.045    0.000 |      0.028     -0.017      3.112 |  FirstCopy  LastCopy
 1783 |    22 -      gamma |  1 | 1560 1560   -1   -1 |  1  0 |   0.134      1.854  1.264 |      0.040      0.127      0.416    0.000 |      0.028     -0.017      3.112 |  FirstCopy  LastCopy
 1784 |    22 -      gamma |  1 | 1569 1569   -1   -1 |  1  0 |   0.057     -3.925 -3.085 |     -0.057     -0.003     -1.438    0.000 |      0.028     -0.017      3.112 |  FirstCopy  LastCopy
 1785 |    22 -      gamma |  1 | 1569 1569   -1   -1 |  1  0 |   0.050     -5.369 -0.114 |      0.049     -0.006     -5.345    0.000 |      0.028     -0.017      3.112 |  FirstCopy  LastCopy
 1786 |    22 -      gamma |  1 | 1574 1574   -1   -1 |  1  0 |   0.028     -2.489 -2.856 |     -0.027     -0.008     -0.167   -0.000 |      0.028     -0.017      3.112 |  FirstCopy  LastCopy
 1787 |    22 -      gamma |  1 | 1574 1574   -1   -1 |  1  0 |   0.218     -3.094 -0.966 |      0.124     -0.179     -2.398   -0.000 |      0.028     -0.017      3.112 |  FirstCopy  LastCopy
 1788 |    22 -      gamma |  1 | 1579 1579   -1   -1 |  1  0 |   0.114      2.053  3.111 |     -0.114      0.003      0.437    0.000 |      0.028     -0.017      3.112 |  FirstCopy  LastCopy
 1789 |    22 -      gamma |  1 | 1579 1579   -1   -1 |  1  0 |   0.101      0.866  3.107 |     -0.101      0.004      0.099    0.000 |      0.028     -0.017      3.112 |  FirstCopy  LastCopy
 1790 |    22 -      gamma |  1 | 1592 1592   -1   -1 |  1  0 |   0.104      2.516 -0.335 |      0.098     -0.034      0.639    0.000 |      0.028     -0.017      3.112 |  FirstCopy  LastCopy
 1791 |    22 -      gamma |  1 | 1592 1592   -1   -1 |  1  0 |   0.038      1.714  2.549 |     -0.031      0.021      0.102    0.000 |      0.028     -0.017      3.112 |  FirstCopy  LastCopy
 1792 |    22 -      gamma |  1 | 1601 1601   -1   -1 |  1  0 |   0.033     -0.174  1.831 |     -0.008      0.032     -0.006    0.000 |      0.028     -0.017      3.112 |  FirstCopy  LastCopy
 1793 |    22 -      gamma |  1 | 1601 1601   -1   -1 |  1  0 |   0.219     -1.629  1.946 |     -0.080      0.204     -0.537    0.000 |      0.028     -0.017      3.112 |  FirstCopy  LastCopy
 1794 |    22 -      gamma |  1 | 1604 1604   -1   -1 |  1  0 |   0.072     -4.041 -2.421 |     -0.054     -0.048     -2.053    0.000 |      0.028     -0.017      3.112 |  FirstCopy  LastCopy
 1795 |    22 -      gamma |  1 | 1604 1604   -1   -1 |  1  0 |   0.087     -4.400  1.906 |     -0.029      0.083     -3.561    0.000 |      0.028     -0.017      3.112 |  FirstCopy  LastCopy
 1796 |    22 -      gamma |  1 | 1605 1605   -1   -1 |  1  0 |   0.063     -4.297 -0.340 |      0.060     -0.021     -2.329   -0.000 |      0.028     -0.017      3.112 |  FirstCopy  LastCopy
 1797 |    22 -      gamma |  1 | 1605 1605   -1   -1 |  1  0 |   0.150     -3.862  1.093 |      0.069      0.133     -3.558   -0.000 |      0.028     -0.017      3.112 |  FirstCopy  LastCopy
 1798 |    22 -      gamma |  1 | 1606 1606   -1   -1 |  1  0 |   0.119     -4.355 -0.217 |      0.116     -0.026     -4.632   -0.000 |      0.028     -0.017      3.112 |  FirstCopy  LastCopy
 1799 |    22 -      gamma |  1 | 1606 1606   -1   -1 |  1  0 |   0.063     -3.986 -1.926 |     -0.022     -0.059     -1.707    0.000 |      0.028     -0.017      3.112 |  FirstCopy  LastCopy
 1800 |    22 -      gamma |  1 | 1609 1609   -1   -1 |  1  0 |   0.030     -1.944  2.613 |     -0.026      0.015     -0.102   -0.000 |      0.028     -0.017      3.112 |  FirstCopy  LastCopy
 1801 |    22 -      gamma |  1 | 1609 1609   -1   -1 |  1  0 |   0.207     -0.712 -2.497 |     -0.166     -0.125     -0.161   -0.000 |      0.028     -0.017      3.112 |  FirstCopy  LastCopy
 1802 |    22 -      gamma |  1 | 1612 1612   -1   -1 |  1  0 |   0.034      2.456  2.046 |     -0.016      0.030      0.196   -0.000 |      0.028     -0.017      3.112 |  FirstCopy  LastCopy
 1803 |    22 -      gamma |  1 | 1612 1612   -1   -1 |  1  0 |   0.175      2.299 -2.113 |     -0.090     -0.150      0.861   -0.000 |      0.028     -0.017      3.112 |  FirstCopy  LastCopy
 1804 |    22 -      gamma |  1 | 1624 1624   -1   -1 |  1  0 |   0.137     -3.439  1.717 |     -0.020      0.135     -2.130    0.000 |      0.028     -0.017      3.112 |  FirstCopy  LastCopy
 1805 |    22 -      gamma |  1 | 1624 1624   -1   -1 |  1  0 |   0.048     -2.923 -0.102 |      0.048     -0.005     -0.447    0.000 |      0.028     -0.017      3.112 |  FirstCopy  LastCopy
 1806 |    22 -      gamma |  1 | 1627 1627   -1   -1 |  1  0 |   0.037     -2.637  1.212 |      0.013      0.035     -0.261    0.000 |      0.028     -0.017      3.112 |  FirstCopy  LastCopy
 1807 |    22 -      gamma |  1 | 1627 1627   -1   -1 |  1  0 |   0.219     -3.844  0.428 |      0.199      0.091     -5.102    0.000 |      0.028     -0.017      3.112 |  FirstCopy  LastCopy
 1808 |    22 -      gamma |  1 | 1636 1636   -1   -1 |  1  0 |   0.493     -1.694 -1.561 |      0.005     -0.493     -1.295    0.000 |      0.028     -0.017      3.112 |  FirstCopy  LastCopy
 1809 |    22 -      gamma |  1 | 1636 1636   -1   -1 |  1  0 |   0.127     -2.061 -1.957 |     -0.048     -0.118     -0.492    0.000 |      0.028     -0.017      3.112 |  FirstCopy  LastCopy
 1810 |  -323 -        K*- |  2 | 1725 1725 1826 1827 |  1  2 |  18.953     -1.564 -2.063 |     -8.960    -16.702    -43.290    1.035 |     -0.130     -0.292      2.385 |  FirstCopy  LastCopy
 1811 |   213 -       rho+ |  2 | 1725 1725 1828 1829 |  1  2 |  15.071     -1.560 -2.088 |     -7.448    -13.102    -34.287    0.782 |     -0.130     -0.292      2.385 |  FirstCopy  LastCopy
 1812 |    22 -      gamma |  1 | 1726 1726   -1   -1 |  1  0 |   0.164     -1.521 -2.018 |     -0.071     -0.148     -0.357    0.000 |     -0.128     -0.289      2.394 |  FirstCopy  LastCopy
 1813 |    22 -      gamma |  1 | 1726 1726   -1   -1 |  1  0 |  17.728     -1.566 -2.083 |     -8.688    -15.453    -40.571    0.000 |     -0.128     -0.289      2.394 |  FirstCopy  LastCopy
 1814 |   130 -       K_L0 |  1 | 1740 1740   -1   -1 |  1  0 |   0.923     -2.547  1.764 |     -0.177      0.906     -5.858    0.498 |      0.027     -0.015      3.090 |  FirstCopy  LastCopy
 1815 |   310 -       K_S0 |  1 | 1740 1740   -1   -1 |  1  0 |   0.763     -2.774  1.889 |     -0.239      0.725     -6.085    0.498 |      0.027     -0.015      3.090 |  FirstCopy  LastCopy
 1816 |   130 -       K_L0 |  1 | 1741 1741   -1   -1 |  1  0 |   0.105     -4.799  1.656 |     -0.009      0.105     -6.370    0.498 |      0.027     -0.015      3.090 |  FirstCopy  LastCopy
 1817 |  -421 -      Dbar0 |  2 | 1752 1752 1830 1834 |  1  5 |  42.368     -3.762  1.003 |     22.776     35.725   -910.926    1.865 |      0.322      0.451     -8.604 |  FirstCopy  LastCopy
 1818 |    22 -      gamma |  1 | 1752 1752   -1   -1 |  1  0 |   5.762     -3.745  1.011 |      3.060      4.882   -121.783    0.000 |      0.322      0.451     -8.604 |  FirstCopy  LastCopy
 1819 |    22 -      gamma |  1 | 1754 1754   -1   -1 |  1  0 |   2.941     -3.681  1.025 |      1.526      2.513    -58.308    0.000 |      0.322      0.452     -8.608 |  FirstCopy  LastCopy
 1820 |    22 -      gamma |  1 | 1754 1754   -1   -1 |  1  0 |   2.529     -3.714  0.989 |      1.391      2.112    -51.846    0.000 |      0.322      0.452     -8.608 |  FirstCopy  LastCopy
 1821 |   310 -       K_S0 |  1 | 1755 1755   -1   -1 |  1  0 |  15.655     -3.766  0.982 |      8.691     13.021   -338.088    0.498 |      0.322      0.452     -8.604 |  FirstCopy  LastCopy
 1822 |  -311 -      Kbar0 |  2 | 1756 1756 1835 1835 |  1  1 |  11.777     -3.711  1.067 |      5.682     10.316   -240.697    0.498 |      0.322      0.451     -8.604 |  FirstCopy  LastCopy
 1823 |   111 -        pi0 |  2 | 1756 1756 1836 1837 |  1  2 |   1.004     -3.767  0.929 |      0.601      0.805    -21.701    0.135 |      0.322      0.451     -8.604 |  FirstCopy  LastCopy  LastCopyBeforeFSR
 1824 |    22 -      gamma |  1 | 1767 1767   -1   -1 |  1  0 |   0.184      2.601 -0.753 |      0.135     -0.126      1.236    0.000 |      0.028     -0.017      3.112 |  FirstCopy  LastCopy
 1825 |    22 -      gamma |  1 | 1767 1767   -1   -1 |  1  0 |   0.297      2.147 -0.401 |      0.274     -0.116      1.255    0.000 |      0.028     -0.017      3.112 |  FirstCopy  LastCopy
 1826 |  -311 -      Kbar0 |  2 | 1810 1810 1838 1838 |  1  1 |   7.958     -1.606 -2.060 |     -3.742     -7.024    -19.022    0.498 |     -0.130     -0.292      2.385 |  FirstCopy  LastCopy
 1827 |  -211 -        pi- |  1 | 1810 1810   -1   -1 |  1  0 |  10.995     -1.533 -2.065 |     -5.219     -9.678    -24.268    0.140 |     -0.130     -0.292      2.385 |  FirstCopy  LastCopy
 1828 |   211 -        pi+ |  1 | 1811 1811   -1   -1 |  1  0 |  13.313     -1.545 -2.081 |     -6.502    -11.617    -29.775    0.140 |     -0.130     -0.292      2.385 |  FirstCopy  LastCopy
 1829 |   111 -        pi0 |  2 | 1811 1811 1839 1840 |  1  2 |   1.760     -1.671 -2.138 |     -0.946     -1.485     -4.512    0.135 |     -0.130     -0.292      2.385 |  FirstCopy  LastCopy  LastCopyBeforeFSR
 1830 |  -311 -      Kbar0 |  2 | 1817 1817 1841 1841 |  1  1 |  12.873     -3.756  1.009 |      6.856     10.895   -275.168    0.498 |      0.673      1.003    -22.658 |  FirstCopy  LastCopy
 1831 |  -211 -        pi- |  1 | 1817 1817   -1   -1 |  1  0 |   4.270     -3.804  1.003 |      2.298      3.599    -95.824    0.140 |      0.673      1.003    -22.658 |  FirstCopy  LastCopy
 1832 |   211 -        pi+ |  1 | 1817 1817   -1   -1 |  1  0 |   7.518     -3.779  1.042 |      3.793      6.492   -164.460    0.140 |      0.673      1.003    -22.658 |  FirstCopy  LastCopy
 1833 |   111 -        pi0 |  2 | 1817 1817 1842 1843 |  1  2 |   9.053     -3.774  0.998 |      4.904      7.610   -197.025    0.135 |      0.673      1.003    -22.658 |  FirstCopy  LastCopy  LastCopyBeforeFSR
 1834 |   111 -        pi0 |  2 | 1817 1817 1844 1845 |  1  2 |   8.665     -3.719  0.966 |      4.925      7.129   -178.449    0.135 |      0.673      1.003    -22.658 |  FirstCopy  LastCopy  LastCopyBeforeFSR
 1835 |   130 -       K_L0 |  1 | 1822 1822   -1   -1 |  1  0 |  11.777     -3.711  1.067 |      5.682     10.316   -240.697    0.498 |      0.322      0.451     -8.604 |  FirstCopy  LastCopy
 1836 |    22 -      gamma |  1 | 1823 1823   -1   -1 |  1  0 |   0.697     -3.847  0.920 |      0.422      0.554    -16.305    0.000 |      0.322      0.452     -8.605 |  FirstCopy  LastCopy
 1837 |    22 -      gamma |  1 | 1823 1823   -1   -1 |  1  0 |   0.308     -3.558  0.951 |      0.179      0.251     -5.397    0.000 |      0.322      0.452     -8.605 |  FirstCopy  LastCopy
 1838 |   310 -       K_S0 |  1 | 1826 1826   -1   -1 |  1  0 |   7.958     -1.606 -2.060 |     -3.742     -7.024    -19.022    0.498 |     -0.130     -0.292      2.385 |  FirstCopy  LastCopy
 1839 |    22 -      gamma |  1 | 1829 1829   -1   -1 |  1  0 |   0.301     -1.598 -2.292 |     -0.199     -0.226     -0.714   -0.000 |     -0.130     -0.292      2.385 |  FirstCopy  LastCopy
 1840 |    22 -      gamma |  1 | 1829 1829   -1   -1 |  1  0 |   1.463     -1.682 -2.106 |     -0.747     -1.258     -3.798   -0.000 |     -0.130     -0.292      2.385 |  FirstCopy  LastCopy
 1841 |   310 -       K_S0 |  1 | 1830 1830   -1   -1 |  1  0 |  12.873     -3.756  1.009 |      6.856     10.895   -275.168    0.498 |      0.673      1.003    -22.658 |  FirstCopy  LastCopy
 1842 |    22 -      gamma |  1 | 1833 1833   -1   -1 |  1  0 |   8.237     -3.771  1.002 |      4.434      6.941   -178.800    0.000 |      0.673      1.003    -22.659 |  FirstCopy  LastCopy
 1843 |    22 -      gamma |  1 | 1833 1833   -1   -1 |  1  0 |   0.817     -3.798  0.958 |      0.470      0.668    -18.225    0.000 |      0.673      1.003    -22.659 |  FirstCopy  LastCopy
 1844 |    22 -      gamma |  1 | 1834 1834   -1   -1 |  1  0 |   6.403     -3.725  0.960 |      3.673      5.245   -132.736    0.000 |      0.673      1.003    -22.658 |  FirstCopy  LastCopy
 1845 |    22 -      gamma |  1 | 1834 1834   -1   -1 |  1  0 |   2.263     -3.700  0.984 |      1.253      1.884    -45.713    0.000 |      0.673      1.003    -22.658 |  FirstCopy  LastCopy
