alpha_s(MZ) = 0.118 at order 2: Lambda3 = 0.3820, Lambda4 = 0.3282, Lambda5 = 0.2262 GeV; alpha_s(pTmin^2) ... alpha_s(MZ^2): 1.563 ... 0.1180
PDF: NNPDF31_nnlo_as_0118 member 0 (embedded grid, frozen below Q = 1.65 GeV)

==== 1. the running coupling alpha_s(Q^2) ============================================================
  second-order running, Lambda_nf fixed by alpha_s(MZ) and continuity at the quark-mass thresholds:
    nf = 3: Lambda_3 = 0.3820 GeV
    nf = 4: Lambda_4 = 0.3282 GeV
    nf = 5: Lambda_5 = 0.2262 GeV
    nf = 6: Lambda_6 = 0.0916 GeV
     Q [GeV]  nf  alpha_s (2nd)  alpha_s (1st)   ratio   (the ratio is the veto weight)
       0.611   3         1.5626         1.4854  1.0520
       1.000   3         0.5304         0.7254  0.7312
       1.500   4         0.3620         0.4962  0.7296
       2.000   4         0.3076         0.4172  0.7372
       4.800   5         0.2160         0.2683  0.8051
      10.000   5         0.1783         0.2163  0.8242
      20.000   5         0.1534         0.1829  0.8390
      50.000   5         0.1298         0.1518  0.8550
      91.188   5         0.1180         0.1366  0.8638
     113.323   5         0.1143         0.1318  0.8666

==== 2. the hard event that is showered ==============================================================
 --------  Input hard process  -----------------------------------------------------------------------------------------------------
 
    no         id  name            status     mothers   daughters     colours      p_x        p_y        p_z         e          m 
     0         90  (system)           -11     0     0     0     0     0     0      0.000      0.000      0.000  13600.000  13600.000
     1       2212  (p+)               -12     0     0     3     0     0     0      0.000      0.000   6800.000   6800.000      0.938
     2       2212  (p+)               -12     0     0     4     0     0     0      0.000      0.000  -6800.000   6800.000      0.938
     3         -2  (ubar)             -21     1     0     5     6     0   101      0.000      0.000     14.785     14.785      0.000
     4          2  (u)                -21     2     0     5     6   102     0      0.000      0.000  -2652.934   2652.934      0.000
     5         -5  bbar                23     3     4     0     0     0   101     62.071     94.690  -2413.001   2415.661      4.800
     6          5  b                   23     3     4     0     0   102     0    -62.071    -94.690   -225.148    252.059      4.800
                                   Charge sum:  0.000           Momentum sum:      0.000      0.000  -2638.149   2667.719    396.102

 --------  End Input hard process  -------------------------------------------------------------------------------------------------
  beams: E_beam = 6800.0 GeV, sqrt(s) = 13600.0 GeV
  incoming partons: #3 ubar x_A = |p_z|/E_beam = 2.17429e-03 (+z), #4 u x_B = 3.90137e-01 (-z)
  s_hat = x_A x_B s = 156896.66 GeV^2, sqrt(s_hat) = 396.102 GeV; pTHat = 113.221 GeV
    outgoing #5 bbar  m = 4.800  E= 2415.661 px=  62.071 py=  94.690 pz=-2413.001  | pT=113.221 eta= -3.753 phi= 0.991
    outgoing #6 b     m = 4.800  E=  252.059 px= -62.071 py= -94.690 pz= -225.148  | pT=113.221 eta= -1.439 phi=-2.151
  starting scale: pTmax^2 = pTHat^2 + (m3^2 + m4^2)/2 = 12819.005 + 23.040 -> pTmax = 113.323 GeV (PYTHIA's factorisation scale of a 2 -> 2 QCD process)
  cut-offs: pTmin(FSR) = max(TimeShower:pTmin, 1.6 Lambda_3 = 0.6112) = 0.6112 GeV, pTmin(ISR) = max(SpaceShower:pTmin, 1.1 Lambda_3 = 0.4202) = 0.4202 GeV, pT0(ISR) = 2.00 GeV
  the shower fills the range pT = 113.32 -> 0.611 GeV, 7.5 octaves; alpha_s runs from 0.1143 to 1.563 over that range

==== 3. the parton densities x f(x, Q^2) that the initial-state shower needs =========================
  NNPDF31_nnlo_as_0118 member 0, frozen below Q = 1.65 GeV; at the starting scale Q^2 = pTmax^2:
             x        g        u        d     ubar     dbar        s     sbar        c        b
    2.1743e-03  20.3955   1.2566   1.2124   1.1454   1.1482   1.0654   1.0664   0.8421   0.6075
    1.0000e-02   8.1552   0.7905   0.7051   0.5647   0.5863   0.4944   0.4939   0.3443   0.2371
    1.0000e-01   0.8613   0.5977   0.3608   0.0894   0.1196   0.0654   0.0539   0.0304   0.0187
    3.9014e-01   0.0312   0.2107   0.0663   0.0012   0.0029   0.0053   0.0006   0.0028   0.0004
    5.0000e-01   0.0088   0.1011   0.0229   0.0000   0.0020   0.0041   0.0000   0.0013   0.0001
  backward evolution of side A (ubar, x = 2.1743e-03) needs the ratios x'f_b(x/z)/x f_a(x) at Q^2 = pTmax^2 for every mother b; at z = 0.5 and 0.9:
    q<-q  mother ubar  emits g    :    0.7390    0.9565
    q<-g  mother g     emits u    :   12.0640   16.8237
  backward evolution of side B (u, x = 3.9014e-01) needs the ratios x'f_b(x/z)/x f_a(x) at Q^2 = pTmax^2 for every mother b; at z = 0.5 and 0.9:
    q<-q  mother u     emits g    :    0.0244    0.7638
    q<-g  mother g     emits ubar :    0.0000    0.0926

==== 4. the colour dipoles of the hard event =========================================================
  every final-state coloured parton radiates against the other end of its colour line (final-state or beam parton):
    #5 bbar (acol 101) against #3 ubar [beam]  m_dip =  377.900 GeV, largest pT the dipole can host = sqrt(m2DipCorr)/2 =  188.935 GeV
    #6 b (col 102) against #4 u [beam]         m_dip =  377.900 GeV, largest pT the dipole can host = sqrt(m2DipCorr)/2 =  188.935 GeV
  random-number seed 1; the shower now starts at pT = 113.323 GeV

==== step 1: evolve downwards from pT = 113.323 GeV ==================================================
  every dipole end and both incoming partons propose their next emission below this scale (Sudakov veto algorithm); the hardest proposal wins
  FSR #5 bbar (acol 101) against #3 ubar [beam]  m_dip =  377.900  pT_max(phase space) = 188.935  ->  proposes q->qg     pT =    2.159  z = 0.9532
  FSR #6 b (col 102) against #4 u [beam]         m_dip =  377.900  pT_max(phase space) = 188.935  ->  proposes q->qg     pT =    5.241  z = 0.9819
  ISR side A(+z) #3 ubar  x = 2.1743e-03                      ->  proposes q<-g      pT =   53.877  z = 0.7789  x' = 2.7914e-03
  ISR side B(-z) #4 u     x = 3.9014e-01                      ->  proposes q<-q      pT =   12.700  z = 0.7973  x' = 4.8932e-01
  winner: ISR q<-g on side A(+z) at pT = 53.877 GeV

---- branching 1: ISR q<-g on side A(+z)  g -> ubar + u  at pT_evol = 53.877 GeV ---------------------
  backward evolution: the incoming ubar #3 (x = 2.17429e-03) is found to come from a g #7 that entered with x' = x/z = 2.17429e-03/0.77894 = 2.79136e-03 and emitted the u #8 into the final state
  evolution variable: pT_evol^2 = (1-z) Q^2 with Q^2 the spacelike virtuality of #3: Q^2 = pT^2/(1-z) = 2902.735/0.22106 = 13130.792 GeV^2, Q = 114.590 GeV
  alpha_s(pT^2 + pT0^2 = 2906.735) = 0.1282 (nf = 5); the infrared regularisation pT0 = 2.0 GeV also replaces dpT^2/pT^2 by dpT^2/(pT^2 + pT0^2)
  PDF ratio at Q^2 = 2902.735: x'f_g(x') / x f_ubar(x) = 16.24692 / 1.03727 = 15.6631  (the probability of the backward step is proportional to it)
  old (a, r) rest frame, sqrt(s_hat) = 396.102: new incoming b = (sqrt(s)/2z)(1,0,0,1) with E_b = 254.258; emitted c has E_c - p_cz = z(Q^2 + m_c^2)/sqrt(s) = 25.8218, E_c + p_cz = 79.2642, pT_c = sqrt(uv - m_c^2) = 45.241 (compare pT_evol = 53.877), phi = 5.041
  before:
    incoming  #3   ubar   x = 2.17429e-03  E=   14.785 px=   0.000 py=   0.000 pz=   14.785  | pT=  0.000 eta=    inf phi= 0.000
  after:
    #7   g     st -41  col 103/101 m= 0.000  E=   18.981 px=   0.000 py=   0.000 pz=   18.981  | pT=  0.000 eta=    inf phi= 0.000   x' = 2.79136e-03
    #8   u     st  43  col 103/0   m= 0.000  E=  175.903 px=  14.618 py= -42.814 pz= -169.985  | pT= 45.241 eta= -2.034 phi=-1.242
  the other incoming parton #4 u is untouched (x = 3.90137e-01); the whole downstream system is boosted from the old (a, r) frame to the new (a', r) frame, status 44 copies:
    #5   -> #9   bbar   pT  113.221 ->  115.765  eta  -3.753 ->  -3.695  phi  0.991 ->  1.018  E  2415.661 ->  2330.388
    #6   -> #10  b      pT  113.221 ->   93.737  eta  -1.439 ->  -1.170  phi -2.151 -> -2.505  E   252.059 ->   165.624
  check: mass of the downstream system sqrt(s_hat) before 396.102 = after 396.102 GeV; virtuality of #3 after the branching: (p_b - p_c)^2 = -13130.792 = -Q^2
  state: 3 final-state partons, 3 dipole ends, incoming g x_A = 2.79136e-03, u x_B = 3.90137e-01, sqrt(s_hat) = 448.803 GeV; |sum(final) - sum(incoming)|_max = 2.91e-11 GeV

==== step 2: evolve downwards from pT = 53.877 GeV ===================================================
  every dipole end and both incoming partons propose their next emission below this scale (Sudakov veto algorithm); the hardest proposal wins
  FSR #8 u (col 103) against #7 g [beam]         m_dip =  114.590  pT_max(phase space) =  57.295  ->  proposes q->qg     pT =    1.610  z = 0.8973
  FSR #9 bbar (acol 101) against #7 g [beam]     m_dip =  420.534  pT_max(phase space) = 210.253  ->  proposes q->qg     pT =    1.163  z = 0.9835
  ISR side A(+z) #7 g     x = 2.7914e-03                      ->  proposes g<-g      pT =    5.930  z = 0.9428  x' = 2.9607e-03
  ISR side B(-z) #4 u     x = 3.9014e-01                      ->  proposes q<-q      pT =   51.361  z = 0.8496  x' = 4.5920e-01
  no emission above the cut-off from 1 competitor(s): #10 b (col 102) against #4 u [beam]
  winner: ISR q<-q on side B(-z) at pT = 51.361 GeV

---- branching 2: ISR q<-q on side B(-z)  u -> u + g  at pT_evol = 51.361 GeV ------------------------
  backward evolution: the incoming u #4 (x = 3.90137e-01) is found to come from a u #11 that entered with x' = x/z = 3.90137e-01/0.84960 = 4.59200e-01 and emitted the g #12 into the final state
  evolution variable: pT_evol^2 = (1-z) Q^2 with Q^2 the spacelike virtuality of #4: Q^2 = pT^2/(1-z) = 2637.914/0.15040 = 17539.591 GeV^2, Q = 132.437 GeV
  alpha_s(pT^2 + pT0^2 = 2641.914) = 0.1292 (nf = 5); the infrared regularisation pT0 = 2.0 GeV also replaces dpT^2/pT^2 by dpT^2/(pT^2 + pT0^2)
  PDF ratio at Q^2 = 2637.914: x'f_u(x') / x f_u(x) = 0.15396 / 0.23564 = 0.6534  (the probability of the backward step is proportional to it)
  old (a, r) rest frame, sqrt(s_hat) = 448.803: new incoming b = (sqrt(s)/2z)(1,0,0,1) with E_b = 264.125; emitted c has E_c - p_cz = z(Q^2 + m_c^2)/sqrt(s) = 33.2032, E_c + p_cz = 40.3669, pT_c = sqrt(uv - m_c^2) = 36.610 (compare pT_evol = 51.361), phi = 2.430
  before:
    incoming  #4   u      x = 3.90137e-01  E= 2652.934 px=   0.000 py=   0.000 pz=-2652.934  | pT=  0.000 eta=   -inf phi= 0.000
  after:
    #11  u     st -41  col 104/0   m= 0.000  E= 3122.560 px=   0.000 py=   0.000 pz=-3122.560  | pT=  0.000 eta=   -inf phi= 0.000   x' = 4.59200e-01
    #12  g     st  43  col 104/102 m= 0.000  E=  240.018 px= -27.723 py= -23.911 pz= -237.210  | pT= 36.610 eta= -2.568 phi=-2.430
  the other incoming parton #7 g is untouched (x = 2.79136e-03); the whole downstream system is boosted from the old (a, r) frame to the new (a', r) frame, status 44 copies:
    #8   -> #13  u      pT   45.241 ->   44.405  eta  -2.034 ->  -2.136  phi -1.242 -> -1.192  E   175.903 ->   190.626
    #9   -> #14  bbar   pT  115.765 ->  146.727  eta  -3.695 ->  -3.541  phi  1.018 ->  0.952  E  2330.388 ->  2533.875
    #10  -> #15  b      pT   93.737 ->   91.659  eta  -1.170 ->  -1.276  phi -2.505 -> -2.507  E   165.624 ->   177.022
  check: mass of the downstream system sqrt(s_hat) before 448.803 = after 448.803 GeV; virtuality of #4 after the branching: (p_b - p_c)^2 = -17539.591 = -Q^2
  state: 4 final-state partons, 5 dipole ends, incoming g x_A = 2.79136e-03, u x_B = 4.59200e-01, sqrt(s_hat) = 486.909 GeV; |sum(final) - sum(incoming)|_max = 5.46e-12 GeV

==== step 3: evolve downwards from pT = 51.361 GeV ===================================================
  every dipole end and both incoming partons propose their next emission below this scale (Sudakov veto algorithm); the hardest proposal wins
  FSR #12 g (col 104) against #11 u [beam]       m_dip =  132.437  pT_max(phase space) =  66.219  ->  proposes g->gg     pT =   18.397  z = 0.5395
  FSR #12 g (acol 102) against #15 b             m_dip =   80.600  pT_max(phase space) =  37.900  ->  proposes g->gg     pT =    0.879  z = 0.4165
  FSR #13 u (col 103) against #7 g [beam]        m_dip =  119.475  pT_max(phase space) =  59.737  ->  proposes q->qg     pT =   18.907  z = 0.3437
  FSR #14 bbar (acol 101) against #7 g [beam]    m_dip =  438.459  pT_max(phase space) = 219.216  ->  proposes q->qg     pT =    4.091  z = 0.5401
  FSR #15 b (col 102) against #12 g              m_dip =   80.600  pT_max(phase space) =  40.229  ->  proposes q->qg     pT =    0.894  z = 0.9758
  ISR side A(+z) #7 g     x = 2.7914e-03                      ->  proposes g<-g      pT =   42.157  z = 0.2058  x' = 1.3560e-02
  ISR side B(-z) #11 u     x = 4.5920e-01                      ->  proposes q<-q      pT =    9.629  z = 0.8064  x' = 5.6947e-01
  winner: ISR g<-g on side A(+z) at pT = 42.157 GeV

---- branching 3: ISR g<-g on side A(+z)  g -> g + g  at pT_evol = 42.157 GeV ------------------------
  backward evolution: the incoming g #7 (x = 2.79136e-03) is found to come from a g #16 that entered with x' = x/z = 2.79136e-03/0.20585 = 1.35603e-02 and emitted the g #17 into the final state
  evolution variable: pT_evol^2 = (1-z) Q^2 with Q^2 the spacelike virtuality of #7: Q^2 = pT^2/(1-z) = 1777.193/0.79415 = 2237.850 GeV^2, Q = 47.306 GeV
  alpha_s(pT^2 + pT0^2 = 1781.193) = 0.1336 (nf = 5); the infrared regularisation pT0 = 2.0 GeV also replaces dpT^2/pT^2 by dpT^2/(pT^2 + pT0^2)
  PDF ratio at Q^2 = 1777.193: x'f_g(x') / x f_g(x) = 6.36640 / 15.66479 = 0.4064  (the probability of the backward step is proportional to it)
  old (a, r) rest frame, sqrt(s_hat) = 486.909: new incoming b = (sqrt(s)/2z)(1,0,0,1) with E_b = 1182.692; emitted c has E_c - p_cz = z(Q^2 + m_c^2)/sqrt(s) = 0.9461, E_c + p_cz = 1873.8784, pT_c = sqrt(uv - m_c^2) = 42.105 (compare pT_evol = 42.157), phi = 6.068
  before:
    incoming  #7   g      x = 2.79136e-03  E=   18.981 px=   0.000 py=   0.000 pz=   18.981  | pT=  0.000 eta=    inf phi= 0.000
  after:
    #16  g     st -41  col 103/105 m= 0.000  E=   92.210 px=   0.000 py=   0.000 pz=   92.210  | pT=  0.000 eta=    inf phi= 0.000   x' = 1.35603e-02
    #17  g     st  43  col 101/105 m= 0.000  E=   79.117 px=  41.138 py=  -8.971 pz=   66.982  | pT= 42.105 eta=  1.244 phi=-0.215
  the other incoming parton #11 u is untouched (x = 4.59200e-01); the whole downstream system is boosted from the old (a, r) frame to the new (a', r) frame, status 44 copies:
    #12  -> #18  g      pT   36.610 ->   38.562  eta  -2.568 ->  -2.610  phi -2.430 -> -2.495  E   240.018 ->   263.676
    #13  -> #19  u      pT   44.405 ->   41.433  eta  -2.136 ->  -2.058  phi -1.192 -> -1.309  E   190.626 ->   164.797
    #14  -> #20  bbar   pT  146.727 ->  144.936  eta  -3.541 ->  -3.520  phi  0.952 ->  0.982  E  2533.875 ->  2449.447
    #15  -> #21  b      pT   91.659 ->  112.494  eta  -1.276 ->  -1.471  phi -2.507 -> -2.698  E   177.022 ->   257.733
  check: mass of the downstream system sqrt(s_hat) before 486.909 = after 486.909 GeV; virtuality of #7 after the branching: (p_b - p_c)^2 = -2237.850 = -Q^2
  state: 5 final-state partons, 7 dipole ends, incoming g x_A = 1.35603e-02, u x_B = 4.59200e-01, sqrt(s_hat) = 1073.185 GeV; |sum(final) - sum(incoming)|_max = 1.96e-11 GeV

==== step 4: evolve downwards from pT = 42.157 GeV ===================================================
  every dipole end and both incoming partons propose their next emission below this scale (Sudakov veto algorithm); the hardest proposal wins
  FSR #17 g (col 101) against #20 bbar           m_dip =  843.039  pT_max(phase space) = 419.119  ->  proposes g->gg     pT =   15.719  z = 0.9438
  FSR #17 g (acol 105) against #16 g [beam]      m_dip =   47.306  pT_max(phase space) =  23.653  ->  proposes g->gg     pT =    1.095  z = 0.8965
  FSR #18 g (acol 102) against #21 b             m_dip =   80.600  pT_max(phase space) =  37.900  ->  proposes g->gg     pT =    7.795  z = 0.4185
  FSR #19 u (col 103) against #16 g [beam]       m_dip =  244.556  pT_max(phase space) = 122.278  ->  proposes q->qg     pT =    1.107  z = 0.6346
  FSR #20 bbar (acol 101) against #17 g          m_dip =  843.039  pT_max(phase space) = 421.512  ->  proposes q->qg     pT =   34.218  z = 0.5939
  FSR #21 b (col 102) against #18 g              m_dip =   80.600  pT_max(phase space) =  40.229  ->  proposes q->qg     pT =   10.215  z = 0.5420
  ISR side A(+z) #16 g     x = 1.3560e-02                      ->  proposes g<-g      pT =   20.122  z = 0.6518  x' = 2.0804e-02
  ISR side B(-z) #11 u     x = 4.5920e-01                      ->  proposes q<-q      pT =   12.799  z = 0.9053  x' = 5.0723e-01
  no emission above the cut-off from 1 competitor(s): #18 g (col 104) against #11 u [beam]
  winner: FSR q->qg of #20 bbar (acol 101) against #17 g at pT = 34.218 GeV

---- branching 4: FSR q->qg  bbar -> bbar + g  at pT_evol = 34.218 GeV -------------------------------
  radiator #20 bbar radiates on its acol line (tag 101) against recoiler #17 g
  evolution variable: pT_evol^2 = z(1-z)(m^2 - m_rad^2) with m_rad = 4.800 GeV
    -> virtuality of the branching parton m^2 = m_rad^2 + pT^2/(z(1-z)) = 23.040 + 1170.851/(0.5939 x 0.4061) = 4877.838 GeV^2,  m = 69.842 GeV
  z = 0.5939: daughter 1 (bbar) keeps the fraction z of the pair's energy in the dipole rest frame, daughter 2 (g) gets 1 - z = 0.4061
  alpha_s(pT^2) = 0.1386 (nf = 5, second order; first-order form 0.1633 was used for the overestimate)
  dipole rest frame (dipole mass m_dip = 843.039 GeV): the pair (daughters) gets E_P = 424.412, p_z = 418.626; daughter 1: E1 = z E_P = 252.078, p1z = 249.709, pT_actual = sqrt(E1^2 - m1^2 - p1z^2) = 34.145 GeV (compare pT_evol = 34.218), azimuth phi = 2.054
  the final-state recoiler keeps its mass 0.000 and its direction in the dipole frame, only its energy and |p| change so that the dipole mass is conserved
  before:
    radiator  #20  bbar   E= 2449.447 px=  80.482 py= 120.537 pz=-2445.151  | pT=144.936 eta= -3.520 phi= 0.982
    recoiler  #17  g      E=   79.117 px=  41.138 py=  -8.971 pz=   66.982  | pT= 42.105 eta=  1.244 phi=-0.215
  after:
    #22  bbar  st  51  col   0/106 m= 4.800  E= 1467.400 px=  76.769 py=  53.289 pz=-1464.413  | pT= 93.452 eta= -3.446 phi= 0.607
    #23  g     st  51  col 106/101 m= 0.000  E=  982.588 px=   3.993 py=  67.187 pz= -980.280  | pT= 67.305 eta= -3.373 phi= 1.511
    #24  g     st  52  col 101/105 m= 0.000  E=   78.577 px=  40.857 py=  -8.910 pz=   66.525  | pT= 41.818 eta=  1.244 phi=-0.215
  check: p_rad + p_rec (before) = p1 + p2 + p_rec' (after): max difference 3.64e-12 GeV
  check: m(daughter 1 + daughter 2) = 69.842 GeV = the virtuality m above; daughter masses 4.800, 0.000; dR(daughters) = 0.908
  state: 6 final-state partons, 9 dipole ends, incoming g x_A = 1.35603e-02, u x_B = 4.59200e-01, sqrt(s_hat) = 1073.185 GeV; |sum(final) - sum(incoming)|_max = 1.64e-11 GeV

==== step 5: evolve downwards from pT = 34.218 GeV ===================================================
  every dipole end and both incoming partons propose their next emission below this scale (Sudakov veto algorithm); the hardest proposal wins
  FSR #18 g (col 104) against #11 u [beam]       m_dip =  133.061  pT_max(phase space) =  66.530  ->  proposes g->gg     pT =    5.065  z = 0.3688
  FSR #18 g (acol 102) against #21 b             m_dip =   80.600  pT_max(phase space) =  37.900  ->  proposes g->gg     pT =    2.710  z = 0.9405
  FSR #19 u (col 103) against #16 g [beam]       m_dip =  244.556  pT_max(phase space) = 122.278  ->  proposes q->qg     pT =    8.881  z = 0.8444
  FSR #21 b (col 102) against #18 g              m_dip =   80.600  pT_max(phase space) =  40.229  ->  proposes q->qg     pT =   32.070  z = 0.6013
  FSR #22 bbar (acol 106) against #23 g          m_dip =   69.842  pT_max(phase space) =  34.838  ->  proposes q->qg     pT =    5.425  z = 0.6572
  FSR #23 g (col 106) against #22 bbar           m_dip =   69.842  pT_max(phase space) =  32.521  ->  proposes g->gg     pT =    2.046  z = 0.8501
  FSR #23 g (acol 101) against #24 g             m_dip =  534.522  pT_max(phase space) = 267.261  ->  proposes g->gg     pT =    2.725  z = 0.9851
  FSR #24 g (col 101) against #23 g              m_dip =  534.522  pT_max(phase space) = 267.261  ->  proposes g->qqbar  pT =    3.520  z = 0.9560
  FSR #24 g (acol 105) against #16 g [beam]      m_dip =   47.144  pT_max(phase space) =  23.572  ->  proposes g->gg     pT =    0.861  z = 0.9450
  ISR side A(+z) #16 g     x = 1.3560e-02                      ->  proposes g<-g      pT =   19.034  z = 0.9570  x' = 1.4170e-02
  ISR side B(-z) #11 u     x = 4.5920e-01                      ->  proposes q<-q      pT =   21.126  z = 0.8977  x' = 5.1155e-01
  winner: FSR q->qg of #21 b (col 102) against #18 g at pT = 32.070 GeV

---- branching 5: FSR q->qg  b -> b + g  at pT_evol = 32.070 GeV -------------------------------------
  radiator #21 b radiates on its col line (tag 102) against recoiler #18 g
  evolution variable: pT_evol^2 = z(1-z)(m^2 - m_rad^2) with m_rad = 4.800 GeV
    -> virtuality of the branching parton m^2 = m_rad^2 + pT^2/(z(1-z)) = 23.040 + 1028.493/(0.6013 x 0.3987) = 4313.008 GeV^2,  m = 65.673 GeV
  z = 0.6013: daughter 1 (b) keeps the fraction z of the pair's energy in the dipole rest frame, daughter 2 (g) gets 1 - z = 0.3987
  alpha_s(pT^2) = 0.1402 (nf = 5, second order; first-order form 0.1654 was used for the overestimate)
  dipole rest frame (dipole mass m_dip = 80.600 GeV): the pair (daughters) gets E_P = 67.056, p_z = 13.545; daughter 1: E1 = z E_P = 40.319, p1z = 39.542, pT_actual = sqrt(E1^2 - m1^2 - p1z^2) = 6.246 GeV (compare pT_evol = 32.070), azimuth phi = 0.520
  the final-state recoiler keeps its mass 0.000 and its direction in the dipole frame, only its energy and |p| change so that the dipole mass is conserved
  before:
    radiator  #21  b      E=  257.733 px=-101.595 py= -48.303 pz= -231.838  | pT=112.494 eta= -1.471 phi=-2.698
    recoiler  #18  g      E=  263.676 px= -30.767 py= -23.247 pz= -260.841  | pT= 38.562 eta= -2.610 phi=-2.495
  after:
    #25  b     st  51  col 107/0   m= 4.800  E=  217.424 px= -90.766 py= -41.636 pz= -193.075  | pT= 99.860 eta= -1.413 phi=-2.712
    #26  g     st  51  col 102/107 m= 0.000  E=  215.050 px= -31.219 py= -22.073 pz= -211.624  | pT= 38.234 eta= -2.412 phi=-2.526
    #27  g     st  52  col 104/102 m= 0.000  E=   88.935 px= -10.377 py=  -7.841 pz=  -87.979  | pT= 13.007 eta= -2.610 phi=-2.495
  check: p_rad + p_rec (before) = p1 + p2 + p_rec' (after): max difference 2.05e-12 GeV
  check: m(daughter 1 + daughter 2) = 65.673 GeV = the virtuality m above; daughter masses 4.800, 0.000; dR(daughters) = 1.016
  state: 7 final-state partons, 11 dipole ends, incoming g x_A = 1.35603e-02, u x_B = 4.59200e-01, sqrt(s_hat) = 1073.185 GeV; |sum(final) - sum(incoming)|_max = 1.46e-11 GeV

==== step 6: evolve downwards from pT = 32.070 GeV ===================================================
  every dipole end and both incoming partons propose their next emission below this scale (Sudakov veto algorithm); the hardest proposal wins
  FSR #19 u (col 103) against #16 g [beam]       m_dip =  244.556  pT_max(phase space) = 122.278  ->  proposes q->qg     pT =    2.285  z = 0.5160
  FSR #22 bbar (acol 106) against #23 g          m_dip =   69.842  pT_max(phase space) =  34.838  ->  proposes q->qg     pT =    6.321  z = 0.8444
  FSR #23 g (col 106) against #22 bbar           m_dip =   69.842  pT_max(phase space) =  32.521  ->  proposes g->qqbar  pT =    4.419  z = 0.8374
  FSR #23 g (acol 101) against #24 g             m_dip =  534.522  pT_max(phase space) = 267.261  ->  proposes g->gg     pT =    5.092  z = 0.0508
  FSR #24 g (col 101) against #23 g              m_dip =  534.522  pT_max(phase space) = 267.261  ->  proposes g->gg     pT =   25.615  z = 0.2753
  FSR #24 g (acol 105) against #16 g [beam]      m_dip =   47.144  pT_max(phase space) =  23.572  ->  proposes g->gg     pT =    1.888  z = 0.8247
  FSR #25 b (col 107) against #26 g              m_dip =   65.673  pT_max(phase space) =  32.749  ->  proposes q->qg     pT =    5.281  z = 0.8537
  FSR #26 g (col 102) against #27 g              m_dip =    4.477  pT_max(phase space) =   2.238  ->  proposes g->gg     pT =    0.872  z = 0.7325
  FSR #26 g (acol 107) against #25 b             m_dip =   65.673  pT_max(phase space) =  30.437  ->  proposes g->gg     pT =    0.636  z = 0.6654
  ISR side A(+z) #16 g     x = 1.3560e-02                      ->  proposes g<-g      pT =   16.003  z = 0.9160  x' = 1.4803e-02
  ISR side B(-z) #11 u     x = 4.5920e-01                      ->  proposes q<-q      pT =    2.665  z = 0.9553  x' = 4.8070e-01
  no emission above the cut-off from 2 competitor(s): #27 g (col 104) against #11 u [beam]; #27 g (acol 102) against #26 g
  winner: FSR g->gg of #24 g (col 101) against #23 g at pT = 25.615 GeV

---- branching 6: FSR g->gg  g -> g + g  at pT_evol = 25.615 GeV -------------------------------------
  radiator #24 g radiates on its col line (tag 101) against recoiler #23 g
  evolution variable: pT_evol^2 = z(1-z)(m^2 - m_rad^2) with m_rad = 0.000 GeV
    -> virtuality of the branching parton m^2 = m_rad^2 + pT^2/(z(1-z)) = 0.000 + 656.136/(0.2753 x 0.7247) = 3288.405 GeV^2,  m = 57.345 GeV
  z = 0.2753: daughter 1 (g) keeps the fraction z of the pair's energy in the dipole rest frame, daughter 2 (g) gets 1 - z = 0.7247
  alpha_s(pT^2) = 0.1462 (nf = 5, second order; first-order form 0.1733 was used for the overestimate)
  dipole rest frame (dipole mass m_dip = 534.522 GeV): the pair (daughters) gets E_P = 270.337, p_z = 264.185; daughter 1: E1 = z E_P = 74.436, p1z = 69.946, pT_actual = sqrt(E1^2 - m1^2 - p1z^2) = 25.462 GeV (compare pT_evol = 25.615), azimuth phi = 1.808
  the final-state recoiler keeps its mass 0.000 and its direction in the dipole frame, only its energy and |p| change so that the dipole mass is conserved
  before:
    radiator  #24  g      E=   78.577 px=  40.857 py=  -8.910 pz=   66.525  | pT= 41.818 eta=  1.244 phi=-0.215
    recoiler  #23  g      E=  982.588 px=   3.993 py=  67.187 pz= -980.280  | pT= 67.305 eta= -3.373 phi= 1.511
  after:
    #28  g     st  51  col 108/105 m= 0.000  E=   27.074 px=   5.172 py=  22.709 pz=   13.804  | pT= 23.290 eta=  0.563 phi= 1.347
    #29  g     st  51  col 101/108 m= 0.000  E=   62.812 px=  35.732 py= -30.845 pz=   41.439  | pT= 47.204 eta=  0.792 phi=-0.712
    #30  g     st  52  col 106/101 m= 0.000  E=  971.279 px=   3.947 py=  66.413 pz= -968.998  | pT= 66.530 eta= -3.373 phi= 1.511
  check: p_rad + p_rec (before) = p1 + p2 + p_rec' (after): max difference 9.09e-13 GeV
  check: m(daughter 1 + daughter 2) = 57.345 GeV = the virtuality m above; daughter masses 0.000, 0.000; dR(daughters) = 2.072
  state: 8 final-state partons, 13 dipole ends, incoming g x_A = 1.35603e-02, u x_B = 4.59200e-01, sqrt(s_hat) = 1073.185 GeV; |sum(final) - sum(incoming)|_max = 1.55e-11 GeV

==== step 7: evolve downwards from pT = 25.615 GeV ===================================================
  every dipole end and both incoming partons propose their next emission below this scale (Sudakov veto algorithm); the hardest proposal wins
  FSR #19 u (col 103) against #16 g [beam]       m_dip =  244.556  pT_max(phase space) = 122.278  ->  proposes q->qg     pT =    1.082  z = 0.3339
  FSR #22 bbar (acol 106) against #30 g          m_dip =   69.440  pT_max(phase space) =  34.637  ->  proposes q->qg     pT =   12.858  z = 0.6646
  FSR #25 b (col 107) against #26 g              m_dip =   65.673  pT_max(phase space) =  32.749  ->  proposes q->qg     pT =    3.628  z = 0.8783
  FSR #26 g (col 102) against #27 g              m_dip =    4.477  pT_max(phase space) =   2.238  ->  proposes g->gg     pT =    0.779  z = 0.3584
  FSR #26 g (acol 107) against #25 b             m_dip =   65.673  pT_max(phase space) =  30.437  ->  proposes g->gg     pT =   14.898  z = 0.7394
  FSR #27 g (col 104) against #11 u [beam]       m_dip =   77.277  pT_max(phase space) =  38.639  ->  proposes g->gg     pT =    0.634  z = 0.1876
  FSR #28 g (col 108) against #29 g              m_dip =   57.345  pT_max(phase space) =  28.672  ->  proposes g->qqbar  pT =    7.424  z = 0.8485
  FSR #28 g (acol 105) against #16 g [beam]      m_dip =   49.469  pT_max(phase space) =  24.735  ->  proposes g->gg     pT =    3.219  z = 0.4749
  FSR #29 g (col 101) against #30 g              m_dip =  454.025  pT_max(phase space) = 227.012  ->  proposes g->gg     pT =   22.096  z = 0.1347
  FSR #29 g (acol 108) against #28 g             m_dip =   57.345  pT_max(phase space) =  28.672  ->  proposes g->gg     pT =    2.630  z = 0.6683
  FSR #30 g (col 106) against #22 bbar           m_dip =   69.440  pT_max(phase space) =  32.320  ->  proposes g->gg     pT =    2.325  z = 0.8677
  FSR #30 g (acol 101) against #29 g             m_dip =  454.025  pT_max(phase space) = 227.012  ->  proposes g->gg     pT =    8.552  z = 0.9537
  ISR side A(+z) #16 g     x = 1.3560e-02                      ->  proposes g<-g      pT =   15.132  z = 0.2136  x' = 6.3480e-02
  no emission above the cut-off from 2 competitor(s): #27 g (acol 102) against #26 g; beam B u
  winner: FSR g->gg of #29 g (col 101) against #30 g at pT = 22.096 GeV

---- branching 7: FSR g->gg  g -> g + g  at pT_evol = 22.096 GeV -------------------------------------
  radiator #29 g radiates on its col line (tag 101) against recoiler #30 g
  evolution variable: pT_evol^2 = z(1-z)(m^2 - m_rad^2) with m_rad = 0.000 GeV
    -> virtuality of the branching parton m^2 = m_rad^2 + pT^2/(z(1-z)) = 0.000 + 488.215/(0.1347 x 0.8653) = 4188.426 GeV^2,  m = 64.718 GeV
  z = 0.1347: daughter 1 (g) keeps the fraction z of the pair's energy in the dipole rest frame, daughter 2 (g) gets 1 - z = 0.8653
  alpha_s(pT^2) = 0.1504 (nf = 5, second order; first-order form 0.1789 was used for the overestimate)
  dipole rest frame (dipole mass m_dip = 454.025 GeV): the pair (daughters) gets E_P = 231.625, p_z = 222.400; daughter 1: E1 = z E_P = 31.202, p1z = 23.080, pT_actual = sqrt(E1^2 - m1^2 - p1z^2) = 20.997 GeV (compare pT_evol = 22.096), azimuth phi = 2.023
  the final-state recoiler keeps its mass 0.000 and its direction in the dipole frame, only its energy and |p| change so that the dipole mass is conserved
  before:
    radiator  #29  g      E=   62.812 px=  35.732 py= -30.845 pz=   41.439  | pT= 47.204 eta=  0.792 phi=-0.712
    recoiler  #30  g      E=  971.279 px=   3.947 py=  66.413 pz= -968.998  | pT= 66.530 eta= -3.373 phi= 1.511
  after:
    #31  g     st  51  col 109/108 m= 0.000  E=   16.827 px=  -4.773 py=  15.839 pz=   -3.084  | pT= 16.542 eta= -0.185 phi= 1.863
    #32  g     st  51  col 101/109 m= 0.000  E=   65.720 px=  40.585 py= -45.335 pz=   24.834  | pT= 60.847 eta=  0.398 phi=-0.841
    #33  g     st  52  col 106/101 m= 0.000  E=  951.544 px=   3.867 py=  65.064 pz= -949.309  | pT= 65.179 eta= -3.373 phi= 1.511
  check: p_rad + p_rec (before) = p1 + p2 + p_rec' (after): max difference 2.27e-12 GeV
  check: m(daughter 1 + daughter 2) = 64.718 GeV = the virtuality m above; daughter masses 0.000, 0.000; dR(daughters) = 2.766
  state: 9 final-state partons, 15 dipole ends, incoming g x_A = 1.35603e-02, u x_B = 4.59200e-01, sqrt(s_hat) = 1073.185 GeV; |sum(final) - sum(incoming)|_max = 1.73e-11 GeV

==== step 8: evolve downwards from pT = 22.096 GeV ===================================================
  every dipole end and both incoming partons propose their next emission below this scale (Sudakov veto algorithm); the hardest proposal wins
  FSR #19 u (col 103) against #16 g [beam]       m_dip =  244.556  pT_max(phase space) = 122.278  ->  proposes q->qg     pT =    1.495  z = 0.8918
  FSR #22 bbar (acol 106) against #33 g          m_dip =   68.735  pT_max(phase space) =  34.283  ->  proposes q->qg     pT =    1.863  z = 0.9724
  FSR #25 b (col 107) against #26 g              m_dip =   65.673  pT_max(phase space) =  32.749  ->  proposes q->qg     pT =    0.733  z = 0.9771
  FSR #26 g (col 102) against #27 g              m_dip =    4.477  pT_max(phase space) =   2.238  ->  proposes g->gg     pT =    0.731  z = 0.7610
  FSR #26 g (acol 107) against #25 b             m_dip =   65.673  pT_max(phase space) =  30.437  ->  proposes g->qqbar  pT =    5.939  z = 0.1110
  FSR #27 g (acol 102) against #26 g             m_dip =    4.477  pT_max(phase space) =   2.238  ->  proposes g->gg     pT =    0.835  z = 0.8016
  FSR #28 g (col 108) against #31 g              m_dip =   18.064  pT_max(phase space) =   9.032  ->  proposes g->gg     pT =    0.721  z = 0.4339
  FSR #31 g (col 109) against #32 g              m_dip =   64.718  pT_max(phase space) =  32.359  ->  proposes g->gg     pT =    3.033  z = 0.7927
  FSR #31 g (acol 108) against #28 g             m_dip =   18.064  pT_max(phase space) =   9.032  ->  proposes g->gg     pT =    0.969  z = 0.8670
  FSR #32 g (col 101) against #33 g              m_dip =  421.670  pT_max(phase space) = 210.835  ->  proposes g->qqbar  pT =    2.091  z = 0.5755
  FSR #32 g (acol 109) against #31 g             m_dip =   64.718  pT_max(phase space) =  32.359  ->  proposes g->gg     pT =   13.377  z = 0.2426
  FSR #33 g (col 106) against #22 bbar           m_dip =   68.735  pT_max(phase space) =  31.967  ->  proposes g->gg     pT =    2.088  z = 0.7299
  FSR #33 g (acol 101) against #32 g             m_dip =  421.670  pT_max(phase space) = 210.835  ->  proposes g->gg     pT =    3.680  z = 0.9624
  ISR side A(+z) #16 g     x = 1.3560e-02                      ->  proposes g<-g      pT =   12.421  z = 0.9363  x' = 1.4483e-02
  ISR side B(-z) #11 u     x = 4.5920e-01                      ->  proposes q<-q      pT =    3.515  z = 0.9520  x' = 4.8236e-01
  no emission above the cut-off from 2 competitor(s): #27 g (col 104) against #11 u [beam]; #28 g (acol 105) against #16 g [beam]
  winner: FSR g->gg of #32 g (acol 109) against #31 g at pT = 13.377 GeV

---- branching 8: FSR g->gg  g -> g + g  at pT_evol = 13.377 GeV -------------------------------------
  radiator #32 g radiates on its acol line (tag 109) against recoiler #31 g
  evolution variable: pT_evol^2 = z(1-z)(m^2 - m_rad^2) with m_rad = 0.000 GeV
    -> virtuality of the branching parton m^2 = m_rad^2 + pT^2/(z(1-z)) = 0.000 + 178.931/(0.2426 x 0.7574) = 973.897 GeV^2,  m = 31.207 GeV
  z = 0.2426: daughter 1 (g) keeps the fraction z of the pair's energy in the dipole rest frame, daughter 2 (g) gets 1 - z = 0.7574
  alpha_s(pT^2) = 0.1669 (nf = 5, second order; first-order form 0.2009 was used for the overestimate)
  dipole rest frame (dipole mass m_dip = 64.718 GeV): the pair (daughters) gets E_P = 39.883, p_z = 24.835; daughter 1: E1 = z E_P = 9.674, p1z = -4.071, pT_actual = sqrt(E1^2 - m1^2 - p1z^2) = 8.776 GeV (compare pT_evol = 13.377), azimuth phi = 2.817
  the final-state recoiler keeps its mass 0.000 and its direction in the dipole frame, only its energy and |p| change so that the dipole mass is conserved
  before:
    radiator  #32  g      E=   65.720 px=  40.585 py= -45.335 pz=   24.834  | pT= 60.847 eta=  0.398 phi=-0.841
    recoiler  #31  g      E=   16.827 px=  -4.773 py=  15.839 pz=   -3.084  | pT= 16.542 eta= -0.185 phi= 1.863
  after:
    #34  g     st  51  col 101/110 m= 0.000  E=    8.781 px=  -3.377 py=  -1.588 pz=    7.949  | pT=  3.732 eta=  1.500 phi=-2.702
    #35  g     st  51  col 110/109 m= 0.000  E=   60.851 px=  42.852 py= -40.064 pz=   16.168  | pT= 58.664 eta=  0.272 phi=-0.752
    #36  g     st  52  col 109/108 m= 0.000  E=   12.915 px=  -3.663 py=  12.156 pz=   -2.367  | pT= 12.696 eta= -0.185 phi= 1.863
  check: p_rad + p_rec (before) = p1 + p2 + p_rec' (after): max difference 4.26e-14 GeV
  check: m(daughter 1 + daughter 2) = 31.207 GeV = the virtuality m above; daughter masses 0.000, 0.000; dR(daughters) = 2.305
  state: 10 final-state partons, 17 dipole ends, incoming g x_A = 1.35603e-02, u x_B = 4.59200e-01, sqrt(s_hat) = 1073.185 GeV; |sum(final) - sum(incoming)|_max = 1.73e-11 GeV

==== step 9: evolve downwards from pT = 13.377 GeV ===================================================
  every dipole end and both incoming partons propose their next emission below this scale (Sudakov veto algorithm); the hardest proposal wins
  FSR #19 u (col 103) against #16 g [beam]       m_dip =  244.556  pT_max(phase space) = 122.278  ->  proposes q->qg     pT =    1.069  z = 0.7944
  FSR #22 bbar (acol 106) against #33 g          m_dip =   68.735  pT_max(phase space) =  34.283  ->  proposes q->qg     pT =    2.413  z = 0.9132
  FSR #25 b (col 107) against #26 g              m_dip =   65.673  pT_max(phase space) =  32.749  ->  proposes q->qg     pT =    1.921  z = 0.9614
  FSR #26 g (acol 107) against #25 b             m_dip =   65.673  pT_max(phase space) =  30.437  ->  proposes g->gg     pT =    5.812  z = 0.7546
  FSR #27 g (acol 102) against #26 g             m_dip =    4.477  pT_max(phase space) =   2.238  ->  proposes g->gg     pT =    1.002  z = 0.7344
  FSR #28 g (col 108) against #36 g              m_dip =   15.825  pT_max(phase space) =   7.912  ->  proposes g->gg     pT =    5.329  z = 0.3888
  FSR #28 g (acol 105) against #16 g [beam]      m_dip =   49.469  pT_max(phase space) =  24.735  ->  proposes g->gg     pT =    1.409  z = 0.5990
  FSR #33 g (col 106) against #22 bbar           m_dip =   68.735  pT_max(phase space) =  31.967  ->  proposes g->gg     pT =    8.758  z = 0.4742
  FSR #33 g (acol 101) against #34 g             m_dip =  178.987  pT_max(phase space) =  89.493  ->  proposes g->gg     pT =    1.842  z = 0.8248
  FSR #34 g (col 101) against #33 g              m_dip =  178.987  pT_max(phase space) =  89.493  ->  proposes g->gg     pT =    1.452  z = 0.9305
  FSR #34 g (acol 110) against #35 g             m_dip =   31.207  pT_max(phase space) =  15.604  ->  proposes g->gg     pT =    2.013  z = 0.7518
  FSR #35 g (col 110) against #34 g              m_dip =   31.207  pT_max(phase space) =  15.604  ->  proposes g->gg     pT =    2.399  z = 0.6963
  FSR #36 g (col 109) against #35 g              m_dip =   54.187  pT_max(phase space) =  27.093  ->  proposes g->gg     pT =   10.618  z = 0.3984
  FSR #36 g (acol 108) against #28 g             m_dip =   15.825  pT_max(phase space) =   7.912  ->  proposes g->gg     pT =    3.242  z = 0.4350
  ISR side A(+z) #16 g     x = 1.3560e-02                      ->  proposes g<-g      pT =    2.032  z = 0.9445  x' = 1.4357e-02
  no emission above the cut-off from 4 competitor(s): #26 g (col 102) against #27 g; #27 g (col 104) against #11 u [beam]; #35 g (acol 109) against #36 g; beam B u
  winner: FSR g->gg of #36 g (col 109) against #35 g at pT = 10.618 GeV

---- branching 9: FSR g->gg  g -> g + g  at pT_evol = 10.618 GeV -------------------------------------
  radiator #36 g radiates on its col line (tag 109) against recoiler #35 g
  evolution variable: pT_evol^2 = z(1-z)(m^2 - m_rad^2) with m_rad = 0.000 GeV
    -> virtuality of the branching parton m^2 = m_rad^2 + pT^2/(z(1-z)) = 0.000 + 112.739/(0.3984 x 0.6016) = 470.375 GeV^2,  m = 21.688 GeV
  z = 0.3984: daughter 1 (g) keeps the fraction z of the pair's energy in the dipole rest frame, daughter 2 (g) gets 1 - z = 0.6016
  alpha_s(pT^2) = 0.1758 (nf = 5, second order; first-order form 0.2129 was used for the overestimate)
  dipole rest frame (dipole mass m_dip = 54.187 GeV): the pair (daughters) gets E_P = 31.434, p_z = 22.753; daughter 1: E1 = z E_P = 12.523, p1z = 6.965, pT_actual = sqrt(E1^2 - m1^2 - p1z^2) = 10.408 GeV (compare pT_evol = 10.618), azimuth phi = 4.781
  the final-state recoiler keeps its mass 0.000 and its direction in the dipole frame, only its energy and |p| change so that the dipole mass is conserved
  before:
    radiator  #36  g      E=   12.915 px=  -3.663 py=  12.156 pz=   -2.367  | pT= 12.696 eta= -0.185 phi= 1.863
    recoiler  #35  g      E=   60.851 px=  42.852 py= -40.064 pz=   16.168  | pT= 58.664 eta=  0.272 phi=-0.752
  after:
    #37  g     st  51  col 111/108 m= 0.000  E=    9.709 px=  -3.134 py=  -1.246 pz=    9.105  | pT=  3.372 eta=  1.719 phi=-2.763
    #38  g     st  51  col 109/111 m= 0.000  E=   12.953 px=   6.336 py=   6.983 pz=   -8.882  | pT=  9.429 eta= -0.840 phi= 0.834
    #39  g     st  52  col 110/109 m= 0.000  E=   51.103 px=  35.987 py= -33.646 pz=   13.578  | pT= 49.266 eta=  0.272 phi=-0.752
  check: p_rad + p_rec (before) = p1 + p2 + p_rec' (after): max difference 1.42e-14 GeV
  check: m(daughter 1 + daughter 2) = 21.688 GeV = the virtuality m above; daughter masses 0.000, 0.000; dR(daughters) = 3.710
  state: 11 final-state partons, 19 dipole ends, incoming g x_A = 1.35603e-02, u x_B = 4.59200e-01, sqrt(s_hat) = 1073.185 GeV; |sum(final) - sum(incoming)|_max = 1.73e-11 GeV

==== step 10: evolve downwards from pT = 10.618 GeV ==================================================
  every dipole end and both incoming partons propose their next emission below this scale (Sudakov veto algorithm); the hardest proposal wins
  FSR #19 u (col 103) against #16 g [beam]       m_dip =  244.556  pT_max(phase space) = 122.278  ->  proposes q->qg     pT =    0.894  z = 0.8876
  FSR #22 bbar (acol 106) against #33 g          m_dip =   68.735  pT_max(phase space) =  34.283  ->  proposes q->qg     pT =    5.406  z = 0.3101
  FSR #25 b (col 107) against #26 g              m_dip =   65.673  pT_max(phase space) =  32.749  ->  proposes q->qg     pT =    3.591  z = 0.9361
  FSR #26 g (col 102) against #27 g              m_dip =    4.477  pT_max(phase space) =   2.238  ->  proposes g->gg     pT =    0.908  z = 0.6167
  FSR #26 g (acol 107) against #25 b             m_dip =   65.673  pT_max(phase space) =  30.437  ->  proposes g->gg     pT =    1.161  z = 0.8386
  FSR #27 g (col 104) against #11 u [beam]       m_dip =   77.277  pT_max(phase space) =  38.639  ->  proposes g->gg     pT =    1.099  z = 0.6892
  FSR #28 g (col 108) against #37 g              m_dip =   19.062  pT_max(phase space) =   9.531  ->  proposes g->gg     pT =    1.532  z = 0.6309
  FSR #33 g (col 106) against #22 bbar           m_dip =   68.735  pT_max(phase space) =  31.967  ->  proposes g->qqbar  pT =    5.967  z = 0.3502
  FSR #33 g (acol 101) against #34 g             m_dip =  178.987  pT_max(phase space) =  89.493  ->  proposes g->gg     pT =    3.454  z = 0.9291
  FSR #34 g (col 101) against #33 g              m_dip =  178.987  pT_max(phase space) =  89.493  ->  proposes g->gg     pT =    5.812  z = 0.9386
  FSR #34 g (acol 110) against #39 g             m_dip =   28.599  pT_max(phase space) =  14.299  ->  proposes g->qqbar  pT =    0.824  z = 0.9271
  FSR #37 g (acol 108) against #28 g             m_dip =   19.062  pT_max(phase space) =   9.531  ->  proposes g->gg     pT =    1.082  z = 0.7566
  FSR #38 g (col 109) against #39 g              m_dip =   39.737  pT_max(phase space) =  19.868  ->  proposes g->gg     pT =    2.172  z = 0.7825
  FSR #39 g (col 110) against #34 g              m_dip =   28.599  pT_max(phase space) =  14.299  ->  proposes g->gg     pT =    0.983  z = 0.9484
  FSR #39 g (acol 109) against #38 g             m_dip =   39.737  pT_max(phase space) =  19.868  ->  proposes g->gg     pT =    1.602  z = 0.9540
  ISR side A(+z) #16 g     x = 1.3560e-02                      ->  proposes g<-g      pT =    3.412  z = 0.9702  x' = 1.3977e-02
  ISR side B(-z) #11 u     x = 4.5920e-01                      ->  proposes q<-q      pT =    4.977  z = 0.9933  x' = 4.6231e-01
  no emission above the cut-off from 4 competitor(s): #27 g (acol 102) against #26 g; #28 g (acol 105) against #16 g [beam]; #37 g (col 111) against #38 g; #38 g (acol 111) against #37 g
  winner: FSR g->qqbar of #33 g (col 106) against #22 bbar at pT = 5.967 GeV

---- branching 10: FSR g->qqbar  g -> b + bbar  at pT_evol = 5.967 GeV -------------------------------
  radiator #33 g radiates on its col line (tag 106) against recoiler #22 bbar
  evolution variable: pT_evol^2 = z(1-z)(m^2 - m_rad^2) with m_rad = 0.000 GeV
    -> virtuality of the branching parton m^2 = m_rad^2 + pT^2/(z(1-z)) = 0.000 + 35.601/(0.3502 x 0.6498) = 156.442 GeV^2,  m = 12.508 GeV
  z = 0.3502: daughter 1 (b) keeps the fraction z of the pair's energy in the dipole rest frame, daughter 2 (bbar) gets 1 - z = 0.6498
  alpha_s(pT^2) = 0.2032 (nf = 5, second order; first-order form 0.2504 was used for the overestimate)
  dipole rest frame (dipole mass m_dip = 68.735 GeV): the pair (daughters) gets E_P = 35.338, p_z = 33.050; daughter 1: E1 = z E_P = 12.376, p1z = 10.866, pT_actual = sqrt(E1^2 - m1^2 - p1z^2) = 3.472 GeV (compare pT_evol = 5.967), azimuth phi = 1.023
  the final-state recoiler keeps its mass 4.800 and its direction in the dipole frame, only its energy and |p| change so that the dipole mass is conserved
  before:
    radiator  #33  g      E=  951.544 px=   3.867 py=  65.064 pz= -949.309  | pT= 65.179 eta= -3.373 phi= 1.511
    recoiler  #22  bbar   E= 1467.400 px=  76.769 py=  53.289 pz=-1464.413  | pT= 93.452 eta= -3.446 phi= 0.607
  after:
    #40  b     st  51  col 106/0   m= 4.800  E=  365.877 px=   5.207 py=  26.692 pz= -364.833  | pT= 27.196 eta= -3.291 phi= 1.378
    #41  bbar  st  51  col   0/101 m= 4.800  E=  634.188 px=   1.214 py=  40.123 pz= -632.898  | pT= 40.142 eta= -3.452 phi= 1.541
    #42  bbar  st  52  col   0/106 m= 4.800  E= 1418.879 px=  74.216 py=  51.537 pz=-1415.991  | pT= 90.355 eta= -3.446 phi= 0.607
  check: p_rad + p_rec (before) = p1 + p2 + p_rec' (after): max difference 4.47e-10 GeV
  check: m(daughter 1 + daughter 2) = 12.508 GeV = the virtuality m above; daughter masses 4.800, 4.800; dR(daughters) = 0.229
  state: 12 final-state partons, 19 dipole ends, incoming g x_A = 1.35603e-02, u x_B = 4.59200e-01, sqrt(s_hat) = 1073.185 GeV; |sum(final) - sum(incoming)|_max = 4.31e-10 GeV

==== step 11: evolve downwards from pT = 5.967 GeV ===================================================
  every dipole end and both incoming partons propose their next emission below this scale (Sudakov veto algorithm); the hardest proposal wins
  FSR #19 u (col 103) against #16 g [beam]       m_dip =  244.556  pT_max(phase space) = 122.278  ->  proposes q->qg     pT =    0.694  z = 0.9852
  FSR #25 b (col 107) against #26 g              m_dip =   65.673  pT_max(phase space) =  32.749  ->  proposes q->qg     pT =    2.352  z = 0.9390
  FSR #26 g (acol 107) against #25 b             m_dip =   65.673  pT_max(phase space) =  30.437  ->  proposes g->gg     pT =    0.978  z = 0.2543
  FSR #27 g (col 104) against #11 u [beam]       m_dip =   77.277  pT_max(phase space) =  38.639  ->  proposes g->gg     pT =    2.501  z = 0.7534
  FSR #27 g (acol 102) against #26 g             m_dip =    4.477  pT_max(phase space) =   2.238  ->  proposes g->gg     pT =    1.135  z = 0.6802
  FSR #28 g (col 108) against #37 g              m_dip =   19.062  pT_max(phase space) =   9.531  ->  proposes g->gg     pT =    2.485  z = 0.5833
  FSR #34 g (col 101) against #41 bbar           m_dip =  146.145  pT_max(phase space) =  70.673  ->  proposes g->gg     pT =    2.730  z = 0.8997
  FSR #34 g (acol 110) against #39 g             m_dip =   28.599  pT_max(phase space) =  14.299  ->  proposes g->gg     pT =    4.407  z = 0.6887
  FSR #37 g (col 111) against #38 g              m_dip =   21.688  pT_max(phase space) =  10.844  ->  proposes g->gg     pT =    0.812  z = 0.7574
  FSR #37 g (acol 108) against #28 g             m_dip =   19.062  pT_max(phase space) =   9.531  ->  proposes g->gg     pT =    2.218  z = 0.4815
  FSR #38 g (col 109) against #39 g              m_dip =   39.737  pT_max(phase space) =  19.868  ->  proposes g->gg     pT =    1.730  z = 0.9539
  FSR #38 g (acol 111) against #37 g             m_dip =   21.688  pT_max(phase space) =  10.844  ->  proposes g->gg     pT =    1.344  z = 0.8784
  FSR #39 g (col 110) against #34 g              m_dip =   28.599  pT_max(phase space) =  14.299  ->  proposes g->gg     pT =    0.839  z = 0.0790
  FSR #39 g (acol 109) against #38 g             m_dip =   39.737  pT_max(phase space) =  19.868  ->  proposes g->gg     pT =    1.216  z = 0.8814
  FSR #41 bbar (acol 101) against #34 g          m_dip =  146.145  pT_max(phase space) =  73.033  ->  proposes q->qg     pT =    1.062  z = 0.9905
  FSR #42 bbar (acol 106) against #40 b          m_dip =   39.886  pT_max(phase space) =  17.378  ->  proposes q->qg     pT =    0.818  z = 0.9292
  ISR side A(+z) #16 g     x = 1.3560e-02                      ->  proposes g<-g      pT =    4.264  z = 0.9624  x' = 1.4091e-02
  ISR side B(-z) #11 u     x = 4.5920e-01                      ->  proposes q<-q      pT =    5.933  z = 0.9783  x' = 4.6938e-01
  no emission above the cut-off from 3 competitor(s): #26 g (col 102) against #27 g; #28 g (acol 105) against #16 g [beam]; #40 b (col 106) against #42 bbar
  winner: ISR q<-q on side B(-z) at pT = 5.933 GeV

---- branching 11: ISR q<-q on side B(-z)  u -> u + g  at pT_evol = 5.933 GeV ------------------------
  backward evolution: the incoming u #11 (x = 4.59200e-01) is found to come from a u #43 that entered with x' = x/z = 4.59200e-01/0.97832 = 4.69376e-01 and emitted the g #44 into the final state
  evolution variable: pT_evol^2 = (1-z) Q^2 with Q^2 the spacelike virtuality of #11: Q^2 = pT^2/(1-z) = 35.196/0.02168 = 1623.353 GeV^2, Q = 40.291 GeV
  alpha_s(pT^2 + pT0^2 = 39.196) = 0.2005 (nf = 5); the infrared regularisation pT0 = 2.0 GeV also replaces dpT^2/pT^2 by dpT^2/(pT^2 + pT0^2)
  PDF ratio at Q^2 = 35.196: x'f_u(x') / x f_u(x) = 0.23006 / 0.24400 = 0.9429  (the probability of the backward step is proportional to it)
  old (a, r) rest frame, sqrt(s_hat) = 1073.185: new incoming b = (sqrt(s)/2z)(1,0,0,1) with E_b = 548.484; emitted c has E_c - p_cz = z(Q^2 + m_c^2)/sqrt(s) = 1.4799, E_c + p_cz = 22.2705, pT_c = sqrt(uv - m_c^2) = 5.741 (compare pT_evol = 5.933), phi = 3.296
  before:
    incoming  #11  u      x = 4.59200e-01  E= 3122.560 px=   0.000 py=   0.000 pz=-3122.560  | pT=  0.000 eta=   -inf phi= 0.000
  after:
    #43  u     st -41  col 112/0   m= 0.000  E= 3191.760 px=   0.000 py=   0.000 pz=-3191.760  | pT=  0.000 eta=   -inf phi= 0.000   x' = 4.69376e-01
    #44  g     st  43  col 112/104 m= 0.000  E=   64.926 px=  -5.672 py=   0.883 pz=  -64.672  | pT=  5.741 eta= -3.117 phi= 2.987
  the other incoming parton #16 g is untouched (x = 1.35603e-02); the whole downstream system is boosted from the old (a, r) frame to the new (a', r) frame, status 44 copies:
    #19  -> #45  u      pT   41.433 ->   41.555  eta  -2.058 ->  -2.056  phi -1.309 -> -1.302  E   164.797 ->   165.037
    #25  -> #46  b      pT   99.860 ->   99.545  eta  -1.413 ->  -1.418  phi -2.712 -> -2.709  E   217.424 ->   217.620
    #26  -> #47  g      pT   38.234 ->   37.953  eta  -2.412 ->  -2.421  phi -2.526 -> -2.519  E   215.050 ->   215.323
    #27  -> #48  g      pT   13.007 ->   12.894  eta  -2.610 ->  -2.620  phi -2.495 -> -2.485  E    88.935 ->    89.051
    #28  -> #49  g      pT   23.290 ->   23.291  eta   0.563 ->   0.561  phi  1.347 ->  1.346  E    27.074 ->    27.056
    #34  -> #50  g      pT    3.732 ->    3.731  eta   1.500 ->   1.499  phi -2.702 -> -2.702  E     8.781 ->     8.767
    #37  -> #51  g      pT    3.372 ->    3.372  eta   1.719 ->   1.717  phi -2.763 -> -2.763  E     9.709 ->     9.694
    #38  -> #52  g      pT    9.429 ->    9.440  eta  -0.840 ->  -0.840  phi  0.834 ->  0.832  E    12.953 ->    12.971
    #39  -> #53  g      pT   49.266 ->   49.294  eta   0.272 ->   0.271  phi -0.752 -> -0.751  E    51.103 ->    51.121
    #40  -> #54  b      pT   27.196 ->   27.229  eta  -3.291 ->  -3.291  phi  1.378 ->  1.353  E   365.877 ->   366.392
    #41  -> #55  bbar   pT   40.142 ->   40.014  eta  -3.452 ->  -3.457  phi  1.541 ->  1.512  E   634.188 ->   635.076
    #42  -> #56  bbar   pT   90.355 ->   92.259  eta  -3.446 ->  -3.427  phi  0.607 ->  0.587  E  1418.879 ->  1420.936
  check: mass of the downstream system sqrt(s_hat) before 1073.185 = after 1073.185 GeV; virtuality of #11 after the branching: (p_b - p_c)^2 = -1623.353 = -Q^2
  state: 13 final-state partons, 21 dipole ends, incoming g x_A = 1.35603e-02, u x_B = 4.69376e-01, sqrt(s_hat) = 1085.012 GeV; |sum(final) - sum(incoming)|_max = 4.34e-10 GeV

==== step 12: evolve downwards from pT = 5.933 GeV ===================================================
  every dipole end and both incoming partons propose their next emission below this scale (Sudakov veto algorithm); the hardest proposal wins
  FSR #44 g (col 112) against #43 u [beam]       m_dip =   40.291  pT_max(phase space) =  20.145  ->  proposes g->gg     pT =    0.703  z = 0.1760
  FSR #44 g (acol 104) against #48 g             m_dip =    8.041  pT_max(phase space) =   4.021  ->  proposes g->gg     pT =    1.004  z = 0.7911
  FSR #47 g (col 102) against #48 g              m_dip =    4.477  pT_max(phase space) =   2.238  ->  proposes g->gg     pT =    0.757  z = 0.3323
  FSR #47 g (acol 107) against #46 b             m_dip =   65.673  pT_max(phase space) =  30.437  ->  proposes g->gg     pT =    3.644  z = 0.7953
  FSR #48 g (col 104) against #44 g              m_dip =    8.041  pT_max(phase space) =   4.021  ->  proposes g->gg     pT =    0.804  z = 0.4496
  FSR #48 g (acol 102) against #47 g             m_dip =    4.477  pT_max(phase space) =   2.238  ->  proposes g->gg     pT =    0.975  z = 0.7153
  FSR #49 g (col 108) against #51 g              m_dip =   19.062  pT_max(phase space) =   9.531  ->  proposes g->gg     pT =    0.624  z = 0.9446
  FSR #49 g (acol 105) against #16 g [beam]      m_dip =   49.504  pT_max(phase space) =  24.752  ->  proposes g->qqbar  pT =    2.344  z = 0.3378
  FSR #50 g (col 101) against #55 bbar           m_dip =  146.145  pT_max(phase space) =  70.673  ->  proposes g->qqbar  pT =    5.802  z = 0.7827
  FSR #51 g (col 111) against #52 g              m_dip =   21.688  pT_max(phase space) =  10.844  ->  proposes g->gg     pT =    1.263  z = 0.8756
  FSR #52 g (col 109) against #53 g              m_dip =   39.737  pT_max(phase space) =  19.868  ->  proposes g->gg     pT =    0.660  z = 0.9474
  FSR #52 g (acol 111) against #51 g             m_dip =   21.688  pT_max(phase space) =  10.844  ->  proposes g->gg     pT =    1.341  z = 0.9014
  FSR #53 g (col 110) against #50 g              m_dip =   28.599  pT_max(phase space) =  14.299  ->  proposes g->gg     pT =    1.910  z = 0.2684
  FSR #53 g (acol 109) against #52 g             m_dip =   39.737  pT_max(phase space) =  19.868  ->  proposes g->gg     pT =    1.266  z = 0.9607
  FSR #54 b (col 106) against #56 bbar           m_dip =   39.886  pT_max(phase space) =  17.378  ->  proposes q->qg     pT =    2.044  z = 0.8767
  FSR #55 bbar (acol 101) against #50 g          m_dip =  146.145  pT_max(phase space) =  73.033  ->  proposes q->qg     pT =    2.020  z = 0.8383
  ISR side A(+z) #16 g     x = 1.3560e-02                      ->  proposes g<-g      pT =    4.189  z = 0.9932  x' = 1.3653e-02
  ISR side B(-z) #43 u     x = 4.6938e-01                      ->  proposes q<-q      pT =    5.591  z = 0.9924  x' = 4.7298e-01
  no emission above the cut-off from 5 competitor(s): #45 u (col 103) against #16 g [beam]; #46 b (col 107) against #47 g; #50 g (acol 110) against #53 g; #51 g (acol 108) against #49 g; #56 bbar (acol 106) against #54 b
  winner: FSR g->qqbar of #50 g (col 101) against #55 bbar at pT = 5.802 GeV

---- branching 12: FSR g->qqbar  g -> s + sbar  at pT_evol = 5.802 GeV -------------------------------
  radiator #50 g radiates on its col line (tag 101) against recoiler #55 bbar
  evolution variable: pT_evol^2 = z(1-z)(m^2 - m_rad^2) with m_rad = 0.000 GeV
    -> virtuality of the branching parton m^2 = m_rad^2 + pT^2/(z(1-z)) = 0.000 + 33.660/(0.7827 x 0.2173) = 197.911 GeV^2,  m = 14.068 GeV
  z = 0.7827: daughter 1 (s) keeps the fraction z of the pair's energy in the dipole rest frame, daughter 2 (sbar) gets 1 - z = 0.2173
  alpha_s(pT^2) = 0.2047 (nf = 5, second order; first-order form 0.2526 was used for the overestimate)
  dipole rest frame (dipole mass m_dip = 146.145 GeV): the pair (daughters) gets E_P = 73.671, p_z = 72.315; daughter 1: E1 = z E_P = 57.663, p1z = 57.375, pT_actual = sqrt(E1^2 - m1^2 - p1z^2) = 5.750 GeV (compare pT_evol = 5.802), azimuth phi = 5.128
  the final-state recoiler keeps its mass 4.800 and its direction in the dipole frame, only its energy and |p| change so that the dipole mass is conserved
  before:
    radiator  #50  g      E=    8.767 px=  -3.377 py=  -1.588 pz=    7.934  | pT=  3.731 eta=  1.499 phi=-2.702
    recoiler  #55  bbar   E=  635.076 px=   2.365 py=  39.944 pz= -633.796  | pT= 40.014 eta= -3.457 phi= 1.512
  after:
    #57  s     st  51  col 101/0   m= 0.000  E=    8.034 px=  -0.329 py=  -6.429 pz=    4.807  | pT=  6.437 eta=  0.691 phi=-1.622
    #58  sbar  st  51  col   0/110 m= 0.000  E=    6.625 px=  -3.025 py=   5.211 pz=   -2.753  | pT=  6.026 eta= -0.442 phi= 2.097
    #59  bbar  st  52  col   0/101 m= 4.800  E=  629.185 px=   2.343 py=  39.574 pz= -627.917  | pT= 39.643 eta= -3.457 phi= 1.512
  check: p_rad + p_rec (before) = p1 + p2 + p_rec' (after): max difference 4.43e-12 GeV
  check: m(daughter 1 + daughter 2) = 14.068 GeV = the virtuality m above; daughter masses 0.000, 0.000; dR(daughters) = 2.803
  state: 14 final-state partons, 21 dipole ends, incoming g x_A = 1.35603e-02, u x_B = 4.69376e-01, sqrt(s_hat) = 1085.012 GeV; |sum(final) - sum(incoming)|_max = 4.38e-10 GeV

==== step 13: evolve downwards from pT = 5.802 GeV ===================================================
  every dipole end and both incoming partons propose their next emission below this scale (Sudakov veto algorithm); the hardest proposal wins
  FSR #44 g (col 112) against #43 u [beam]       m_dip =   40.291  pT_max(phase space) =  20.145  ->  proposes g->gg     pT =    0.740  z = 0.9420
  FSR #44 g (acol 104) against #48 g             m_dip =    8.041  pT_max(phase space) =   4.021  ->  proposes g->gg     pT =    2.850  z = 0.5439
  FSR #46 b (col 107) against #47 g              m_dip =   65.673  pT_max(phase space) =  32.749  ->  proposes q->qg     pT =    4.402  z = 0.8639
  FSR #47 g (acol 107) against #46 b             m_dip =   65.673  pT_max(phase space) =  30.437  ->  proposes g->gg     pT =    0.700  z = 0.7752
  FSR #48 g (col 104) against #44 g              m_dip =    8.041  pT_max(phase space) =   4.021  ->  proposes g->gg     pT =    1.172  z = 0.8134
  FSR #49 g (col 108) against #51 g              m_dip =   19.062  pT_max(phase space) =   9.531  ->  proposes g->gg     pT =    1.702  z = 0.8877
  FSR #49 g (acol 105) against #16 g [beam]      m_dip =   49.504  pT_max(phase space) =  24.752  ->  proposes g->gg     pT =    2.296  z = 0.3754
  FSR #51 g (col 111) against #52 g              m_dip =   21.688  pT_max(phase space) =  10.844  ->  proposes g->qqbar  pT =    1.825  z = 0.5402
  FSR #51 g (acol 108) against #49 g             m_dip =   19.062  pT_max(phase space) =   9.531  ->  proposes g->gg     pT =    3.001  z = 0.6236
  FSR #52 g (col 109) against #53 g              m_dip =   39.737  pT_max(phase space) =  19.868  ->  proposes g->gg     pT =    2.838  z = 0.9154
  FSR #53 g (col 110) against #58 sbar           m_dip =   36.339  pT_max(phase space) =  18.170  ->  proposes g->qqbar  pT =    1.814  z = 0.8934
  FSR #53 g (acol 109) against #52 g             m_dip =   39.737  pT_max(phase space) =  19.868  ->  proposes g->gg     pT =    2.330  z = 0.7321
  FSR #54 b (col 106) against #56 bbar           m_dip =   39.886  pT_max(phase space) =  17.378  ->  proposes q->qg     pT =    1.173  z = 0.9234
  FSR #57 s (col 101) against #59 bbar           m_dip =  129.149  pT_max(phase space) =  62.174  ->  proposes q->qg     pT =    1.922  z = 0.9814
  FSR #58 sbar (acol 110) against #53 g          m_dip =   36.339  pT_max(phase space) =  18.170  ->  proposes q->qg     pT =    2.032  z = 0.8722
  FSR #59 bbar (acol 101) against #57 s          m_dip =  129.149  pT_max(phase space) =  64.530  ->  proposes q->qg     pT =    2.508  z = 0.9022
  ISR side A(+z) #16 g     x = 1.3560e-02                      ->  proposes g<-q      pT =    2.793  z = 0.2810  x' = 4.8258e-02
  no emission above the cut-off from 6 competitor(s): #45 u (col 103) against #16 g [beam]; #47 g (col 102) against #48 g; #48 g (acol 102) against #47 g; #52 g (acol 111) against #51 g; #56 bbar (acol 106) against #54 b; beam B u
  winner: FSR q->qg of #46 b (col 107) against #47 g at pT = 4.402 GeV

---- branching 13: FSR q->qg  b -> b + g  at pT_evol = 4.402 GeV -------------------------------------
  radiator #46 b radiates on its col line (tag 107) against recoiler #47 g
  evolution variable: pT_evol^2 = z(1-z)(m^2 - m_rad^2) with m_rad = 4.800 GeV
    -> virtuality of the branching parton m^2 = m_rad^2 + pT^2/(z(1-z)) = 23.040 + 19.376/(0.8639 x 0.1361) = 187.830 GeV^2,  m = 13.705 GeV
  z = 0.8639: daughter 1 (b) keeps the fraction z of the pair's energy in the dipole rest frame, daughter 2 (g) gets 1 - z = 0.1361
  alpha_s(pT^2) = 0.2223 (nf = 4, second order; first-order form 0.2904 was used for the overestimate)
  dipole rest frame (dipole mass m_dip = 65.673 GeV): the pair (daughters) gets E_P = 34.267, p_z = 31.407; daughter 1: E1 = z E_P = 29.603, p1z = 28.942, pT_actual = sqrt(E1^2 - m1^2 - p1z^2) = 3.959 GeV (compare pT_evol = 4.402), azimuth phi = 0.694
  the final-state recoiler keeps its mass 0.000 and its direction in the dipole frame, only its energy and |p| change so that the dipole mass is conserved
  before:
    radiator  #46  b      E=  217.620 px= -90.393 py= -41.694 pz= -193.458  | pT= 99.545 eta= -1.418 phi=-2.709
    recoiler  #47  g      E=  215.323 px= -30.832 py= -22.133 pz= -211.952  | pT= 37.953 eta= -2.421 phi=-2.519
  after:
    #60  b     st  51  col 113/0   m= 4.800  E=  170.697 px= -74.150 py= -32.403 pz= -150.221  | pT= 80.921 eta= -1.378 phi=-2.730
    #61  g     st  51  col 107/113 m= 0.000  E=   55.194 px= -17.427 py= -10.141 pz=  -51.379  | pT= 20.163 eta= -1.665 phi=-2.615
    #62  g     st  52  col 102/107 m= 0.000  E=  207.052 px= -29.647 py= -21.283 pz= -203.810  | pT= 36.496 eta= -2.421 phi=-2.519
  check: p_rad + p_rec (before) = p1 + p2 + p_rec' (after): max difference 2.27e-13 GeV
  check: m(daughter 1 + daughter 2) = 13.705 GeV = the virtuality m above; daughter masses 4.800, 0.000; dR(daughters) = 0.310
  state: 15 final-state partons, 23 dipole ends, incoming g x_A = 1.35603e-02, u x_B = 4.69376e-01, sqrt(s_hat) = 1085.012 GeV; |sum(final) - sum(incoming)|_max = 4.38e-10 GeV

==== step 14: evolve downwards from pT = 4.402 GeV ===================================================
  every dipole end and both incoming partons propose their next emission below this scale (Sudakov veto algorithm); the hardest proposal wins
  FSR #45 u (col 103) against #16 g [beam]       m_dip =  244.728  pT_max(phase space) = 122.364  ->  proposes q->qg     pT =    2.452  z = 0.9519
  FSR #49 g (col 108) against #51 g              m_dip =   19.062  pT_max(phase space) =   9.531  ->  proposes g->gg     pT =    2.367  z = 0.5784
  FSR #49 g (acol 105) against #16 g [beam]      m_dip =   49.504  pT_max(phase space) =  24.752  ->  proposes g->gg     pT =    0.655  z = 0.8517
  FSR #51 g (col 111) against #52 g              m_dip =   21.688  pT_max(phase space) =  10.844  ->  proposes g->gg     pT =    1.771  z = 0.8952
  FSR #52 g (col 109) against #53 g              m_dip =   39.737  pT_max(phase space) =  19.868  ->  proposes g->gg     pT =    1.080  z = 0.6583
  FSR #52 g (acol 111) against #51 g             m_dip =   21.688  pT_max(phase space) =  10.844  ->  proposes g->qqbar  pT =    0.744  z = 0.1175
  FSR #53 g (col 110) against #58 sbar           m_dip =   36.339  pT_max(phase space) =  18.170  ->  proposes g->gg     pT =    2.571  z = 0.0760
  FSR #53 g (acol 109) against #52 g             m_dip =   39.737  pT_max(phase space) =  19.868  ->  proposes g->gg     pT =    1.527  z = 0.8712
  FSR #56 bbar (acol 106) against #54 b          m_dip =   39.886  pT_max(phase space) =  17.378  ->  proposes q->qg     pT =    0.801  z = 0.9335
  FSR #57 s (col 101) against #59 bbar           m_dip =  129.149  pT_max(phase space) =  62.174  ->  proposes q->qg     pT =    2.422  z = 0.9689
  FSR #61 g (col 107) against #62 g              m_dip =   21.161  pT_max(phase space) =  10.581  ->  proposes g->gg     pT =    0.950  z = 0.9442
  FSR #61 g (acol 113) against #60 b             m_dip =   13.705  pT_max(phase space) =   4.453  ->  proposes g->gg     pT =    1.248  z = 0.6002
  FSR #62 g (acol 107) against #61 g             m_dip =   21.161  pT_max(phase space) =  10.581  ->  proposes g->gg     pT =    2.470  z = 0.8788
  no emission above the cut-off from 12 competitor(s): #44 g (col 112) against #43 u [beam]; #44 g (acol 104) against #48 g; #48 g (col 104) against #44 g; #48 g (acol 102) against #62 g; #51 g (acol 108) against #49 g; #54 b (col 106) against #56 bbar; #58 sbar (acol 110) against #53 g; #59 bbar (acol 101) against #57 s; ... and 4 more
  winner: FSR g->gg of #53 g (col 110) against #58 sbar at pT = 2.571 GeV

---- branching 14: FSR g->gg  g -> g + g  at pT_evol = 2.571 GeV -------------------------------------
  radiator #53 g radiates on its col line (tag 110) against recoiler #58 sbar
  evolution variable: pT_evol^2 = z(1-z)(m^2 - m_rad^2) with m_rad = 0.000 GeV
    -> virtuality of the branching parton m^2 = m_rad^2 + pT^2/(z(1-z)) = 0.000 + 6.608/(0.0760 x 0.9240) = 94.100 GeV^2,  m = 9.700 GeV
  z = 0.0760: daughter 1 (g) keeps the fraction z of the pair's energy in the dipole rest frame, daughter 2 (g) gets 1 - z = 0.9240
  alpha_s(pT^2) = 0.2732 (nf = 4, second order; first-order form 0.3663 was used for the overestimate)
  dipole rest frame (dipole mass m_dip = 36.339 GeV): the pair (daughters) gets E_P = 19.464, p_z = 16.875; daughter 1: E1 = z E_P = 1.479, p1z = -1.082, pT_actual = sqrt(E1^2 - m1^2 - p1z^2) = 1.009 GeV (compare pT_evol = 2.571), azimuth phi = 0.662
  the final-state recoiler keeps its mass 0.000 and its direction in the dipole frame, only its energy and |p| change so that the dipole mass is conserved
  before:
    radiator  #53  g      E=   51.121 px=  36.022 py= -33.651 pz=   13.543  | pT= 49.294 eta=  0.271 phi=-0.751
    recoiler  #58  sbar   E=    6.625 px=  -3.025 py=   5.211 pz=   -2.753  | pT=  6.026 eta= -0.442 phi= 2.097
  after:
    #63  g     st  51  col 114/109 m= 0.000  E=    1.171 px=   0.988 py=   0.618 pz=   -0.109  | pT=  1.166 eta= -0.093 phi= 0.559
    #64  g     st  51  col 110/114 m= 0.000  E=   50.422 px=  34.818 py= -33.898 pz=   13.456  | pT= 48.594 eta=  0.273 phi=-0.772
    #65  sbar  st  52  col   0/110 m= 0.000  E=    6.152 px=  -2.810 py=   4.840 pz=   -2.556  | pT=  5.596 eta= -0.442 phi= 2.097
  check: p_rad + p_rec (before) = p1 + p2 + p_rec' (after): max difference 2.13e-14 GeV
  check: m(daughter 1 + daughter 2) = 9.700 GeV = the virtuality m above; daughter masses 0.000, 0.000; dR(daughters) = 1.381
  state: 16 final-state partons, 25 dipole ends, incoming g x_A = 1.35603e-02, u x_B = 4.69376e-01, sqrt(s_hat) = 1085.012 GeV; |sum(final) - sum(incoming)|_max = 4.37e-10 GeV

==== step 15: evolve downwards from pT = 2.571 GeV ===================================================
  every dipole end and both incoming partons propose their next emission below this scale (Sudakov veto algorithm); the hardest proposal wins
  FSR #45 u (col 103) against #16 g [beam]       m_dip =  244.728  pT_max(phase space) = 122.364  ->  proposes q->qg     pT =    1.029  z = 0.8781
  FSR #48 g (col 104) against #44 g              m_dip =    8.041  pT_max(phase space) =   4.021  ->  proposes g->gg     pT =    1.932  z = 0.2709
  FSR #51 g (col 111) against #52 g              m_dip =   21.688  pT_max(phase space) =  10.844  ->  proposes g->gg     pT =    1.271  z = 0.5011
  FSR #51 g (acol 108) against #49 g             m_dip =   19.062  pT_max(phase space) =   9.531  ->  proposes g->gg     pT =    1.070  z = 0.2373
  FSR #52 g (acol 111) against #51 g             m_dip =   21.688  pT_max(phase space) =  10.844  ->  proposes g->gg     pT =    0.722  z = 0.2878
  FSR #54 b (col 106) against #56 bbar           m_dip =   39.886  pT_max(phase space) =  17.378  ->  proposes q->qg     pT =    0.681  z = 0.9297
  FSR #57 s (col 101) against #59 bbar           m_dip =  129.149  pT_max(phase space) =  62.174  ->  proposes q->qg     pT =    0.905  z = 0.8999
  FSR #61 g (col 107) against #62 g              m_dip =   21.161  pT_max(phase space) =  10.581  ->  proposes g->gg     pT =    1.879  z = 0.8656
  FSR #61 g (acol 113) against #60 b             m_dip =   13.705  pT_max(phase space) =   4.453  ->  proposes g->gg     pT =    1.630  z = 0.7997
  FSR #62 g (acol 107) against #61 g             m_dip =   21.161  pT_max(phase space) =  10.581  ->  proposes g->gg     pT =    0.659  z = 0.1198
  FSR #63 g (col 114) against #64 g              m_dip =    9.700  pT_max(phase space) =   4.850  ->  proposes g->qqbar  pT =    0.749  z = 0.7298
  FSR #64 g (acol 114) against #63 g             m_dip =    9.700  pT_max(phase space) =   4.850  ->  proposes g->gg     pT =    2.485  z = 0.7329
  FSR #65 sbar (acol 110) against #64 g          m_dip =   34.828  pT_max(phase space) =  17.414  ->  proposes q->qg     pT =    0.679  z = 0.5711
  no emission above the cut-off from 14 competitor(s): #44 g (col 112) against #43 u [beam]; #44 g (acol 104) against #48 g; #48 g (acol 102) against #62 g; #49 g (col 108) against #51 g; #49 g (acol 105) against #16 g [beam]; #52 g (col 109) against #63 g; #56 bbar (acol 106) against #54 b; #59 bbar (acol 101) against #57 s; ... and 6 more
  winner: FSR g->gg of #64 g (acol 114) against #63 g at pT = 2.485 GeV

---- branching 15: FSR g->gg  g -> g + g  at pT_evol = 2.485 GeV -------------------------------------
  radiator #64 g radiates on its acol line (tag 114) against recoiler #63 g
  evolution variable: pT_evol^2 = z(1-z)(m^2 - m_rad^2) with m_rad = 0.000 GeV
    -> virtuality of the branching parton m^2 = m_rad^2 + pT^2/(z(1-z)) = 0.000 + 6.175/(0.7329 x 0.2671) = 31.544 GeV^2,  m = 5.616 GeV
  z = 0.7329: daughter 1 (g) keeps the fraction z of the pair's energy in the dipole rest frame, daughter 2 (g) gets 1 - z = 0.2671
  alpha_s(pT^2) = 0.2774 (nf = 4, second order; first-order form 0.3724 was used for the overestimate)
  dipole rest frame (dipole mass m_dip = 9.700 GeV): the pair (daughters) gets E_P = 6.476, p_z = 3.224; daughter 1: E1 = z E_P = 4.746, p1z = 4.641, pT_actual = sqrt(E1^2 - m1^2 - p1z^2) = 0.992 GeV (compare pT_evol = 2.485), azimuth phi = 5.073
  the final-state recoiler keeps its mass 0.000 and its direction in the dipole frame, only its energy and |p| change so that the dipole mass is conserved
  before:
    radiator  #64  g      E=   50.422 px=  34.818 py= -33.898 pz=   13.456  | pT= 48.594 eta=  0.273 phi=-0.772
    recoiler  #63  g      E=    1.171 px=   0.988 py=   0.618 pz=   -0.109  | pT=  1.166 eta= -0.093 phi= 0.559
  after:
    #66  g     st  51  col 110/115 m= 0.000  E=   48.660 px=  33.595 py= -33.071 pz=   12.062  | pT= 47.141 eta=  0.253 phi=-0.778
    #67  g     st  51  col 115/114 m= 0.000  E=    2.155 px=   1.554 py=  -0.620 pz=    1.358  | pT=  1.673 eta=  0.742 phi=-0.379
    #68  g     st  52  col 114/109 m= 0.000  E=    0.778 px=   0.657 py=   0.411 pz=   -0.072  | pT=  0.775 eta= -0.093 phi= 0.559
  check: p_rad + p_rec (before) = p1 + p2 + p_rec' (after): max difference 7.82e-14 GeV
  check: m(daughter 1 + daughter 2) = 5.616 GeV = the virtuality m above; daughter masses 0.000, 0.000; dR(daughters) = 0.630
  state: 17 final-state partons, 27 dipole ends, incoming g x_A = 1.35603e-02, u x_B = 4.69376e-01, sqrt(s_hat) = 1085.012 GeV; |sum(final) - sum(incoming)|_max = 4.37e-10 GeV

==== step 16: evolve downwards from pT = 2.485 GeV ===================================================
  every dipole end and both incoming partons propose their next emission below this scale (Sudakov veto algorithm); the hardest proposal wins
  FSR #44 g (acol 104) against #48 g             m_dip =    8.041  pT_max(phase space) =   4.021  ->  proposes g->gg     pT =    1.301  z = 0.6100
  FSR #45 u (col 103) against #16 g [beam]       m_dip =  244.728  pT_max(phase space) = 122.364  ->  proposes q->qg     pT =    1.195  z = 0.4185
  FSR #48 g (col 104) against #44 g              m_dip =    8.041  pT_max(phase space) =   4.021  ->  proposes g->gg     pT =    0.670  z = 0.7678
  FSR #49 g (col 108) against #51 g              m_dip =   19.062  pT_max(phase space) =   9.531  ->  proposes g->gg     pT =    0.854  z = 0.8381
  FSR #49 g (acol 105) against #16 g [beam]      m_dip =   49.504  pT_max(phase space) =  24.752  ->  proposes g->gg     pT =    0.818  z = 0.9403
  FSR #51 g (col 111) against #52 g              m_dip =   21.688  pT_max(phase space) =  10.844  ->  proposes g->gg     pT =    2.050  z = 0.9017
  FSR #51 g (acol 108) against #49 g             m_dip =   19.062  pT_max(phase space) =   9.531  ->  proposes g->gg     pT =    1.002  z = 0.5819
  FSR #52 g (acol 111) against #51 g             m_dip =   21.688  pT_max(phase space) =  10.844  ->  proposes g->qqbar  pT =    1.455  z = 0.6679
  FSR #54 b (col 106) against #56 bbar           m_dip =   39.886  pT_max(phase space) =  17.378  ->  proposes q->qg     pT =    0.731  z = 0.9262
  FSR #56 bbar (acol 106) against #54 b          m_dip =   39.886  pT_max(phase space) =  17.378  ->  proposes q->qg     pT =    0.883  z = 0.9749
  FSR #57 s (col 101) against #59 bbar           m_dip =  129.149  pT_max(phase space) =  62.174  ->  proposes q->qg     pT =    1.743  z = 0.8914
  FSR #59 bbar (acol 101) against #57 s          m_dip =  129.149  pT_max(phase space) =  64.530  ->  proposes q->qg     pT =    2.256  z = 0.8869
  FSR #61 g (col 107) against #62 g              m_dip =   21.161  pT_max(phase space) =  10.581  ->  proposes g->gg     pT =    2.031  z = 0.8304
  FSR #61 g (acol 113) against #60 b             m_dip =   13.705  pT_max(phase space) =   4.453  ->  proposes g->gg     pT =    1.851  z = 0.5665
  FSR #62 g (col 102) against #48 g              m_dip =    4.390  pT_max(phase space) =   2.195  ->  proposes g->gg     pT =    0.876  z = 0.5361
  FSR #62 g (acol 107) against #61 g             m_dip =   21.161  pT_max(phase space) =  10.581  ->  proposes g->gg     pT =    0.646  z = 0.1186
  FSR #65 sbar (acol 110) against #66 g          m_dip =   34.195  pT_max(phase space) =  17.098  ->  proposes q->qg     pT =    0.968  z = 0.8226
  FSR #66 g (col 110) against #65 sbar           m_dip =   34.195  pT_max(phase space) =  17.098  ->  proposes g->gg     pT =    1.963  z = 0.9219
  FSR #67 g (col 115) against #66 g              m_dip =    5.616  pT_max(phase space) =   2.808  ->  proposes g->gg     pT =    0.674  z = 0.7943
  ISR side A(+z) #16 g     x = 1.3560e-02                      ->  proposes g<-g      pT =    2.187  z = 0.9372  x' = 1.4469e-02
  ISR side B(-z) #43 u     x = 4.6938e-01                      ->  proposes q<-q      pT =    1.232  z = 0.9982  x' = 4.7023e-01
  no emission above the cut-off from 8 competitor(s): #44 g (col 112) against #43 u [beam]; #48 g (acol 102) against #62 g; #52 g (col 109) against #68 g; #60 b (col 113) against #61 g; #66 g (acol 115) against #67 g; #67 g (acol 114) against #68 g; #68 g (col 114) against #67 g; #68 g (acol 109) against #52 g
  winner: FSR q->qg of #59 bbar (acol 101) against #57 s at pT = 2.256 GeV

---- branching 16: FSR q->qg  bbar -> bbar + g  at pT_evol = 2.256 GeV -------------------------------
  radiator #59 bbar radiates on its acol line (tag 101) against recoiler #57 s
  evolution variable: pT_evol^2 = z(1-z)(m^2 - m_rad^2) with m_rad = 4.800 GeV
    -> virtuality of the branching parton m^2 = m_rad^2 + pT^2/(z(1-z)) = 23.040 + 5.091/(0.8869 x 0.1131) = 73.784 GeV^2,  m = 8.590 GeV
  z = 0.8869: daughter 1 (bbar) keeps the fraction z of the pair's energy in the dipole rest frame, daughter 2 (g) gets 1 - z = 0.1131
  alpha_s(pT^2) = 0.2899 (nf = 4, second order; first-order form 0.3911 was used for the overestimate)
  dipole rest frame (dipole mass m_dip = 129.149 GeV): the pair (daughters) gets E_P = 64.860, p_z = 64.289; daughter 1: E1 = z E_P = 57.523, p1z = 57.281, pT_actual = sqrt(E1^2 - m1^2 - p1z^2) = 2.174 GeV (compare pT_evol = 2.256), azimuth phi = 5.234
  the final-state recoiler keeps its mass 0.000 and its direction in the dipole frame, only its energy and |p| change so that the dipole mass is conserved
  before:
    radiator  #59  bbar   E=  629.185 px=   2.343 py=  39.574 pz= -627.917  | pT= 39.643 eta= -3.457 phi= 1.512
    recoiler  #57  s      E=    8.034 px=  -0.329 py=  -6.429 pz=    4.807  | pT=  6.437 eta=  0.691 phi=-1.622
  after:
    #69  bbar  st  51  col   0/116 m= 4.800  E=  558.466 px=   3.361 py=  36.873 pz= -557.216  | pT= 37.026 eta= -3.406 phi= 1.480
    #70  g     st  51  col 116/101 m= 0.000  E=   70.744 px=  -1.019 py=   2.681 pz=  -70.686  | pT=  2.868 eta= -3.898 phi= 1.934
    #71  s     st  52  col 101/0   m= 0.000  E=    8.009 px=  -0.328 py=  -6.409 pz=    4.792  | pT=  6.418 eta=  0.691 phi=-1.622
  check: p_rad + p_rec (before) = p1 + p2 + p_rec' (after): max difference 2.27e-12 GeV
  check: m(daughter 1 + daughter 2) = 8.590 GeV = the virtuality m above; daughter masses 4.800, 0.000; dR(daughters) = 0.670
  state: 18 final-state partons, 29 dipole ends, incoming g x_A = 1.35603e-02, u x_B = 4.69376e-01, sqrt(s_hat) = 1085.012 GeV; |sum(final) - sum(incoming)|_max = 4.35e-10 GeV

==== step 17: evolve downwards from pT = 2.256 GeV ===================================================
  every dipole end and both incoming partons propose their next emission below this scale (Sudakov veto algorithm); the hardest proposal wins
  FSR #44 g (col 112) against #43 u [beam]       m_dip =   40.291  pT_max(phase space) =  20.145  ->  proposes g->qqbar  pT =    0.614  z = 0.5636
  FSR #44 g (acol 104) against #48 g             m_dip =    8.041  pT_max(phase space) =   4.021  ->  proposes g->gg     pT =    1.416  z = 0.5294
  FSR #45 u (col 103) against #16 g [beam]       m_dip =  244.728  pT_max(phase space) = 122.364  ->  proposes q->qg     pT =    0.729  z = 0.3866
  FSR #48 g (col 104) against #44 g              m_dip =    8.041  pT_max(phase space) =   4.021  ->  proposes g->gg     pT =    1.303  z = 0.7564
  FSR #48 g (acol 102) against #62 g             m_dip =    4.390  pT_max(phase space) =   2.195  ->  proposes g->gg     pT =    0.873  z = 0.7064
  FSR #49 g (col 108) against #51 g              m_dip =   19.062  pT_max(phase space) =   9.531  ->  proposes g->gg     pT =    0.923  z = 0.8320
  FSR #51 g (col 111) against #52 g              m_dip =   21.688  pT_max(phase space) =  10.844  ->  proposes g->gg     pT =    0.717  z = 0.9552
  FSR #51 g (acol 108) against #49 g             m_dip =   19.062  pT_max(phase space) =   9.531  ->  proposes g->qqbar  pT =    0.733  z = 0.6110
  FSR #52 g (acol 111) against #51 g             m_dip =   21.688  pT_max(phase space) =  10.844  ->  proposes g->gg     pT =    0.715  z = 0.9655
  FSR #56 bbar (acol 106) against #54 b          m_dip =   39.886  pT_max(phase space) =  17.378  ->  proposes q->qg     pT =    1.866  z = 0.8037
  FSR #61 g (col 107) against #62 g              m_dip =   21.161  pT_max(phase space) =  10.581  ->  proposes g->gg     pT =    0.790  z = 0.5508
  FSR #62 g (acol 107) against #61 g             m_dip =   21.161  pT_max(phase space) =  10.581  ->  proposes g->gg     pT =    0.878  z = 0.8028
  FSR #65 sbar (acol 110) against #66 g          m_dip =   34.195  pT_max(phase space) =  17.098  ->  proposes q->qg     pT =    0.648  z = 0.7553
  FSR #66 g (col 110) against #65 sbar           m_dip =   34.195  pT_max(phase space) =  17.098  ->  proposes g->gg     pT =    0.735  z = 0.8961
  FSR #66 g (acol 115) against #67 g             m_dip =    5.616  pT_max(phase space) =   2.808  ->  proposes g->gg     pT =    0.615  z = 0.8117
  FSR #70 g (col 116) against #69 bbar           m_dip =    8.590  pT_max(phase space) =   1.895  ->  proposes g->gg     pT =    0.747  z = 0.8495
  FSR #70 g (acol 101) against #71 s             m_dip =   42.946  pT_max(phase space) =  21.473  ->  proposes g->gg     pT =    1.734  z = 0.8032
  FSR #71 s (col 101) against #70 g              m_dip =   42.946  pT_max(phase space) =  21.473  ->  proposes q->qg     pT =    0.989  z = 0.8659
  ISR side B(-z) #43 u     x = 4.6938e-01                      ->  proposes q<-q      pT =    1.662  z = 0.9607  x' = 4.8857e-01
  no emission above the cut-off from 12 competitor(s): #49 g (acol 105) against #16 g [beam]; #52 g (col 109) against #68 g; #54 b (col 106) against #56 bbar; #60 b (col 113) against #61 g; #61 g (acol 113) against #60 b; #62 g (col 102) against #48 g; #67 g (col 115) against #66 g; #67 g (acol 114) against #68 g; ... and 4 more
  winner: FSR q->qg of #56 bbar (acol 106) against #54 b at pT = 1.866 GeV

---- branching 17: FSR q->qg  bbar -> bbar + g  at pT_evol = 1.866 GeV -------------------------------
  radiator #56 bbar radiates on its acol line (tag 106) against recoiler #54 b
  evolution variable: pT_evol^2 = z(1-z)(m^2 - m_rad^2) with m_rad = 4.800 GeV
    -> virtuality of the branching parton m^2 = m_rad^2 + pT^2/(z(1-z)) = 23.040 + 3.484/(0.8037 x 0.1963) = 45.119 GeV^2,  m = 6.717 GeV
  z = 0.8037: daughter 1 (bbar) keeps the fraction z of the pair's energy in the dipole rest frame, daughter 2 (g) gets 1 - z = 0.1963
  alpha_s(pT^2) = 0.3189 (nf = 4, second order; first-order form 0.4338 was used for the overestimate)
  dipole rest frame (dipole mass m_dip = 39.886 GeV): the pair (daughters) gets E_P = 20.220, p_z = 19.072; daughter 1: E1 = z E_P = 16.250, p1z = 15.442, pT_actual = sqrt(E1^2 - m1^2 - p1z^2) = 1.607 GeV (compare pT_evol = 1.866), azimuth phi = 1.745
  the final-state recoiler keeps its mass 4.800 and its direction in the dipole frame, only its energy and |p| change so that the dipole mass is conserved
  before:
    radiator  #56  bbar   E= 1420.936 px=  76.791 py=  51.137 pz=-1417.929  | pT= 92.259 eta= -3.427 phi= 0.587
    recoiler  #54  b      E=  366.392 px=   5.871 py=  26.589 pz= -365.347  | pT= 27.229 eta= -3.291 phi= 1.353
  after:
    #72  bbar  st  51  col   0/117 m= 4.800  E= 1107.298 px=  61.320 py=  39.952 pz=-1104.866  | pT= 73.187 eta= -3.409 phi= 0.577
    #73  g     st  51  col 117/106 m= 0.000  E=  318.269 px=  15.521 py=  11.542 pz= -317.681  | pT= 19.343 eta= -3.493 phi= 0.639
    #74  b     st  52  col 106/0   m= 4.800  E=  361.761 px=   5.820 py=  26.231 pz= -360.730  | pT= 26.868 eta= -3.292 phi= 1.352
  check: p_rad + p_rec (before) = p1 + p2 + p_rec' (after): max difference 2.91e-10 GeV
  check: m(daughter 1 + daughter 2) = 6.717 GeV = the virtuality m above; daughter masses 4.800, 0.000; dR(daughters) = 0.104
  state: 19 final-state partons, 31 dipole ends, incoming g x_A = 1.35603e-02, u x_B = 4.69376e-01, sqrt(s_hat) = 1085.012 GeV; |sum(final) - sum(incoming)|_max = 7.25e-10 GeV

==== step 18: evolve downwards from pT = 1.866 GeV ===================================================
  every dipole end and both incoming partons propose their next emission below this scale (Sudakov veto algorithm); the hardest proposal wins
  FSR #45 u (col 103) against #16 g [beam]       m_dip =  244.728  pT_max(phase space) = 122.364  ->  proposes q->qg     pT =    0.888  z = 0.8239
  FSR #48 g (acol 102) against #62 g             m_dip =    4.390  pT_max(phase space) =   2.195  ->  proposes g->gg     pT =    0.638  z = 0.4518
  FSR #49 g (acol 105) against #16 g [beam]      m_dip =   49.504  pT_max(phase space) =  24.752  ->  proposes g->gg     pT =    1.341  z = 0.9646
  FSR #51 g (col 111) against #52 g              m_dip =   21.688  pT_max(phase space) =  10.844  ->  proposes g->gg     pT =    0.905  z = 0.9538
  FSR #51 g (acol 108) against #49 g             m_dip =   19.062  pT_max(phase space) =   9.531  ->  proposes g->gg     pT =    1.190  z = 0.8914
  FSR #60 b (col 113) against #61 g              m_dip =   13.705  pT_max(phase space) =   6.419  ->  proposes q->qg     pT =    0.756  z = 0.9367
  FSR #61 g (acol 113) against #60 b             m_dip =   13.705  pT_max(phase space) =   4.453  ->  proposes g->gg     pT =    1.341  z = 0.4961
  FSR #62 g (acol 107) against #61 g             m_dip =   21.161  pT_max(phase space) =  10.581  ->  proposes g->gg     pT =    1.258  z = 0.6056
  FSR #65 sbar (acol 110) against #66 g          m_dip =   34.195  pT_max(phase space) =  17.098  ->  proposes q->qg     pT =    0.667  z = 0.8765
  FSR #66 g (col 110) against #65 sbar           m_dip =   34.195  pT_max(phase space) =  17.098  ->  proposes g->gg     pT =    0.980  z = 0.8606
  FSR #70 g (acol 101) against #71 s             m_dip =   42.946  pT_max(phase space) =  21.473  ->  proposes g->gg     pT =    1.771  z = 0.6316
  FSR #71 s (col 101) against #70 g              m_dip =   42.946  pT_max(phase space) =  21.473  ->  proposes q->qg     pT =    1.691  z = 0.8937
  FSR #73 g (acol 106) against #74 b             m_dip =   17.822  pT_max(phase space) =   6.511  ->  proposes g->qqbar  pT =    0.885  z = 0.4889
  no emission above the cut-off from 20 competitor(s): #44 g (col 112) against #43 u [beam]; #44 g (acol 104) against #48 g; #48 g (col 104) against #44 g; #49 g (col 108) against #51 g; #52 g (col 109) against #68 g; #52 g (acol 111) against #51 g; #61 g (col 107) against #62 g; #62 g (col 102) against #48 g; ... and 12 more
  winner: FSR g->gg of #70 g (acol 101) against #71 s at pT = 1.771 GeV

---- branching 18: FSR g->gg  g -> g + g  at pT_evol = 1.771 GeV -------------------------------------
  radiator #70 g radiates on its acol line (tag 101) against recoiler #71 s
  evolution variable: pT_evol^2 = z(1-z)(m^2 - m_rad^2) with m_rad = 0.000 GeV
    -> virtuality of the branching parton m^2 = m_rad^2 + pT^2/(z(1-z)) = 0.000 + 3.137/(0.6316 x 0.3684) = 13.481 GeV^2,  m = 3.672 GeV
  z = 0.6316: daughter 1 (g) keeps the fraction z of the pair's energy in the dipole rest frame, daughter 2 (g) gets 1 - z = 0.3684
  alpha_s(pT^2) = 0.3281 (nf = 4, second order; first-order form 0.4473 was used for the overestimate)
  dipole rest frame (dipole mass m_dip = 42.946 GeV): the pair (daughters) gets E_P = 21.630, p_z = 21.316; daughter 1: E1 = z E_P = 13.662, p1z = 13.547, pT_actual = sqrt(E1^2 - m1^2 - p1z^2) = 1.769 GeV (compare pT_evol = 1.771), azimuth phi = 6.163
  the final-state recoiler keeps its mass 0.000 and its direction in the dipole frame, only its energy and |p| change so that the dipole mass is conserved
  before:
    radiator  #70  g      E=   70.744 px=  -1.019 py=   2.681 pz=  -70.686  | pT=  2.868 eta= -3.898 phi= 1.934
    recoiler  #71  s      E=    8.009 px=  -0.328 py=  -6.409 pz=    4.792  | pT=  6.418 eta=  0.691 phi=-1.622
  after:
    #75  g     st  51  col 116/118 m= 0.000  E=   44.685 px=   1.112 py=   1.891 pz=  -44.631  | pT=  2.193 eta= -3.707 phi= 1.039
    #76  g     st  51  col 118/101 m= 0.000  E=   26.118 px=  -2.133 py=   0.743 pz=  -26.020  | pT=  2.259 eta= -3.139 phi= 2.806
    #77  s     st  52  col 101/0   m= 0.000  E=    7.951 px=  -0.326 py=  -6.362 pz=    4.757  | pT=  6.371 eta=  0.691 phi=-1.622
  check: p_rad + p_rec (before) = p1 + p2 + p_rec' (after): max difference 4.26e-14 GeV
  check: m(daughter 1 + daughter 2) = 3.672 GeV = the virtuality m above; daughter masses 0.000, 0.000; dR(daughters) = 1.856
  state: 20 final-state partons, 33 dipole ends, incoming g x_A = 1.35603e-02, u x_B = 4.69376e-01, sqrt(s_hat) = 1085.012 GeV; |sum(final) - sum(incoming)|_max = 7.26e-10 GeV

==== step 19: evolve downwards from pT = 1.771 GeV ===================================================
  every dipole end and both incoming partons propose their next emission below this scale (Sudakov veto algorithm); the hardest proposal wins
  FSR #44 g (col 112) against #43 u [beam]       m_dip =   40.291  pT_max(phase space) =  20.145  ->  proposes g->gg     pT =    0.816  z = 0.7771
  FSR #44 g (acol 104) against #48 g             m_dip =    8.041  pT_max(phase space) =   4.021  ->  proposes g->gg     pT =    0.687  z = 0.8927
  FSR #45 u (col 103) against #16 g [beam]       m_dip =  244.728  pT_max(phase space) = 122.364  ->  proposes q->qg     pT =    0.740  z = 0.9805
  FSR #49 g (col 108) against #51 g              m_dip =   19.062  pT_max(phase space) =   9.531  ->  proposes g->gg     pT =    0.857  z = 0.4354
  FSR #49 g (acol 105) against #16 g [beam]      m_dip =   49.504  pT_max(phase space) =  24.752  ->  proposes g->gg     pT =    1.017  z = 0.8020
  FSR #52 g (acol 111) against #51 g             m_dip =   21.688  pT_max(phase space) =  10.844  ->  proposes g->gg     pT =    0.921  z = 0.8546
  FSR #61 g (col 107) against #62 g              m_dip =   21.161  pT_max(phase space) =  10.581  ->  proposes g->gg     pT =    0.684  z = 0.1502
  FSR #61 g (acol 113) against #60 b             m_dip =   13.705  pT_max(phase space) =   4.453  ->  proposes g->gg     pT =    0.771  z = 0.8125
  FSR #65 sbar (acol 110) against #66 g          m_dip =   34.195  pT_max(phase space) =  17.098  ->  proposes q->qg     pT =    1.161  z = 0.2428
  FSR #66 g (col 110) against #65 sbar           m_dip =   34.195  pT_max(phase space) =  17.098  ->  proposes g->gg     pT =    1.489  z = 0.8655
  FSR #66 g (acol 115) against #67 g             m_dip =    5.616  pT_max(phase space) =   2.808  ->  proposes g->gg     pT =    0.622  z = 0.5044
  FSR #73 g (acol 106) against #74 b             m_dip =   17.822  pT_max(phase space) =   6.511  ->  proposes g->gg     pT =    1.206  z = 0.5720
  FSR #74 b (col 106) against #73 g              m_dip =   17.822  pT_max(phase space) =   8.582  ->  proposes q->qg     pT =    1.171  z = 0.9026
  FSR #75 g (col 116) against #69 bbar           m_dip =    6.915  pT_max(phase space) =   1.058  ->  proposes g->gg     pT =    0.671  z = 0.3291
  no emission above the cut-off from 21 competitor(s): #48 g (col 104) against #44 g; #48 g (acol 102) against #62 g; #51 g (col 111) against #52 g; #51 g (acol 108) against #49 g; #52 g (col 109) against #68 g; #60 b (col 113) against #61 g; #62 g (col 102) against #48 g; #62 g (acol 107) against #61 g; ... and 13 more
  winner: FSR g->gg of #66 g (col 110) against #65 sbar at pT = 1.489 GeV

---- branching 19: FSR g->gg  g -> g + g  at pT_evol = 1.489 GeV -------------------------------------
  radiator #66 g radiates on its col line (tag 110) against recoiler #65 sbar
  evolution variable: pT_evol^2 = z(1-z)(m^2 - m_rad^2) with m_rad = 0.000 GeV
    -> virtuality of the branching parton m^2 = m_rad^2 + pT^2/(z(1-z)) = 0.000 + 2.216/(0.8655 x 0.1345) = 19.039 GeV^2,  m = 4.363 GeV
  z = 0.8655: daughter 1 (g) keeps the fraction z of the pair's energy in the dipole rest frame, daughter 2 (g) gets 1 - z = 0.1345
  alpha_s(pT^2) = 0.3640 (nf = 3, second order; first-order form 0.5132 was used for the overestimate)
  dipole rest frame (dipole mass m_dip = 34.195 GeV): the pair (daughters) gets E_P = 17.376, p_z = 16.819; daughter 1: E1 = z E_P = 15.039, p1z = 14.971, pT_actual = sqrt(E1^2 - m1^2 - p1z^2) = 1.430 GeV (compare pT_evol = 1.489), azimuth phi = 4.613
  the final-state recoiler keeps its mass 0.000 and its direction in the dipole frame, only its energy and |p| change so that the dipole mass is conserved
  before:
    radiator  #66  g      E=   48.660 px=  33.595 py= -33.071 pz=   12.062  | pT= 47.141 eta=  0.253 phi=-0.778
    recoiler  #65  sbar   E=    6.152 px=  -2.810 py=   4.840 pz=   -2.556  | pT=  5.596 eta= -0.442 phi= 2.097
  after:
    #78  g     st  51  col 119/115 m= 0.000  E=   42.675 px=  28.867 py= -29.913 pz=    9.650  | pT= 41.570 eta=  0.230 phi=-0.803
    #79  g     st  51  col 110/119 m= 0.000  E=    6.085 px=   4.682 py=  -3.080 pz=    2.370  | pT=  5.604 eta=  0.411 phi=-0.582
    #80  sbar  st  52  col   0/110 m= 0.000  E=    6.052 px=  -2.764 py=   4.761 pz=   -2.515  | pT=  5.505 eta= -0.442 phi= 2.097
  check: p_rad + p_rec (before) = p1 + p2 + p_rec' (after): max difference 7.11e-15 GeV
  check: m(daughter 1 + daughter 2) = 4.363 GeV = the virtuality m above; daughter masses 0.000, 0.000; dR(daughters) = 0.286
  state: 21 final-state partons, 35 dipole ends, incoming g x_A = 1.35603e-02, u x_B = 4.69376e-01, sqrt(s_hat) = 1085.012 GeV; |sum(final) - sum(incoming)|_max = 7.26e-10 GeV

==== step 20: evolve downwards from pT = 1.489 GeV ===================================================
  every dipole end and both incoming partons propose their next emission below this scale (Sudakov veto algorithm); the hardest proposal wins
  FSR #44 g (col 112) against #43 u [beam]       m_dip =   40.291  pT_max(phase space) =  20.145  ->  proposes g->gg     pT =    0.627  z = 0.6320
  FSR #44 g (acol 104) against #48 g             m_dip =    8.041  pT_max(phase space) =   4.021  ->  proposes g->gg     pT =    1.086  z = 0.8249
  FSR #48 g (col 104) against #44 g              m_dip =    8.041  pT_max(phase space) =   4.021  ->  proposes g->gg     pT =    0.671  z = 0.2228
  FSR #49 g (col 108) against #51 g              m_dip =   19.062  pT_max(phase space) =   9.531  ->  proposes g->gg     pT =    0.647  z = 0.9410
  FSR #51 g (col 111) against #52 g              m_dip =   21.688  pT_max(phase space) =  10.844  ->  proposes g->gg     pT =    0.858  z = 0.3920
  FSR #51 g (acol 108) against #49 g             m_dip =   19.062  pT_max(phase space) =   9.531  ->  proposes g->gg     pT =    0.625  z = 0.9385
  FSR #61 g (acol 113) against #60 b             m_dip =   13.705  pT_max(phase space) =   4.453  ->  proposes g->gg     pT =    0.666  z = 0.9244
  FSR #62 g (col 102) against #48 g              m_dip =    4.390  pT_max(phase space) =   2.195  ->  proposes g->gg     pT =    0.909  z = 0.6393
  FSR #62 g (acol 107) against #61 g             m_dip =   21.161  pT_max(phase space) =  10.581  ->  proposes g->gg     pT =    1.159  z = 0.2905
  FSR #74 b (col 106) against #73 g              m_dip =   17.822  pT_max(phase space) =   8.582  ->  proposes q->qg     pT =    0.695  z = 0.9595
  FSR #75 g (col 116) against #69 bbar           m_dip =    6.915  pT_max(phase space) =   1.058  ->  proposes g->gg     pT =    0.657  z = 0.7308
  FSR #75 g (acol 118) against #76 g             m_dip =    3.672  pT_max(phase space) =   1.836  ->  proposes g->qqbar  pT =    0.708  z = 0.4800
  FSR #76 g (acol 101) against #77 s             m_dip =   25.903  pT_max(phase space) =  12.951  ->  proposes g->gg     pT =    0.980  z = 0.9437
  FSR #77 s (col 101) against #76 g              m_dip =   25.903  pT_max(phase space) =  12.951  ->  proposes q->qg     pT =    0.755  z = 0.5354
  FSR #79 g (acol 119) against #78 g             m_dip =    4.363  pT_max(phase space) =   2.182  ->  proposes g->gg     pT =    0.627  z = 0.8440
  FSR #80 sbar (acol 110) against #79 g          m_dip =   11.865  pT_max(phase space) =   5.933  ->  proposes q->qg     pT =    0.666  z = 0.6245
  ISR side A(+z) #16 g     x = 1.3560e-02                      ->  proposes g<-g      pT =    1.245  z = 0.7926  x' = 1.7108e-02
  ISR side B(-z) #43 u     x = 4.6938e-01                      ->  proposes q<-q      pT =    0.674  z = 0.9992  x' = 4.6975e-01
  no emission above the cut-off from 19 competitor(s): #45 u (col 103) against #16 g [beam]; #48 g (acol 102) against #62 g; #49 g (acol 105) against #16 g [beam]; #52 g (col 109) against #68 g; #52 g (acol 111) against #51 g; #60 b (col 113) against #61 g; #61 g (col 107) against #62 g; #67 g (col 115) against #78 g; ... and 11 more
  winner: ISR g<-g on side A(+z) at pT = 1.245 GeV

---- branching 20: ISR g<-g on side A(+z)  g -> g + g  at pT_evol = 1.245 GeV ------------------------
  backward evolution: the incoming g #16 (x = 1.35603e-02) is found to come from a g #81 that entered with x' = x/z = 1.35603e-02/0.79265 = 1.71076e-02 and emitted the g #82 into the final state
  evolution variable: pT_evol^2 = (1-z) Q^2 with Q^2 the spacelike virtuality of #16: Q^2 = pT^2/(1-z) = 1.551/0.20735 = 7.478 GeV^2, Q = 2.735 GeV
  alpha_s(pT^2 + pT0^2 = 5.551) = 0.2841 (nf = 4); the infrared regularisation pT0 = 2.0 GeV also replaces dpT^2/pT^2 by dpT^2/(pT^2 + pT0^2)
  PDF ratio at Q^2 = 2.722: x'f_g(x') / x f_g(x) = 2.66826 / 2.72050 = 0.9808  (the probability of the backward step is proportional to it)
  old (a, r) rest frame, sqrt(s_hat) = 1085.012: new incoming b = (sqrt(s)/2z)(1,0,0,1) with E_b = 684.422; emitted c has E_c - p_cz = z(Q^2 + m_c^2)/sqrt(s) = 0.0055, E_c + p_cz = 283.8249, pT_c = sqrt(uv - m_c^2) = 1.245 (compare pT_evol = 1.245), phi = 1.354
  before:
    incoming  #16  g      x = 1.35603e-02  E=   92.210 px=   0.000 py=   0.000 pz=   92.210  | pT=  0.000 eta=    inf phi= 0.000
  after:
    #81  g     st -41  col 120/105 m= 0.000  E=  116.332 px=   0.000 py=   0.000 pz=  116.332  | pT=  0.000 eta=    inf phi= 0.000   x' = 1.71076e-02
    #82  g     st  43  col 120/103 m= 0.000  E=   24.137 px=   0.267 py=   1.216 pz=   24.105  | pT=  1.245 eta=  3.657 phi= 1.354
  the other incoming parton #43 u is untouched (x = 4.69376e-01); the whole downstream system is boosted from the old (a, r) frame to the new (a', r) frame, status 44 copies:
    #44  -> #83  g      pT    5.741 ->    5.741  eta  -3.117 ->  -3.117  phi  2.987 ->  2.987  E    64.926 ->    64.928
    #45  -> #84  u      pT   41.555 ->   41.586  eta  -2.056 ->  -2.057  phi -1.302 -> -1.302  E   165.037 ->   165.285
    #48  -> #85  g      pT   12.894 ->   12.899  eta  -2.620 ->  -2.621  phi -2.485 -> -2.485  E    89.051 ->    89.117
    #49  -> #86  g      pT   23.291 ->   23.016  eta   0.561 ->   0.573  phi  1.346 ->  1.346  E    27.056 ->    26.900
    #51  -> #87  g      pT    3.372 ->    3.445  eta   1.717 ->   1.696  phi -2.763 -> -2.733  E     9.694 ->     9.707
    #52  -> #88  g      pT    9.440 ->    9.416  eta  -0.840 ->  -0.837  phi  0.832 ->  0.831  E    12.971 ->    12.915
    #60  -> #89  b      pT   80.921 ->   81.002  eta  -1.378 ->  -1.378  phi -2.730 -> -2.728  E   170.697 ->   171.018
    #61  -> #90  g      pT   20.163 ->   20.180  eta  -1.665 ->  -1.666  phi -2.615 -> -2.614  E    55.194 ->    55.286
    #62  -> #91  g      pT   36.496 ->   36.512  eta  -2.421 ->  -2.422  phi -2.519 -> -2.519  E   207.052 ->   207.234
    #67  -> #92  g      pT    1.673 ->    1.677  eta   0.742 ->   0.739  phi -0.379 -> -0.393  E     2.155 ->     2.157
    #68  -> #93  g      pT    0.775 ->    0.772  eta  -0.093 ->  -0.089  phi  0.559 ->  0.555  E     0.778 ->     0.775
    #69  -> #94  bbar   pT   37.026 ->   37.018  eta  -3.406 ->  -3.405  phi  1.480 ->  1.480  E   558.466 ->   558.214
    #72  -> #95  bbar   pT   73.187 ->   73.176  eta  -3.409 ->  -3.409  phi  0.577 ->  0.577  E  1107.298 ->  1106.939
    #73  -> #96  g      pT   19.343 ->   19.340  eta  -3.493 ->  -3.493  phi  0.639 ->  0.639  E   318.269 ->   318.169
    #74  -> #97  b      pT   26.868 ->   26.861  eta  -3.292 ->  -3.291  phi  1.352 ->  1.352  E   361.761 ->   361.577
    #75  -> #98  g      pT    2.193 ->    2.193  eta  -3.707 ->  -3.707  phi  1.039 ->  1.039  E    44.685 ->    44.670
    #76  -> #99  g      pT    2.259 ->    2.259  eta  -3.139 ->  -3.139  phi  2.806 ->  2.807  E    26.118 ->    26.116
    #77  -> #100 s      pT    6.371 ->    6.455  eta   0.691 ->   0.677  phi -1.622 -> -1.624  E     7.951 ->     7.994
    #78  -> #101 g      pT   41.570 ->   41.767  eta   0.230 ->   0.225  phi -0.803 -> -0.810  E    42.675 ->    42.832
    #79  -> #102 g      pT    5.604 ->    5.625  eta   0.411 ->   0.408  phi -0.582 -> -0.591  E     6.085 ->     6.099
    #80  -> #103 sbar   pT    5.505 ->    5.488  eta  -0.442 ->  -0.439  phi  2.097 ->  2.100  E     6.052 ->     6.025
  check: mass of the downstream system sqrt(s_hat) before 1085.012 = after 1085.012 GeV; virtuality of #16 after the branching: (p_b - p_c)^2 = -7.478 = -Q^2
  state: 22 final-state partons, 37 dipole ends, incoming g x_A = 1.71076e-02, u x_B = 4.69376e-01, sqrt(s_hat) = 1218.693 GeV; |sum(final) - sum(incoming)|_max = 7.20e-10 GeV

==== step 21: evolve downwards from pT = 1.245 GeV ===================================================
  every dipole end and both incoming partons propose their next emission below this scale (Sudakov veto algorithm); the hardest proposal wins
  FSR #82 g (acol 103) against #84 u             m_dip =  125.629  pT_max(phase space) =  62.814  ->  proposes g->gg     pT =    1.022  z = 0.9769
  FSR #83 g (col 112) against #43 u [beam]       m_dip =   40.291  pT_max(phase space) =  20.145  ->  proposes g->gg     pT =    0.636  z = 0.7979
  FSR #84 u (col 103) against #82 g              m_dip =  125.629  pT_max(phase space) =  62.814  ->  proposes q->qg     pT =    0.629  z = 0.7822
  FSR #85 g (acol 102) against #91 g             m_dip =    4.390  pT_max(phase space) =   2.195  ->  proposes g->qqbar  pT =    0.651  z = 0.3271
  FSR #86 g (acol 105) against #81 g [beam]      m_dip =   54.945  pT_max(phase space) =  27.473  ->  proposes g->gg     pT =    0.910  z = 0.9190
  FSR #87 g (col 111) against #88 g              m_dip =   21.688  pT_max(phase space) =  10.844  ->  proposes g->gg     pT =    1.017  z = 0.4788
  FSR #88 g (acol 111) against #87 g             m_dip =   21.688  pT_max(phase space) =  10.844  ->  proposes g->gg     pT =    0.625  z = 0.8742
  FSR #90 g (col 107) against #91 g              m_dip =   21.161  pT_max(phase space) =  10.581  ->  proposes g->gg     pT =    0.881  z = 0.8853
  FSR #90 g (acol 113) against #89 b             m_dip =   13.705  pT_max(phase space) =   4.453  ->  proposes g->qqbar  pT =    0.761  z = 0.7277
  FSR #91 g (acol 107) against #90 g             m_dip =   21.161  pT_max(phase space) =  10.581  ->  proposes g->gg     pT =    0.764  z = 0.6171
  FSR #93 g (acol 109) against #88 g             m_dip =    2.194  pT_max(phase space) =   1.097  ->  proposes g->gg     pT =    0.820  z = 0.5494
  FSR #96 g (col 117) against #95 bbar           m_dip =    6.717  pT_max(phase space) =   0.959  ->  proposes g->gg     pT =    0.771  z = 0.4994
  FSR #96 g (acol 106) against #97 b             m_dip =   17.822  pT_max(phase space) =   6.511  ->  proposes g->gg     pT =    0.793  z = 0.2270
  FSR #98 g (col 116) against #94 bbar           m_dip =    6.915  pT_max(phase space) =   1.058  ->  proposes g->gg     pT =    0.980  z = 0.4083
  FSR #99 g (col 118) against #98 g              m_dip =    3.672  pT_max(phase space) =   1.836  ->  proposes g->gg     pT =    0.660  z = 0.7146
  FSR #99 g (acol 101) against #100 s            m_dip =   25.903  pT_max(phase space) =  12.951  ->  proposes g->gg     pT =    0.881  z = 0.8255
  FSR #100 s (col 101) against #99 g             m_dip =   25.903  pT_max(phase space) =  12.951  ->  proposes q->qg     pT =    0.790  z = 0.8642
  FSR #103 sbar (acol 110) against #102 g        m_dip =   11.865  pT_max(phase space) =   5.933  ->  proposes q->qg     pT =    0.947  z = 0.8475
  no emission above the cut-off from 21 competitor(s): #82 g (col 120) against #81 g [beam]; #83 g (acol 104) against #85 g; #85 g (col 104) against #83 g; #86 g (col 108) against #87 g; #87 g (acol 108) against #86 g; #88 g (col 109) against #93 g; #89 b (col 113) against #90 g; #91 g (col 102) against #85 g; ... and 13 more
  winner: FSR g->gg of #82 g (acol 103) against #84 u at pT = 1.022 GeV

---- branching 21: FSR g->gg  g -> g + g  at pT_evol = 1.022 GeV -------------------------------------
  radiator #82 g radiates on its acol line (tag 103) against recoiler #84 u
  evolution variable: pT_evol^2 = z(1-z)(m^2 - m_rad^2) with m_rad = 0.000 GeV
    -> virtuality of the branching parton m^2 = m_rad^2 + pT^2/(z(1-z)) = 0.000 + 1.045/(0.9769 x 0.0231) = 46.299 GeV^2,  m = 6.804 GeV
  z = 0.9769: daughter 1 (g) keeps the fraction z of the pair's energy in the dipole rest frame, daughter 2 (g) gets 1 - z = 0.0231
  alpha_s(pT^2) = 0.5164 (nf = 3, second order; first-order form 0.7092 was used for the overestimate)
  dipole rest frame (dipole mass m_dip = 125.629 GeV): the pair (daughters) gets E_P = 62.999, p_z = 62.630; daughter 1: E1 = z E_P = 61.543, p1z = 61.536, pT_actual = sqrt(E1^2 - m1^2 - p1z^2) = 0.960 GeV (compare pT_evol = 1.022), azimuth phi = 2.825
  the final-state recoiler keeps its mass 0.000 and its direction in the dipole frame, only its energy and |p| change so that the dipole mass is conserved
  before:
    radiator  #82  g      E=   24.137 px=   0.267 py=   1.216 pz=   24.105  | pT=  1.245 eta=  3.657 phi= 1.354
    recoiler  #84  u      E=  165.285 px=  11.029 py= -40.097 pz= -159.968  | pT= 41.586 eta= -2.057 phi=-1.302
  after:
    #104 g     st  51  col 120/121 m= 0.000  E=   23.592 px=  -0.650 py=   1.486 pz=   23.536  | pT=  1.622 eta=  3.369 phi= 1.983
    #105 g     st  51  col 121/103 m= 0.000  E=    1.030 px=   0.949 py=  -0.387 pz=    0.100  | pT=  1.025 eta=  0.097 phi=-0.388
    #106 u     st  52  col 103/0   m= 0.000  E=  164.800 px=  10.997 py= -39.980 pz= -159.498  | pT= 41.464 eta= -2.057 phi=-1.302
  check: p_rad + p_rec (before) = p1 + p2 + p_rec' (after): max difference 2.84e-14 GeV
  check: m(daughter 1 + daughter 2) = 6.804 GeV = the virtuality m above; daughter masses 0.000, 0.000; dR(daughters) = 4.041
  state: 23 final-state partons, 39 dipole ends, incoming g x_A = 1.71076e-02, u x_B = 4.69376e-01, sqrt(s_hat) = 1218.693 GeV; |sum(final) - sum(incoming)|_max = 7.19e-10 GeV

==== step 22: evolve downwards from pT = 1.022 GeV ===================================================
  every dipole end and both incoming partons propose their next emission below this scale (Sudakov veto algorithm); the hardest proposal wins
  FSR #85 g (col 104) against #83 g              m_dip =    8.041  pT_max(phase space) =   4.021  ->  proposes g->gg     pT =    0.645  z = 0.7552
  FSR #87 g (col 111) against #88 g              m_dip =   21.688  pT_max(phase space) =  10.844  ->  proposes g->gg     pT =    0.937  z = 0.8743
  FSR #87 g (acol 108) against #86 g             m_dip =   19.062  pT_max(phase space) =   9.531  ->  proposes g->gg     pT =    0.696  z = 0.9498
  FSR #89 b (col 113) against #90 g              m_dip =   13.705  pT_max(phase space) =   6.419  ->  proposes q->qg     pT =    0.759  z = 0.8645
  FSR #90 g (col 107) against #91 g              m_dip =   21.161  pT_max(phase space) =  10.581  ->  proposes g->gg     pT =    0.915  z = 0.9097
  FSR #90 g (acol 113) against #89 b             m_dip =   13.705  pT_max(phase space) =   4.453  ->  proposes g->gg     pT =    0.781  z = 0.8018
  FSR #91 g (col 102) against #85 g              m_dip =    4.390  pT_max(phase space) =   2.195  ->  proposes g->gg     pT =    0.764  z = 0.6451
  FSR #91 g (acol 107) against #90 g             m_dip =   21.161  pT_max(phase space) =  10.581  ->  proposes g->gg     pT =    0.864  z = 0.9114
  FSR #97 b (col 106) against #96 g              m_dip =   17.822  pT_max(phase space) =   8.582  ->  proposes q->qg     pT =    0.703  z = 0.9486
  FSR #99 g (acol 101) against #100 s            m_dip =   25.903  pT_max(phase space) =  12.951  ->  proposes g->gg     pT =    0.985  z = 0.9375
  FSR #102 g (col 110) against #103 sbar         m_dip =   11.865  pT_max(phase space) =   5.933  ->  proposes g->gg     pT =    0.843  z = 0.2120
  FSR #102 g (acol 119) against #101 g           m_dip =    4.363  pT_max(phase space) =   2.182  ->  proposes g->gg     pT =    0.726  z = 0.3428
  FSR #103 sbar (acol 110) against #102 g        m_dip =   11.865  pT_max(phase space) =   5.933  ->  proposes q->qg     pT =    0.636  z = 0.9160
  FSR #104 g (acol 121) against #105 g           m_dip =    6.804  pT_max(phase space) =   3.402  ->  proposes g->gg     pT =    0.649  z = 0.8744
  FSR #105 g (acol 103) against #106 u           m_dip =   17.873  pT_max(phase space) =   8.937  ->  proposes g->gg     pT =    0.645  z = 0.9151
  FSR #106 u (col 103) against #105 g            m_dip =   17.873  pT_max(phase space) =   8.937  ->  proposes q->qg     pT =    0.730  z = 0.9508
  no emission above the cut-off from 25 competitor(s): #83 g (col 112) against #43 u [beam]; #83 g (acol 104) against #85 g; #85 g (acol 102) against #91 g; #86 g (col 108) against #87 g; #86 g (acol 105) against #81 g [beam]; #88 g (col 109) against #93 g; #88 g (acol 111) against #87 g; #92 g (col 115) against #101 g; ... and 17 more
  winner: FSR g->gg of #99 g (acol 101) against #100 s at pT = 0.985 GeV

---- branching 22: FSR g->gg  g -> g + g  at pT_evol = 0.985 GeV -------------------------------------
  radiator #99 g radiates on its acol line (tag 101) against recoiler #100 s
  evolution variable: pT_evol^2 = z(1-z)(m^2 - m_rad^2) with m_rad = 0.000 GeV
    -> virtuality of the branching parton m^2 = m_rad^2 + pT^2/(z(1-z)) = 0.000 + 0.970/(0.9375 x 0.0625) = 16.564 GeV^2,  m = 4.070 GeV
  z = 0.9375: daughter 1 (g) keeps the fraction z of the pair's energy in the dipole rest frame, daughter 2 (g) gets 1 - z = 0.0625
  alpha_s(pT^2) = 0.5407 (nf = 3, second order; first-order form 0.7371 was used for the overestimate)
  dipole rest frame (dipole mass m_dip = 25.903 GeV): the pair (daughters) gets E_P = 13.271, p_z = 12.632; daughter 1: E1 = z E_P = 12.442, p1z = 12.417, pT_actual = sqrt(E1^2 - m1^2 - p1z^2) = 0.800 GeV (compare pT_evol = 0.985), azimuth phi = 1.470
  the final-state recoiler keeps its mass 0.000 and its direction in the dipole frame, only its energy and |p| change so that the dipole mass is conserved
  before:
    radiator  #99  g      E=   26.116 px=  -2.133 py=   0.743 pz=  -26.018  | pT=  2.259 eta= -3.139 phi= 2.807
    recoiler  #100 s      E=    7.994 px=  -0.344 py=  -6.446 pz=    4.714  | pT=  6.455 eta=  0.677 phi=-1.624
  after:
    #107 g     st  51  col 118/122 m= 0.000  E=   25.426 px=  -1.806 py=  -0.036 pz=  -25.362  | pT=  1.806 eta= -3.336 phi=-3.122
    #108 g     st  51  col 122/101 m= 0.000  E=    0.888 px=  -0.336 py=   0.619 pz=   -0.540  | pT=  0.704 eta= -0.707 phi= 2.068
    #109 s     st  52  col 101/0   m= 0.000  E=    7.796 px=  -0.336 py=  -6.287 pz=    4.598  | pT=  6.296 eta=  0.677 phi=-1.624
  check: p_rad + p_rec (before) = p1 + p2 + p_rec' (after): max difference 7.11e-15 GeV
  check: m(daughter 1 + daughter 2) = 4.070 GeV = the virtuality m above; daughter masses 0.000, 0.000; dR(daughters) = 2.848
  state: 24 final-state partons, 41 dipole ends, incoming g x_A = 1.71076e-02, u x_B = 4.69376e-01, sqrt(s_hat) = 1218.693 GeV; |sum(final) - sum(incoming)|_max = 7.19e-10 GeV

==== step 23: evolve downwards from pT = 0.985 GeV ===================================================
  every dipole end and both incoming partons propose their next emission below this scale (Sudakov veto algorithm); the hardest proposal wins
  FSR #87 g (acol 108) against #86 g             m_dip =   19.062  pT_max(phase space) =   9.531  ->  proposes g->gg     pT =    0.758  z = 0.3202
  FSR #88 g (col 109) against #93 g              m_dip =    2.194  pT_max(phase space) =   1.097  ->  proposes g->gg     pT =    0.705  z = 0.5819
  FSR #88 g (acol 111) against #87 g             m_dip =   21.688  pT_max(phase space) =  10.844  ->  proposes g->gg     pT =    0.624  z = 0.0654
  FSR #90 g (col 107) against #91 g              m_dip =   21.161  pT_max(phase space) =  10.581  ->  proposes g->gg     pT =    0.614  z = 0.9511
  FSR #90 g (acol 113) against #89 b             m_dip =   13.705  pT_max(phase space) =   4.453  ->  proposes g->gg     pT =    0.634  z = 0.1244
  FSR #92 g (col 115) against #101 g             m_dip =    5.560  pT_max(phase space) =   2.780  ->  proposes g->gg     pT =    0.693  z = 0.8360
  FSR #96 g (acol 106) against #97 b             m_dip =   17.822  pT_max(phase space) =   6.511  ->  proposes g->gg     pT =    0.792  z = 0.9374
  FSR #101 g (acol 115) against #92 g            m_dip =    5.560  pT_max(phase space) =   2.780  ->  proposes g->gg     pT =    0.721  z = 0.3932
  FSR #104 g (col 120) against #81 g [beam]      m_dip =    3.603  pT_max(phase space) =   1.802  ->  proposes g->gg     pT =    0.800  z = 0.5404
  FSR #107 g (col 118) against #98 g             m_dip =    3.553  pT_max(phase space) =   1.776  ->  proposes g->gg     pT =    0.619  z = 0.1755
  FSR #107 g (acol 122) against #108 g           m_dip =    4.070  pT_max(phase space) =   2.035  ->  proposes g->gg     pT =    0.644  z = 0.4299
  FSR #108 g (col 122) against #107 g            m_dip =    4.070  pT_max(phase space) =   2.035  ->  proposes g->gg     pT =    0.679  z = 0.8321
  FSR #109 s (col 101) against #108 g            m_dip =    5.135  pT_max(phase space) =   2.568  ->  proposes q->qg     pT =    0.864  z = 0.4190
  no emission above the cut-off from 30 competitor(s): #83 g (col 112) against #43 u [beam]; #83 g (acol 104) against #85 g; #85 g (col 104) against #83 g; #85 g (acol 102) against #91 g; #86 g (col 108) against #87 g; #86 g (acol 105) against #81 g [beam]; #87 g (col 111) against #88 g; #89 b (col 113) against #90 g; ... and 22 more
  winner: FSR q->qg of #109 s (col 101) against #108 g at pT = 0.864 GeV

---- branching 23: FSR q->qg  s -> s + g  at pT_evol = 0.864 GeV -------------------------------------
  radiator #109 s radiates on its col line (tag 101) against recoiler #108 g
  evolution variable: pT_evol^2 = z(1-z)(m^2 - m_rad^2) with m_rad = 0.000 GeV
    -> virtuality of the branching parton m^2 = m_rad^2 + pT^2/(z(1-z)) = 0.000 + 0.746/(0.4190 x 0.5810) = 3.066 GeV^2,  m = 1.751 GeV
  z = 0.4190: daughter 1 (s) keeps the fraction z of the pair's energy in the dipole rest frame, daughter 2 (g) gets 1 - z = 0.5810
  alpha_s(pT^2) = 0.6525 (nf = 3, second order; first-order form 0.8554 was used for the overestimate)
  dipole rest frame (dipole mass m_dip = 5.135 GeV): the pair (daughters) gets E_P = 2.866, p_z = 2.269; daughter 1: E1 = z E_P = 1.201, p1z = 0.841, pT_actual = sqrt(E1^2 - m1^2 - p1z^2) = 0.857 GeV (compare pT_evol = 0.864), azimuth phi = 1.000
  the final-state recoiler keeps its mass 0.000 and its direction in the dipole frame, only its energy and |p| change so that the dipole mass is conserved
  before:
    radiator  #109 s      E=    7.796 px=  -0.336 py=  -6.287 pz=    4.598  | pT=  6.296 eta=  0.677 phi=-1.624
    recoiler  #108 g      E=    0.888 px=  -0.336 py=   0.619 pz=   -0.540  | pT=  0.704 eta= -0.707 phi= 2.068
  after:
    #110 s     st  51  col 123/0   m= 0.000  E=    3.026 px=   0.335 py=  -1.947 pz=    2.292  | pT=  1.976 eta=  0.990 phi=-1.401
    #111 g     st  51  col 101/123 m= 0.000  E=    4.873 px=  -0.710 py=  -4.268 pz=    2.243  | pT=  4.326 eta=  0.498 phi=-1.736
    #112 g     st  52  col 122/101 m= 0.000  E=    0.785 px=  -0.297 py=   0.547 pz=   -0.478  | pT=  0.622 eta= -0.707 phi= 2.068
  check: p_rad + p_rec (before) = p1 + p2 + p_rec' (after): max difference 3.55e-15 GeV
  check: m(daughter 1 + daughter 2) = 1.751 GeV = the virtuality m above; daughter masses 0.000, 0.000; dR(daughters) = 0.596
  state: 25 final-state partons, 43 dipole ends, incoming g x_A = 1.71076e-02, u x_B = 4.69376e-01, sqrt(s_hat) = 1218.693 GeV; |sum(final) - sum(incoming)|_max = 7.19e-10 GeV

==== step 24: evolve downwards from pT = 0.864 GeV ===================================================
  every dipole end and both incoming partons propose their next emission below this scale (Sudakov veto algorithm); the hardest proposal wins
  FSR #83 g (col 112) against #43 u [beam]       m_dip =   40.291  pT_max(phase space) =  20.145  ->  proposes g->gg     pT =    0.691  z = 0.8889
  FSR #86 g (col 108) against #87 g              m_dip =   19.062  pT_max(phase space) =   9.531  ->  proposes g->gg     pT =    0.798  z = 0.8941
  FSR #86 g (acol 105) against #81 g [beam]      m_dip =   54.945  pT_max(phase space) =  27.473  ->  proposes g->gg     pT =    0.837  z = 0.8795
  FSR #87 g (col 111) against #88 g              m_dip =   21.688  pT_max(phase space) =  10.844  ->  proposes g->gg     pT =    0.823  z = 0.5777
  FSR #88 g (acol 111) against #87 g             m_dip =   21.688  pT_max(phase space) =  10.844  ->  proposes g->gg     pT =    0.760  z = 0.7711
  FSR #90 g (acol 113) against #89 b             m_dip =   13.705  pT_max(phase space) =   4.453  ->  proposes g->gg     pT =    0.635  z = 0.6005
  FSR #91 g (acol 107) against #90 g             m_dip =   21.161  pT_max(phase space) =  10.581  ->  proposes g->gg     pT =    0.861  z = 0.9433
  FSR #96 g (acol 106) against #97 b             m_dip =   17.822  pT_max(phase space) =   6.511  ->  proposes g->gg     pT =    0.678  z = 0.1646
  FSR #102 g (col 110) against #103 sbar         m_dip =   11.865  pT_max(phase space) =   5.933  ->  proposes g->gg     pT =    0.770  z = 0.1849
  FSR #102 g (acol 119) against #101 g           m_dip =    4.363  pT_max(phase space) =   2.182  ->  proposes g->gg     pT =    0.812  z = 0.6120
  FSR #104 g (col 120) against #81 g [beam]      m_dip =    3.603  pT_max(phase space) =   1.802  ->  proposes g->gg     pT =    0.675  z = 0.7129
  FSR #105 g (col 121) against #104 g            m_dip =    6.804  pT_max(phase space) =   3.402  ->  proposes g->gg     pT =    0.652  z = 0.5701
  FSR #106 u (col 103) against #105 g            m_dip =   17.873  pT_max(phase space) =   8.937  ->  proposes q->qg     pT =    0.853  z = 0.0929
  ISR side A(+z) #81 g     x = 1.7108e-02                      ->  proposes g<-g      pT =    0.708  z = 0.6664  x' = 2.5673e-02
  no emission above the cut-off from 31 competitor(s): #83 g (acol 104) against #85 g; #85 g (col 104) against #83 g; #85 g (acol 102) against #91 g; #87 g (acol 108) against #86 g; #88 g (col 109) against #93 g; #89 b (col 113) against #90 g; #90 g (col 107) against #91 g; #91 g (col 102) against #85 g; ... and 23 more
  winner: FSR g->gg of #91 g (acol 107) against #90 g at pT = 0.861 GeV

---- branching 24: FSR g->gg  g -> g + g  at pT_evol = 0.861 GeV -------------------------------------
  radiator #91 g radiates on its acol line (tag 107) against recoiler #90 g
  evolution variable: pT_evol^2 = z(1-z)(m^2 - m_rad^2) with m_rad = 0.000 GeV
    -> virtuality of the branching parton m^2 = m_rad^2 + pT^2/(z(1-z)) = 0.000 + 0.741/(0.9433 x 0.0567) = 13.857 GeV^2,  m = 3.722 GeV
  z = 0.9433: daughter 1 (g) keeps the fraction z of the pair's energy in the dipole rest frame, daughter 2 (g) gets 1 - z = 0.0567
  alpha_s(pT^2) = 0.6564 (nf = 3, second order; first-order form 0.8593 was used for the overestimate)
  dipole rest frame (dipole mass m_dip = 21.161 GeV): the pair (daughters) gets E_P = 10.908, p_z = 10.253; daughter 1: E1 = z E_P = 10.290, p1z = 10.271, pT_actual = sqrt(E1^2 - m1^2 - p1z^2) = 0.618 GeV (compare pT_evol = 0.861), azimuth phi = 0.576
  the final-state recoiler keeps its mass 0.000 and its direction in the dipole frame, only its energy and |p| change so that the dipole mass is conserved
  before:
    radiator  #91  g      E=  207.234 px= -29.652 py= -21.304 pz= -203.992  | pT= 36.512 eta= -2.422 phi=-2.519
    recoiler  #90  g      E=   55.286 px= -17.433 py= -10.166 pz=  -51.471  | pT= 20.180 eta= -1.666 phi=-2.614
  after:
    #113 g     st  51  col 102/124 m= 0.000  E=  207.491 px= -30.290 py= -21.475 pz= -204.142  | pT= 37.131 eta= -2.406 phi=-2.525
    #114 g     st  51  col 124/107 m= 0.000  E=    1.454 px=   0.099 py=  -0.144 pz=   -1.443  | pT=  0.174 eta= -2.810 phi=-0.967
    #115 g     st  52  col 107/113 m= 0.000  E=   53.575 px= -16.893 py=  -9.851 pz=  -49.878  | pT= 19.556 eta= -1.666 phi=-2.614
  check: p_rad + p_rec (before) = p1 + p2 + p_rec' (after): max difference 7.96e-12 GeV
  check: m(daughter 1 + daughter 2) = 3.722 GeV = the virtuality m above; daughter masses 0.000, 0.000; dR(daughters) = 1.609
  state: 26 final-state partons, 45 dipole ends, incoming g x_A = 1.71076e-02, u x_B = 4.69376e-01, sqrt(s_hat) = 1218.693 GeV; |sum(final) - sum(incoming)|_max = 7.12e-10 GeV

==== step 25: evolve downwards from pT = 0.861 GeV ===================================================
  every dipole end and both incoming partons propose their next emission below this scale (Sudakov veto algorithm); the hardest proposal wins
  FSR #83 g (col 112) against #43 u [beam]       m_dip =   40.291  pT_max(phase space) =  20.145  ->  proposes g->gg     pT =    0.690  z = 0.6059
  FSR #85 g (col 104) against #83 g              m_dip =    8.041  pT_max(phase space) =   4.021  ->  proposes g->gg     pT =    0.629  z = 0.7561
  FSR #86 g (col 108) against #87 g              m_dip =   19.062  pT_max(phase space) =   9.531  ->  proposes g->gg     pT =    0.757  z = 0.6648
  FSR #92 g (col 115) against #101 g             m_dip =    5.560  pT_max(phase space) =   2.780  ->  proposes g->gg     pT =    0.662  z = 0.8511
  FSR #101 g (acol 115) against #92 g            m_dip =    5.560  pT_max(phase space) =   2.780  ->  proposes g->gg     pT =    0.657  z = 0.4848
  FSR #103 sbar (acol 110) against #102 g        m_dip =   11.865  pT_max(phase space) =   5.933  ->  proposes q->qg     pT =    0.823  z = 0.9219
  FSR #104 g (acol 121) against #105 g           m_dip =    6.804  pT_max(phase space) =   3.402  ->  proposes g->gg     pT =    0.683  z = 0.8096
  FSR #105 g (col 121) against #104 g            m_dip =    6.804  pT_max(phase space) =   3.402  ->  proposes g->gg     pT =    0.779  z = 0.5623
  FSR #106 u (col 103) against #105 g            m_dip =   17.873  pT_max(phase space) =   8.937  ->  proposes q->qg     pT =    0.711  z = 0.9446
  FSR #112 g (col 122) against #107 g            m_dip =    3.826  pT_max(phase space) =   1.913  ->  proposes g->gg     pT =    0.783  z = 0.5313
  FSR #114 g (col 124) against #113 g            m_dip =    3.722  pT_max(phase space) =   1.861  ->  proposes g->gg     pT =    0.657  z = 0.8125
  no emission above the cut-off from 36 competitor(s): #83 g (acol 104) against #85 g; #85 g (acol 102) against #113 g; #86 g (acol 105) against #81 g [beam]; #87 g (col 111) against #88 g; #87 g (acol 108) against #86 g; #88 g (col 109) against #93 g; #88 g (acol 111) against #87 g; #89 b (col 113) against #115 g; ... and 28 more
  winner: FSR q->qg of #103 sbar (acol 110) against #102 g at pT = 0.823 GeV

---- branching 25: FSR q->qg  sbar -> sbar + g  at pT_evol = 0.823 GeV -------------------------------
  radiator #103 sbar radiates on its acol line (tag 110) against recoiler #102 g
  evolution variable: pT_evol^2 = z(1-z)(m^2 - m_rad^2) with m_rad = 0.000 GeV
    -> virtuality of the branching parton m^2 = m_rad^2 + pT^2/(z(1-z)) = 0.000 + 0.677/(0.9219 x 0.0781) = 9.407 GeV^2,  m = 3.067 GeV
  z = 0.9219: daughter 1 (sbar) keeps the fraction z of the pair's energy in the dipole rest frame, daughter 2 (g) gets 1 - z = 0.0781
  alpha_s(pT^2) = 0.7087 (nf = 3, second order; first-order form 0.9094 was used for the overestimate)
  dipole rest frame (dipole mass m_dip = 11.865 GeV): the pair (daughters) gets E_P = 6.329, p_z = 5.536; daughter 1: E1 = z E_P = 5.835, p1z = 5.821, pT_actual = sqrt(E1^2 - m1^2 - p1z^2) = 0.404 GeV (compare pT_evol = 0.823), azimuth phi = 2.383
  the final-state recoiler keeps its mass 0.000 and its direction in the dipole frame, only its energy and |p| change so that the dipole mass is conserved
  before:
    radiator  #103 sbar   E=    6.025 px=  -2.769 py=   4.738 pz=   -2.487  | pT=  5.488 eta= -0.439 phi= 2.100
    recoiler  #102 g      E=    6.099 px=   4.670 py=  -3.136 pz=    2.357  | pT=  5.625 eta=  0.408 phi=-0.591
  after:
    #116 sbar  st  51  col   0/125 m= 0.000  E=    5.927 px=  -2.618 py=   4.515 pz=   -2.809  | pT=  5.219 eta= -0.515 phi= 2.096
    #117 g     st  51  col 125/110 m= 0.000  E=    0.506 px=   0.161 py=   0.013 pz=    0.479  | pT=  0.161 eta=  1.809 phi= 0.083
    #118 g     st  52  col 110/119 m= 0.000  E=    5.691 px=   4.358 py=  -2.926 pz=    2.199  | pT=  5.249 eta=  0.408 phi=-0.591
  check: p_rad + p_rec (before) = p1 + p2 + p_rec' (after): max difference 4.44e-16 GeV
  check: m(daughter 1 + daughter 2) = 3.067 GeV = the virtuality m above; daughter masses 0.000, 0.000; dR(daughters) = 3.075
  state: 27 final-state partons, 47 dipole ends, incoming g x_A = 1.71076e-02, u x_B = 4.69376e-01, sqrt(s_hat) = 1218.693 GeV; |sum(final) - sum(incoming)|_max = 7.12e-10 GeV

==== step 26: evolve downwards from pT = 0.823 GeV ===================================================
  every dipole end and both incoming partons propose their next emission below this scale (Sudakov veto algorithm); the hardest proposal wins
  FSR #86 g (acol 105) against #81 g [beam]      m_dip =   54.945  pT_max(phase space) =  27.473  ->  proposes g->gg     pT =    0.820  z = 0.1374
  FSR #88 g (acol 111) against #87 g             m_dip =   21.688  pT_max(phase space) =  10.844  ->  proposes g->gg     pT =    0.682  z = 0.9306
  FSR #92 g (col 115) against #101 g             m_dip =    5.560  pT_max(phase space) =   2.780  ->  proposes g->gg     pT =    0.746  z = 0.7377
  FSR #101 g (col 119) against #118 g            m_dip =    4.215  pT_max(phase space) =   2.108  ->  proposes g->qqbar  pT =    0.667  z = 0.5577
  FSR #104 g (acol 121) against #105 g           m_dip =    6.804  pT_max(phase space) =   3.402  ->  proposes g->gg     pT =    0.682  z = 0.4299
  FSR #105 g (col 121) against #104 g            m_dip =    6.804  pT_max(phase space) =   3.402  ->  proposes g->gg     pT =    0.668  z = 0.9003
  FSR #105 g (acol 103) against #106 u           m_dip =   17.873  pT_max(phase space) =   8.937  ->  proposes g->gg     pT =    0.782  z = 0.4402
  FSR #106 u (col 103) against #105 g            m_dip =   17.873  pT_max(phase space) =   8.937  ->  proposes q->qg     pT =    0.738  z = 0.8393
  FSR #113 g (col 102) against #85 g             m_dip =    4.794  pT_max(phase space) =   2.397  ->  proposes g->gg     pT =    0.692  z = 0.8169
  FSR #114 g (col 124) against #113 g            m_dip =    3.722  pT_max(phase space) =   1.861  ->  proposes g->gg     pT =    0.666  z = 0.5815
  FSR #118 g (acol 119) against #101 g           m_dip =    4.215  pT_max(phase space) =   2.108  ->  proposes g->gg     pT =    0.692  z = 0.6556
  no emission above the cut-off from 38 competitor(s): #83 g (col 112) against #43 u [beam]; #83 g (acol 104) against #85 g; #85 g (col 104) against #83 g; #85 g (acol 102) against #113 g; #86 g (col 108) against #87 g; #87 g (col 111) against #88 g; #87 g (acol 108) against #86 g; #88 g (col 109) against #93 g; ... and 30 more
  winner: FSR g->gg of #86 g (acol 105) against #81 g [beam] at pT = 0.820 GeV

---- branching 26: FSR g->gg  g -> g + g  at pT_evol = 0.820 GeV -------------------------------------
  radiator #86 g radiates on its acol line (tag 105) against recoiler #81 g (incoming parton: beam recoil)
  evolution variable: pT_evol^2 = z(1-z)(m^2 - m_rad^2) with m_rad = 0.000 GeV
    -> virtuality of the branching parton m^2 = m_rad^2 + pT^2/(z(1-z)) = 0.000 + 0.673/(0.1374 x 0.8626) = 5.677 GeV^2,  m = 2.383 GeV
  z = 0.1374: daughter 1 (g) keeps the fraction z of the pair's energy in the dipole rest frame, daughter 2 (g) gets 1 - z = 0.8626
  alpha_s(pT^2) = 0.7129 (nf = 3, second order; first-order form 0.9133 was used for the overestimate)
  dipole rest frame (dipole mass m_dip = 54.945 GeV): the pair (daughters) gets E_P = 27.524, p_z = 27.421; daughter 1: E1 = z E_P = 3.783, p1z = 3.694, pT_actual = sqrt(E1^2 - m1^2 - p1z^2) = 0.817 GeV (compare pT_evol = 0.820), azimuth phi = 3.297
  the incoming recoiler is scaled by (1 + delta) with delta = (m^2 - m_rad^2)/(2 p_rad.p_rec) = 0.00188: its x moves 1.71076e-02 -> 1.71398e-02
  before:
    radiator  #86  g      E=   26.900 px=   5.125 py=  22.438 pz=   13.924  | pT= 23.016 eta=  0.573 phi= 1.346
    recoiler  #81  g      E=  116.332 px=   0.000 py=   0.000 pz=  116.332  | pT=  0.000 eta=    inf phi= 0.000
  after:
    #119 g     st  51  col 108/126 m= 0.000  E=    4.387 px=   0.025 py=   3.518 pz=    2.621  | pT=  3.518 eta=  0.689 phi= 1.564
    #120 g     st  51  col 126/105 m= 0.000  E=   22.731 px=   5.099 py=  18.920 pz=   11.521  | pT= 19.595 eta=  0.558 phi= 1.308
    #121 g     st -53  col 120/105 m= 0.000  E=  116.550 px=   0.000 py=   0.000 pz=  116.550  | pT=  0.000 eta= 37.485 phi= 0.811
  check: what the daughters gain, p1 + p2 - p_rad, is what the beam parton now brings in, p_rec' - p_rec = delta p_rec: max difference 1.10e-13 GeV (E gained 0.219 GeV)
  check: m(daughter 1 + daughter 2) = 2.383 GeV = the virtuality m above; daughter masses 0.000, 0.000; dR(daughters) = 0.288
  state: 28 final-state partons, 49 dipole ends, incoming g x_A = 1.71398e-02, u x_B = 4.69376e-01, sqrt(s_hat) = 1219.838 GeV; |sum(final) - sum(incoming)|_max = 7.12e-10 GeV

==== step 27: evolve downwards from pT = 0.820 GeV ===================================================
  every dipole end and both incoming partons propose their next emission below this scale (Sudakov veto algorithm); the hardest proposal wins
  FSR #85 g (col 104) against #83 g              m_dip =    8.041  pT_max(phase space) =   4.021  ->  proposes g->gg     pT =    0.663  z = 0.6808
  FSR #85 g (acol 102) against #113 g            m_dip =    4.794  pT_max(phase space) =   2.397  ->  proposes g->gg     pT =    0.712  z = 0.7894
  FSR #87 g (col 111) against #88 g              m_dip =   21.688  pT_max(phase space) =  10.844  ->  proposes g->gg     pT =    0.686  z = 0.3197
  FSR #96 g (acol 106) against #97 b             m_dip =   17.822  pT_max(phase space) =   6.511  ->  proposes g->gg     pT =    0.752  z = 0.7129
  FSR #101 g (acol 115) against #92 g            m_dip =    5.560  pT_max(phase space) =   2.780  ->  proposes g->gg     pT =    0.747  z = 0.8633
  FSR #104 g (acol 121) against #105 g           m_dip =    6.804  pT_max(phase space) =   3.402  ->  proposes g->gg     pT =    0.755  z = 0.4550
  FSR #105 g (col 121) against #104 g            m_dip =    6.804  pT_max(phase space) =   3.402  ->  proposes g->qqbar  pT =    0.757  z = 0.6174
  FSR #105 g (acol 103) against #106 u           m_dip =   17.873  pT_max(phase space) =   8.937  ->  proposes g->gg     pT =    0.755  z = 0.8445
  FSR #106 u (col 103) against #105 g            m_dip =   17.873  pT_max(phase space) =   8.937  ->  proposes q->qg     pT =    0.619  z = 0.8085
  FSR #107 g (acol 122) against #112 g           m_dip =    3.826  pT_max(phase space) =   1.913  ->  proposes g->gg     pT =    0.696  z = 0.2936
  FSR #112 g (col 122) against #107 g            m_dip =    3.826  pT_max(phase space) =   1.913  ->  proposes g->qqbar  pT =    0.678  z = 0.7757
  FSR #113 g (col 102) against #85 g             m_dip =    4.794  pT_max(phase space) =   2.397  ->  proposes g->gg     pT =    0.683  z = 0.1643
  FSR #115 g (col 107) against #114 g            m_dip =    3.509  pT_max(phase space) =   1.754  ->  proposes g->gg     pT =    0.778  z = 0.3726
  FSR #115 g (acol 113) against #89 b            m_dip =   13.518  pT_max(phase space) =   4.359  ->  proposes g->gg     pT =    0.803  z = 0.8794
  FSR #116 sbar (acol 125) against #117 g        m_dip =    3.067  pT_max(phase space) =   1.534  ->  proposes q->qg     pT =    0.803  z = 0.6263
  FSR #118 g (acol 119) against #101 g           m_dip =    4.215  pT_max(phase space) =   2.108  ->  proposes g->gg     pT =    0.661  z = 0.6248
  FSR #120 g (acol 105) against #121 g [beam]    m_dip =   51.118  pT_max(phase space) =  25.559  ->  proposes g->qqbar  pT =    0.728  z = 0.7807
  ISR side A(+z) #121 g     x = 1.7140e-02                      ->  proposes g<-g      pT =    0.534  z = 0.9996  x' = 1.7147e-02
  no emission above the cut-off from 33 competitor(s): #83 g (col 112) against #43 u [beam]; #83 g (acol 104) against #85 g; #87 g (acol 108) against #119 g; #88 g (col 109) against #93 g; #88 g (acol 111) against #87 g; #89 b (col 113) against #115 g; #92 g (col 115) against #101 g; #92 g (acol 114) against #93 g; ... and 25 more
  winner: FSR g->gg of #115 g (acol 113) against #89 b at pT = 0.803 GeV

---- branching 27: FSR g->gg  g -> g + g  at pT_evol = 0.803 GeV -------------------------------------
  radiator #115 g radiates on its acol line (tag 113) against recoiler #89 b
  evolution variable: pT_evol^2 = z(1-z)(m^2 - m_rad^2) with m_rad = 0.000 GeV
    -> virtuality of the branching parton m^2 = m_rad^2 + pT^2/(z(1-z)) = 0.000 + 0.644/(0.8794 x 0.1206) = 6.076 GeV^2,  m = 2.465 GeV
  z = 0.8794: daughter 1 (g) keeps the fraction z of the pair's energy in the dipole rest frame, daughter 2 (g) gets 1 - z = 0.1206
  alpha_s(pT^2) = 0.7423 (nf = 3, second order; first-order form 0.9401 was used for the overestimate)
  dipole rest frame (dipole mass m_dip = 13.518 GeV): the pair (daughters) gets E_P = 6.131, p_z = 5.614; daughter 1: E1 = z E_P = 5.392, p1z = 5.348, pT_actual = sqrt(E1^2 - m1^2 - p1z^2) = 0.690 GeV (compare pT_evol = 0.803), azimuth phi = 5.289
  the final-state recoiler keeps its mass 4.800 and its direction in the dipole frame, only its energy and |p| change so that the dipole mass is conserved
  before:
    radiator  #115 g      E=   53.575 px= -16.893 py=  -9.851 pz=  -49.878  | pT= 19.556 eta= -1.666 phi=-2.614
    recoiler  #89  b      E=  171.018 px= -74.180 py= -32.539 pz= -150.541  | pT= 81.002 eta= -1.378 phi=-2.728
  after:
    #122 g     st  51  col 107/127 m= 0.000  E=   55.040 px= -17.724 py= -10.705 pz=  -50.997  | pT= 20.706 eta= -1.633 phi=-2.598
    #123 g     st  51  col 127/113 m= 0.000  E=    4.477 px=  -1.818 py=  -0.281 pz=   -4.082  | pT=  1.840 eta= -1.537 phi=-2.988
    #124 b     st  52  col 113/0   m= 4.800  E=  165.076 px= -71.531 py= -31.404 pz= -145.341  | pT= 78.121 eta= -1.379 phi=-2.728
  check: p_rad + p_rec (before) = p1 + p2 + p_rec' (after): max difference 6.71e-12 GeV
  check: m(daughter 1 + daughter 2) = 2.465 GeV = the virtuality m above; daughter masses 0.000, 0.000; dR(daughters) = 0.402
  state: 29 final-state partons, 51 dipole ends, incoming g x_A = 1.71398e-02, u x_B = 4.69376e-01, sqrt(s_hat) = 1219.838 GeV; |sum(final) - sum(incoming)|_max = 7.18e-10 GeV

==== step 28: evolve downwards from pT = 0.803 GeV ===================================================
  every dipole end and both incoming partons propose their next emission below this scale (Sudakov veto algorithm); the hardest proposal wins
  FSR #85 g (acol 102) against #113 g            m_dip =    4.794  pT_max(phase space) =   2.397  ->  proposes g->gg     pT =    0.757  z = 0.3666
  FSR #87 g (col 111) against #88 g              m_dip =   21.688  pT_max(phase space) =  10.844  ->  proposes g->gg     pT =    0.765  z = 0.3477
  FSR #96 g (acol 106) against #97 b             m_dip =   17.822  pT_max(phase space) =   6.511  ->  proposes g->gg     pT =    0.767  z = 0.4514
  FSR #97 b (col 106) against #96 g              m_dip =   17.822  pT_max(phase space) =   8.582  ->  proposes q->qg     pT =    0.614  z = 0.9575
  FSR #104 g (acol 121) against #105 g           m_dip =    6.804  pT_max(phase space) =   3.402  ->  proposes g->gg     pT =    0.697  z = 0.4874
  FSR #105 g (acol 103) against #106 u           m_dip =   17.873  pT_max(phase space) =   8.937  ->  proposes g->gg     pT =    0.635  z = 0.2486
  FSR #106 u (col 103) against #105 g            m_dip =   17.873  pT_max(phase space) =   8.937  ->  proposes q->qg     pT =    0.642  z = 0.5138
  FSR #107 g (col 118) against #98 g             m_dip =    3.553  pT_max(phase space) =   1.776  ->  proposes g->gg     pT =    0.705  z = 0.3182
  FSR #116 sbar (acol 125) against #117 g        m_dip =    3.067  pT_max(phase space) =   1.534  ->  proposes q->qg     pT =    0.690  z = 0.2556
  FSR #117 g (col 125) against #116 sbar         m_dip =    3.067  pT_max(phase space) =   1.534  ->  proposes g->gg     pT =    0.626  z = 0.5394
  FSR #119 g (acol 126) against #120 g           m_dip =    2.383  pT_max(phase space) =   1.191  ->  proposes g->gg     pT =    0.704  z = 0.3104
  no emission above the cut-off from 42 competitor(s): #83 g (col 112) against #43 u [beam]; #83 g (acol 104) against #85 g; #85 g (col 104) against #83 g; #87 g (acol 108) against #119 g; #88 g (col 109) against #93 g; #88 g (acol 111) against #87 g; #92 g (col 115) against #101 g; #92 g (acol 114) against #93 g; ... and 34 more
  winner: FSR g->gg of #96 g (acol 106) against #97 b at pT = 0.767 GeV

---- branching 28: FSR g->gg  g -> g + g  at pT_evol = 0.767 GeV -------------------------------------
  radiator #96 g radiates on its acol line (tag 106) against recoiler #97 b
  evolution variable: pT_evol^2 = z(1-z)(m^2 - m_rad^2) with m_rad = 0.000 GeV
    -> virtuality of the branching parton m^2 = m_rad^2 + pT^2/(z(1-z)) = 0.000 + 0.589/(0.4514 x 0.5486) = 2.377 GeV^2,  m = 1.542 GeV
  z = 0.4514: daughter 1 (g) keeps the fraction z of the pair's energy in the dipole rest frame, daughter 2 (g) gets 1 - z = 0.5486
  alpha_s(pT^2) = 0.8122 (nf = 3, second order; first-order form 1.0009 was used for the overestimate)
  dipole rest frame (dipole mass m_dip = 17.822 GeV): the pair (daughters) gets E_P = 8.331, p_z = 8.187; daughter 1: E1 = z E_P = 3.761, p1z = 3.682, pT_actual = sqrt(E1^2 - m1^2 - p1z^2) = 0.767 GeV (compare pT_evol = 0.767), azimuth phi = 0.685
  the final-state recoiler keeps its mass 4.800 and its direction in the dipole frame, only its energy and |p| change so that the dipole mass is conserved
  before:
    radiator  #96  g      E=  318.169 px=  15.520 py=  11.539 pz= -317.580  | pT= 19.340 eta= -3.493 phi= 0.639
    recoiler  #97  b      E=  361.577 px=   5.818 py=  26.224 pz= -360.546  | pT= 26.861 eta= -3.291 phi= 1.352
  after:
    #125 g     st  51  col 117/128 m= 0.000  E=  147.980 px=   7.676 py=   5.996 pz= -147.659  | pT=  9.740 eta= -3.413 phi= 0.663
    #126 g     st  51  col 128/106 m= 0.000  E=  172.705 px=   7.872 py=   5.739 pz= -172.430  | pT=  9.742 eta= -3.567 phi= 0.630
    #127 b     st  52  col 106/0   m= 4.800  E=  359.061 px=   5.791 py=  26.027 pz= -358.037  | pT= 26.663 eta= -3.292 phi= 1.352
  check: p_rad + p_rec (before) = p1 + p2 + p_rec' (after): max difference 5.05e-11 GeV
  check: m(daughter 1 + daughter 2) = 1.542 GeV = the virtuality m above; daughter masses 0.000, 0.000; dR(daughters) = 0.158
  state: 30 final-state partons, 53 dipole ends, incoming g x_A = 1.71398e-02, u x_B = 4.69376e-01, sqrt(s_hat) = 1219.838 GeV; |sum(final) - sum(incoming)|_max = 7.69e-10 GeV

==== step 29: evolve downwards from pT = 0.767 GeV ===================================================
  every dipole end and both incoming partons propose their next emission below this scale (Sudakov veto algorithm); the hardest proposal wins
  FSR #83 g (acol 104) against #85 g             m_dip =    8.041  pT_max(phase space) =   4.021  ->  proposes g->gg     pT =    0.658  z = 0.5728
  FSR #85 g (col 104) against #83 g              m_dip =    8.041  pT_max(phase space) =   4.021  ->  proposes g->gg     pT =    0.624  z = 0.2041
  FSR #88 g (acol 111) against #87 g             m_dip =   21.688  pT_max(phase space) =  10.844  ->  proposes g->gg     pT =    0.638  z = 0.6358
  FSR #101 g (col 119) against #118 g            m_dip =    4.215  pT_max(phase space) =   2.108  ->  proposes g->gg     pT =    0.742  z = 0.7866
  FSR #105 g (acol 103) against #106 u           m_dip =   17.873  pT_max(phase space) =   8.937  ->  proposes g->qqbar  pT =    0.764  z = 0.9453
  FSR #106 u (col 103) against #105 g            m_dip =   17.873  pT_max(phase space) =   8.937  ->  proposes q->qg     pT =    0.750  z = 0.7535
  FSR #113 g (col 102) against #85 g             m_dip =    4.794  pT_max(phase space) =   2.397  ->  proposes g->gg     pT =    0.711  z = 0.4739
  FSR #114 g (col 124) against #113 g            m_dip =    3.722  pT_max(phase space) =   1.861  ->  proposes g->gg     pT =    0.618  z = 0.3829
  FSR #114 g (acol 107) against #122 g           m_dip =    3.642  pT_max(phase space) =   1.821  ->  proposes g->gg     pT =    0.627  z = 0.7707
  FSR #116 sbar (acol 125) against #117 g        m_dip =    3.067  pT_max(phase space) =   1.534  ->  proposes q->qg     pT =    0.615  z = 0.2163
  FSR #117 g (col 125) against #116 sbar         m_dip =    3.067  pT_max(phase space) =   1.534  ->  proposes g->gg     pT =    0.738  z = 0.7372
  FSR #118 g (acol 119) against #101 g           m_dip =    4.215  pT_max(phase space) =   2.108  ->  proposes g->gg     pT =    0.624  z = 0.6887
  FSR #119 g (acol 126) against #120 g           m_dip =    2.383  pT_max(phase space) =   1.191  ->  proposes g->gg     pT =    0.676  z = 0.3539
  FSR #120 g (acol 105) against #121 g [beam]    m_dip =   51.118  pT_max(phase space) =  25.559  ->  proposes g->gg     pT =    0.615  z = 0.9852
  FSR #122 g (col 107) against #114 g            m_dip =    3.642  pT_max(phase space) =   1.821  ->  proposes g->gg     pT =    0.668  z = 0.5220
  no emission above the cut-off from 40 competitor(s): #83 g (col 112) against #43 u [beam]; #85 g (acol 102) against #113 g; #87 g (col 111) against #88 g; #87 g (acol 108) against #119 g; #88 g (col 109) against #93 g; #92 g (col 115) against #101 g; #92 g (acol 114) against #93 g; #93 g (col 114) against #92 g; ... and 32 more
  winner: FSR g->qqbar of #105 g (acol 103) against #106 u at pT = 0.764 GeV

---- branching 29: FSR g->qqbar  g -> dbar + d  at pT_evol = 0.764 GeV -------------------------------
  radiator #105 g radiates on its acol line (tag 103) against recoiler #106 u
  evolution variable: pT_evol^2 = z(1-z)(m^2 - m_rad^2) with m_rad = 0.000 GeV
    -> virtuality of the branching parton m^2 = m_rad^2 + pT^2/(z(1-z)) = 0.000 + 0.583/(0.9453 x 0.0547) = 11.273 GeV^2,  m = 3.357 GeV
  z = 0.9453: daughter 1 (dbar) keeps the fraction z of the pair's energy in the dipole rest frame, daughter 2 (d) gets 1 - z = 0.0547
  alpha_s(pT^2) = 0.8203 (nf = 3, second order; first-order form 1.0077 was used for the overestimate)
  dipole rest frame (dipole mass m_dip = 17.873 GeV): the pair (daughters) gets E_P = 9.252, p_z = 8.621; daughter 1: E1 = z E_P = 8.746, p1z = 8.732, pT_actual = sqrt(E1^2 - m1^2 - p1z^2) = 0.494 GeV (compare pT_evol = 0.764), azimuth phi = 2.119
  the final-state recoiler keeps its mass 0.000 and its direction in the dipole frame, only its energy and |p| change so that the dipole mass is conserved
  before:
    radiator  #105 g      E=    1.030 px=   0.949 py=  -0.387 pz=    0.100  | pT=  1.025 eta=  0.097 phi=-0.388
    recoiler  #106 u      E=  164.800 px=  10.997 py= -39.980 pz= -159.498  | pT= 41.464 eta= -2.057 phi=-1.302
  after:
    #128 dbar  st  51  col   0/103 m= 0.000  E=    0.710 px=   0.650 py=   0.098 pz=    0.266  | pT=  0.658 eta=  0.395 phi= 0.149
    #129 d     st  51  col 121/0   m= 0.000  E=    6.136 px=   0.687 py=  -1.896 pz=   -5.795  | pT=  2.016 eta= -1.778 phi=-1.223
    #130 u     st  52  col 103/0   m= 0.000  E=  158.984 px=  10.609 py= -38.569 pz= -153.870  | pT= 40.001 eta= -2.057 phi=-1.302
  check: p_rad + p_rec (before) = p1 + p2 + p_rec' (after): max difference 9.95e-13 GeV
  check: m(daughter 1 + daughter 2) = 3.357 GeV = the virtuality m above; daughter masses 0.000, 0.000; dR(daughters) = 2.570
  state: 31 final-state partons, 53 dipole ends, incoming g x_A = 1.71398e-02, u x_B = 4.69376e-01, sqrt(s_hat) = 1219.838 GeV; |sum(final) - sum(incoming)|_max = 7.69e-10 GeV

==== step 30: evolve downwards from pT = 0.764 GeV ===================================================
  every dipole end and both incoming partons propose their next emission below this scale (Sudakov veto algorithm); the hardest proposal wins
  FSR #88 g (col 109) against #93 g              m_dip =    2.194  pT_max(phase space) =   1.097  ->  proposes g->gg     pT =    0.745  z = 0.5032
  FSR #88 g (acol 111) against #87 g             m_dip =   21.688  pT_max(phase space) =  10.844  ->  proposes g->gg     pT =    0.684  z = 0.9024
  FSR #104 g (acol 121) against #129 d           m_dip =   23.850  pT_max(phase space) =  11.925  ->  proposes g->gg     pT =    0.615  z = 0.8851
  FSR #107 g (acol 122) against #112 g           m_dip =    3.826  pT_max(phase space) =   1.913  ->  proposes g->gg     pT =    0.649  z = 0.4141
  FSR #119 g (col 108) against #87 g             m_dip =    6.884  pT_max(phase space) =   3.442  ->  proposes g->gg     pT =    0.618  z = 0.8987
  FSR #120 g (col 126) against #119 g            m_dip =    2.383  pT_max(phase space) =   1.191  ->  proposes g->gg     pT =    0.709  z = 0.6942
  FSR #126 g (acol 106) against #127 b           m_dip =   13.549  pT_max(phase space) =   4.374  ->  proposes g->gg     pT =    0.759  z = 0.9293
  FSR #129 d (col 121) against #104 g            m_dip =   23.850  pT_max(phase space) =  11.925  ->  proposes q->qg     pT =    0.758  z = 0.8057
  FSR #130 u (col 103) against #128 dbar         m_dip =   17.359  pT_max(phase space) =   8.680  ->  proposes q->qg     pT =    0.721  z = 0.8040
  ISR side A(+z) #121 g     x = 1.7140e-02                      ->  proposes g<-g      pT =    0.706  z = 0.9823  x' = 1.7449e-02
  no emission above the cut-off from 45 competitor(s): #83 g (col 112) against #43 u [beam]; #83 g (acol 104) against #85 g; #85 g (col 104) against #83 g; #85 g (acol 102) against #113 g; #87 g (col 111) against #88 g; #87 g (acol 108) against #119 g; #92 g (col 115) against #101 g; #92 g (acol 114) against #93 g; ... and 37 more
  winner: FSR g->gg of #126 g (acol 106) against #127 b at pT = 0.759 GeV

---- branching 30: FSR g->gg  g -> g + g  at pT_evol = 0.759 GeV -------------------------------------
  radiator #126 g radiates on its acol line (tag 106) against recoiler #127 b
  evolution variable: pT_evol^2 = z(1-z)(m^2 - m_rad^2) with m_rad = 0.000 GeV
    -> virtuality of the branching parton m^2 = m_rad^2 + pT^2/(z(1-z)) = 0.000 + 0.576/(0.9293 x 0.0707) = 8.765 GeV^2,  m = 2.961 GeV
  z = 0.9293: daughter 1 (g) keeps the fraction z of the pair's energy in the dipole rest frame, daughter 2 (g) gets 1 - z = 0.0707
  alpha_s(pT^2) = 0.8318 (nf = 3, second order; first-order form 1.0173 was used for the overestimate)
  dipole rest frame (dipole mass m_dip = 13.549 GeV): the pair (daughters) gets E_P = 6.248, p_z = 5.502; daughter 1: E1 = z E_P = 5.806, p1z = 5.797, pT_actual = sqrt(E1^2 - m1^2 - p1z^2) = 0.328 GeV (compare pT_evol = 0.759), azimuth phi = 1.532
  the final-state recoiler keeps its mass 4.800 and its direction in the dipole frame, only its energy and |p| change so that the dipole mass is conserved
  before:
    radiator  #126 g      E=  172.705 px=   7.872 py=   5.739 pz= -172.430  | pT=  9.742 eta= -3.567 phi= 0.630
    recoiler  #127 b      E=  359.061 px=   5.791 py=  26.027 pz= -358.037  | pT= 26.663 eta= -3.292 phi= 1.352
  after:
    #131 g     st  51  col 128/129 m= 0.000  E=  160.050 px=   7.609 py=   5.262 pz= -159.783  | pT=  9.252 eta= -3.543 phi= 0.605
    #132 g     st  51  col 129/106 m= 0.000  E=   29.616 px=   0.454 py=   1.817 pz=  -29.557  | pT=  1.873 eta= -3.453 phi= 1.326
    #133 b     st  52  col 106/0   m= 4.800  E=  342.099 px=   5.600 py=  24.687 pz= -341.128  | pT= 25.314 eta= -3.295 phi= 1.348
  check: p_rad + p_rec (before) = p1 + p2 + p_rec' (after): max difference 1.50e-11 GeV
  check: m(daughter 1 + daughter 2) = 2.961 GeV = the virtuality m above; daughter masses 0.000, 0.000; dR(daughters) = 0.727
  state: 32 final-state partons, 55 dipole ends, incoming g x_A = 1.71398e-02, u x_B = 4.69376e-01, sqrt(s_hat) = 1219.838 GeV; |sum(final) - sum(incoming)|_max = 7.84e-10 GeV

==== step 31: evolve downwards from pT = 0.759 GeV ===================================================
  every dipole end and both incoming partons propose their next emission below this scale (Sudakov veto algorithm); the hardest proposal wins
  FSR #85 g (acol 102) against #113 g            m_dip =    4.794  pT_max(phase space) =   2.397  ->  proposes g->gg     pT =    0.757  z = 0.2186
  FSR #87 g (col 111) against #88 g              m_dip =   21.688  pT_max(phase space) =  10.844  ->  proposes g->gg     pT =    0.711  z = 0.8310
  FSR #104 g (acol 121) against #129 d           m_dip =   23.850  pT_max(phase space) =  11.925  ->  proposes g->gg     pT =    0.664  z = 0.9047
  FSR #107 g (col 118) against #98 g             m_dip =    3.553  pT_max(phase space) =   1.776  ->  proposes g->gg     pT =    0.673  z = 0.7569
  FSR #114 g (col 124) against #113 g            m_dip =    3.722  pT_max(phase space) =   1.861  ->  proposes g->gg     pT =    0.639  z = 0.8050
  FSR #119 g (col 108) against #87 g             m_dip =    6.884  pT_max(phase space) =   3.442  ->  proposes g->qqbar  pT =    0.620  z = 0.1937
  FSR #129 d (col 121) against #104 g            m_dip =   23.850  pT_max(phase space) =  11.925  ->  proposes q->qg     pT =    0.687  z = 0.5020
  ISR side A(+z) #121 g     x = 1.7140e-02                      ->  proposes g<-g      pT =    0.682  z = 0.6956  x' = 2.4641e-02
  no emission above the cut-off from 49 competitor(s): #83 g (col 112) against #43 u [beam]; #83 g (acol 104) against #85 g; #85 g (col 104) against #83 g; #87 g (acol 108) against #119 g; #88 g (col 109) against #93 g; #88 g (acol 111) against #87 g; #92 g (col 115) against #101 g; #92 g (acol 114) against #93 g; ... and 41 more
  winner: FSR g->gg of #85 g (acol 102) against #113 g at pT = 0.757 GeV

---- branching 31: FSR g->gg  g -> g + g  at pT_evol = 0.757 GeV -------------------------------------
  radiator #85 g radiates on its acol line (tag 102) against recoiler #113 g
  evolution variable: pT_evol^2 = z(1-z)(m^2 - m_rad^2) with m_rad = 0.000 GeV
    -> virtuality of the branching parton m^2 = m_rad^2 + pT^2/(z(1-z)) = 0.000 + 0.573/(0.2186 x 0.7814) = 3.355 GeV^2,  m = 1.832 GeV
  z = 0.2186: daughter 1 (g) keeps the fraction z of the pair's energy in the dipole rest frame, daughter 2 (g) gets 1 - z = 0.7814
  alpha_s(pT^2) = 0.8359 (nf = 3, second order; first-order form 1.0206 was used for the overestimate)
  dipole rest frame (dipole mass m_dip = 4.794 GeV): the pair (daughters) gets E_P = 2.747, p_z = 2.047; daughter 1: E1 = z E_P = 0.600, p1z = -0.014, pT_actual = sqrt(E1^2 - m1^2 - p1z^2) = 0.600 GeV (compare pT_evol = 0.757), azimuth phi = 6.009
  the final-state recoiler keeps its mass 0.000 and its direction in the dipole frame, only its energy and |p| change so that the dipole mass is conserved
  before:
    radiator  #85  g      E=   89.117 px= -10.218 py=  -7.872 pz=  -88.179  | pT= 12.899 eta= -2.621 phi=-2.485
    recoiler  #113 g      E=  207.491 px= -30.290 py= -21.475 pz= -204.142  | pT= 37.131 eta= -2.406 phi=-2.525
  after:
    #134 g     st  51  col 104/130 m= 0.000  E=   63.385 px=  -8.336 py=  -6.549 pz=  -62.492  | pT= 10.601 eta= -2.474 phi=-2.476
    #135 g     st  51  col 130/102 m= 0.000  E=   56.027 px=  -6.305 py=  -4.458 pz=  -55.492  | pT=  7.722 eta= -2.670 phi=-2.526
    #136 g     st  52  col 102/124 m= 0.000  E=  177.196 px= -25.868 py= -18.340 pz= -174.336  | pT= 31.709 eta= -2.406 phi=-2.525
  check: p_rad + p_rec (before) = p1 + p2 + p_rec' (after): max difference 4.08e-11 GeV
  check: m(daughter 1 + daughter 2) = 1.832 GeV = the virtuality m above; daughter masses 0.000, 0.000; dR(daughters) = 0.202
  state: 33 final-state partons, 57 dipole ends, incoming g x_A = 1.71398e-02, u x_B = 4.69376e-01, sqrt(s_hat) = 1219.838 GeV; |sum(final) - sum(incoming)|_max = 7.44e-10 GeV

==== step 32: evolve downwards from pT = 0.757 GeV ===================================================
  every dipole end and both incoming partons propose their next emission below this scale (Sudakov veto algorithm); the hardest proposal wins
  FSR #83 g (acol 104) against #134 g            m_dip =    8.043  pT_max(phase space) =   4.021  ->  proposes g->gg     pT =    0.658  z = 0.9021
  FSR #98 g (col 116) against #94 bbar           m_dip =    6.915  pT_max(phase space) =   1.058  ->  proposes g->gg     pT =    0.671  z = 0.7364
  FSR #98 g (acol 118) against #107 g            m_dip =    3.553  pT_max(phase space) =   1.776  ->  proposes g->gg     pT =    0.747  z = 0.3121
  FSR #101 g (acol 115) against #92 g            m_dip =    5.560  pT_max(phase space) =   2.780  ->  proposes g->gg     pT =    0.646  z = 0.8682
  FSR #111 g (acol 123) against #110 s           m_dip =    1.751  pT_max(phase space) =   0.876  ->  proposes g->gg     pT =    0.713  z = 0.4827
  FSR #114 g (acol 107) against #122 g           m_dip =    3.642  pT_max(phase space) =   1.821  ->  proposes g->gg     pT =    0.693  z = 0.7989
  FSR #118 g (acol 119) against #101 g           m_dip =    4.215  pT_max(phase space) =   2.108  ->  proposes g->gg     pT =    0.696  z = 0.5993
  FSR #128 dbar (acol 103) against #130 u        m_dip =   17.359  pT_max(phase space) =   8.680  ->  proposes q->qg     pT =    0.696  z = 0.7420
  ISR side A(+z) #121 g     x = 1.7140e-02                      ->  proposes g<-g      pT =    0.484  z = 0.5316  x' = 3.2243e-02
  no emission above the cut-off from 50 competitor(s): #83 g (col 112) against #43 u [beam]; #87 g (col 111) against #88 g; #87 g (acol 108) against #119 g; #88 g (col 109) against #93 g; #88 g (acol 111) against #87 g; #92 g (col 115) against #101 g; #92 g (acol 114) against #93 g; #93 g (col 114) against #92 g; ... and 42 more
  winner: FSR g->gg of #98 g (acol 118) against #107 g at pT = 0.747 GeV

---- branching 32: FSR g->gg  g -> g + g  at pT_evol = 0.747 GeV -------------------------------------
  radiator #98 g radiates on its acol line (tag 118) against recoiler #107 g
  evolution variable: pT_evol^2 = z(1-z)(m^2 - m_rad^2) with m_rad = 0.000 GeV
    -> virtuality of the branching parton m^2 = m_rad^2 + pT^2/(z(1-z)) = 0.000 + 0.558/(0.3121 x 0.6879) = 2.600 GeV^2,  m = 1.612 GeV
  z = 0.3121: daughter 1 (g) keeps the fraction z of the pair's energy in the dipole rest frame, daughter 2 (g) gets 1 - z = 0.6879
  alpha_s(pT^2) = 0.8605 (nf = 3, second order; first-order form 1.0406 was used for the overestimate)
  dipole rest frame (dipole mass m_dip = 3.553 GeV): the pair (daughters) gets E_P = 2.142, p_z = 1.410; daughter 1: E1 = z E_P = 0.669, p1z = 0.094, pT_actual = sqrt(E1^2 - m1^2 - p1z^2) = 0.662 GeV (compare pT_evol = 0.747), azimuth phi = 4.869
  the final-state recoiler keeps its mass 0.000 and its direction in the dipole frame, only its energy and |p| change so that the dipole mass is conserved
  before:
    radiator  #98  g      E=   44.670 px=   1.112 py=   1.890 pz=  -44.616  | pT=  2.193 eta= -3.707 phi= 1.039
    recoiler  #107 g      E=   25.426 px=  -1.806 py=  -0.036 pz=  -25.362  | pT=  1.806 eta= -3.336 phi=-3.122
  after:
    #137 g     st  51  col 116/131 m= 0.000  E=    9.899 px=   0.296 py=  -0.252 pz=   -9.891  | pT=  0.388 eta= -3.931 phi=-0.706
    #138 g     st  51  col 131/118 m= 0.000  E=   40.009 px=   0.444 py=   2.135 pz=  -39.949  | pT=  2.180 eta= -3.602 phi= 1.366
    #139 g     st  52  col 118/122 m= 0.000  E=   20.188 px=  -1.434 py=  -0.028 pz=  -20.137  | pT=  1.434 eta= -3.336 phi=-3.122
  check: p_rad + p_rec (before) = p1 + p2 + p_rec' (after): max difference 4.26e-13 GeV
  check: m(daughter 1 + daughter 2) = 1.612 GeV = the virtuality m above; daughter masses 0.000, 0.000; dR(daughters) = 2.097
  state: 34 final-state partons, 59 dipole ends, incoming g x_A = 1.71398e-02, u x_B = 4.69376e-01, sqrt(s_hat) = 1219.838 GeV; |sum(final) - sum(incoming)|_max = 7.44e-10 GeV

==== step 33: evolve downwards from pT = 0.747 GeV ===================================================
  every dipole end and both incoming partons propose their next emission below this scale (Sudakov veto algorithm); the hardest proposal wins
  FSR #83 g (acol 104) against #134 g            m_dip =    8.043  pT_max(phase space) =   4.021  ->  proposes g->gg     pT =    0.653  z = 0.7960
  FSR #87 g (acol 108) against #119 g            m_dip =    6.884  pT_max(phase space) =   3.442  ->  proposes g->qqbar  pT =    0.678  z = 0.4806
  FSR #95 bbar (acol 117) against #125 g         m_dip =    5.603  pT_max(phase space) =   1.445  ->  proposes q->qg     pT =    0.622  z = 0.9117
  FSR #101 g (acol 115) against #92 g            m_dip =    5.560  pT_max(phase space) =   2.780  ->  proposes g->gg     pT =    0.661  z = 0.6369
  FSR #110 s (col 123) against #111 g            m_dip =    1.751  pT_max(phase space) =   0.876  ->  proposes q->qg     pT =    0.615  z = 0.5981
  FSR #117 g (col 125) against #116 sbar         m_dip =    3.067  pT_max(phase space) =   1.534  ->  proposes g->gg     pT =    0.696  z = 0.6401
  FSR #120 g (acol 105) against #121 g [beam]    m_dip =   51.118  pT_max(phase space) =  25.559  ->  proposes g->gg     pT =    0.708  z = 0.8212
  FSR #130 u (col 103) against #128 dbar         m_dip =   17.359  pT_max(phase space) =   8.680  ->  proposes q->qg     pT =    0.724  z = 0.9454
  FSR #136 g (acol 124) against #114 g           m_dip =    3.440  pT_max(phase space) =   1.720  ->  proposes g->gg     pT =    0.656  z = 0.6331
  no emission above the cut-off from 52 competitor(s): #83 g (col 112) against #43 u [beam]; #87 g (col 111) against #88 g; #88 g (col 109) against #93 g; #88 g (acol 111) against #87 g; #92 g (col 115) against #101 g; #92 g (acol 114) against #93 g; #93 g (col 114) against #92 g; #93 g (acol 109) against #88 g; ... and 44 more
  winner: FSR q->qg of #130 u (col 103) against #128 dbar at pT = 0.724 GeV

---- branching 33: FSR q->qg  u -> u + g  at pT_evol = 0.724 GeV -------------------------------------
  radiator #130 u radiates on its col line (tag 103) against recoiler #128 dbar
  evolution variable: pT_evol^2 = z(1-z)(m^2 - m_rad^2) with m_rad = 0.000 GeV
    -> virtuality of the branching parton m^2 = m_rad^2 + pT^2/(z(1-z)) = 0.000 + 0.524/(0.9454 x 0.0546) = 10.150 GeV^2,  m = 3.186 GeV
  z = 0.9454: daughter 1 (u) keeps the fraction z of the pair's energy in the dipole rest frame, daughter 2 (g) gets 1 - z = 0.0546
  alpha_s(pT^2) = 0.9268 (nf = 3, second order; first-order form 1.0925 was used for the overestimate)
  dipole rest frame (dipole mass m_dip = 17.359 GeV): the pair (daughters) gets E_P = 8.972, p_z = 8.387; daughter 1: E1 = z E_P = 8.482, p1z = 8.469, pT_actual = sqrt(E1^2 - m1^2 - p1z^2) = 0.483 GeV (compare pT_evol = 0.724), azimuth phi = 0.700
  the final-state recoiler keeps its mass 0.000 and its direction in the dipole frame, only its energy and |p| change so that the dipole mass is conserved
  before:
    radiator  #130 u      E=  158.984 px=  10.609 py= -38.569 pz= -153.870  | pT= 40.001 eta= -2.057 phi=-1.302
    recoiler  #128 dbar   E=    0.710 px=   0.650 py=   0.098 pz=    0.266  | pT=  0.658 eta=  0.395 phi= 0.149
  after:
    #140 u     st  51  col 132/0   m= 0.000  E=  155.483 px=  10.728 py= -38.032 pz= -150.377  | pT= 39.517 eta= -2.046 phi=-1.296
    #141 g     st  51  col 103/132 m= 0.000  E=    3.526 px=  -0.098 py=  -0.533 pz=   -3.484  | pT=  0.542 eta= -2.560 phi=-1.752
    #142 dbar  st  52  col   0/103 m= 0.000  E=    0.686 px=   0.628 py=   0.094 pz=    0.257  | pT=  0.635 eta=  0.395 phi= 0.149
  check: p_rad + p_rec (before) = p1 + p2 + p_rec' (after): max difference 2.42e-12 GeV
  check: m(daughter 1 + daughter 2) = 3.186 GeV = the virtuality m above; daughter masses 0.000, 0.000; dR(daughters) = 0.687
  state: 35 final-state partons, 61 dipole ends, incoming g x_A = 1.71398e-02, u x_B = 4.69376e-01, sqrt(s_hat) = 1219.838 GeV; |sum(final) - sum(incoming)|_max = 7.47e-10 GeV

==== step 34: evolve downwards from pT = 0.724 GeV ===================================================
  every dipole end and both incoming partons propose their next emission below this scale (Sudakov veto algorithm); the hardest proposal wins
  FSR #83 g (col 112) against #43 u [beam]       m_dip =   40.291  pT_max(phase space) =  20.145  ->  proposes g->gg     pT =    0.710  z = 0.6048
  FSR #87 g (acol 108) against #119 g            m_dip =    6.884  pT_max(phase space) =   3.442  ->  proposes g->gg     pT =    0.686  z = 0.8767
  FSR #116 sbar (acol 125) against #117 g        m_dip =    3.067  pT_max(phase space) =   1.534  ->  proposes q->qg     pT =    0.671  z = 0.7044
  FSR #120 g (acol 105) against #121 g [beam]    m_dip =   51.118  pT_max(phase space) =  25.559  ->  proposes g->gg     pT =    0.639  z = 0.4299
  FSR #129 d (col 121) against #104 g            m_dip =   23.850  pT_max(phase space) =  11.925  ->  proposes q->qg     pT =    0.625  z = 0.9499
  FSR #137 g (col 116) against #94 bbar          m_dip =    8.536  pT_max(phase space) =   1.868  ->  proposes g->gg     pT =    0.680  z = 0.1367
  ISR side A(+z) #121 g     x = 1.7140e-02                      ->  proposes g<-g      pT =    0.619  z = 0.9947  x' = 1.7231e-02
  no emission above the cut-off from 56 competitor(s): #83 g (acol 104) against #134 g; #87 g (col 111) against #88 g; #88 g (col 109) against #93 g; #88 g (acol 111) against #87 g; #92 g (col 115) against #101 g; #92 g (acol 114) against #93 g; #93 g (col 114) against #92 g; #93 g (acol 109) against #88 g; ... and 48 more
  winner: FSR g->gg of #83 g (col 112) against #43 u [beam] at pT = 0.710 GeV

---- branching 34: FSR g->gg  g -> g + g  at pT_evol = 0.710 GeV -------------------------------------
  radiator #83 g radiates on its col line (tag 112) against recoiler #43 u (incoming parton: beam recoil)
  evolution variable: pT_evol^2 = z(1-z)(m^2 - m_rad^2) with m_rad = 0.000 GeV
    -> virtuality of the branching parton m^2 = m_rad^2 + pT^2/(z(1-z)) = 0.000 + 0.504/(0.6048 x 0.3952) = 2.110 GeV^2,  m = 1.453 GeV
  z = 0.6048: daughter 1 (g) keeps the fraction z of the pair's energy in the dipole rest frame, daughter 2 (g) gets 1 - z = 0.3952
  alpha_s(pT^2) = 0.9711 (nf = 3, second order; first-order form 1.1256 was used for the overestimate)
  dipole rest frame (dipole mass m_dip = 40.291 GeV): the pair (daughters) gets E_P = 20.172, p_z = 20.119; daughter 1: E1 = z E_P = 12.201, p1z = 12.180, pT_actual = sqrt(E1^2 - m1^2 - p1z^2) = 0.710 GeV (compare pT_evol = 0.710), azimuth phi = 1.480
  the incoming recoiler is scaled by (1 + delta) with delta = (m^2 - m_rad^2)/(2 p_rad.p_rec) = 0.00130: its x moves 4.69376e-01 -> 4.69987e-01
  before:
    radiator  #83  g      E=   64.928 px=  -5.673 py=   0.882 pz=  -64.674  | pT=  5.741 eta= -3.117 phi= 2.987
    recoiler  #43  u      E= 3191.760 px=   0.000 py=   0.000 pz=-3191.760  | pT=  0.000 eta=   -inf phi= 0.000
  after:
    #143 g     st  51  col 133/104 m= 0.000  E=   41.943 px=  -3.368 py=   1.241 pz=  -41.789  | pT=  3.590 eta= -3.150 phi= 2.789
    #144 g     st  51  col 112/133 m= 0.000  E=   27.134 px=  -2.305 py=  -0.359 pz=  -27.034  | pT=  2.332 eta= -3.145 phi=-2.987
    #145 u     st -53  col 112/0   m= 0.000  E= 3195.909 px=   0.000 py=   0.000 pz=-3195.909  | pT=  0.000 eta=-33.874 phi= 0.035
  check: what the daughters gain, p1 + p2 - p_rad, is what the beam parton now brings in, p_rec' - p_rec = delta p_rec: max difference 3.87e-09 GeV (E gained 4.149 GeV)
  check: m(daughter 1 + daughter 2) = 1.453 GeV = the virtuality m above; daughter masses 0.000, 0.000; dR(daughters) = 0.507
  state: 36 final-state partons, 63 dipole ends, incoming g x_A = 1.71398e-02, u x_B = 4.69987e-01, sqrt(s_hat) = 1220.630 GeV; |sum(final) - sum(incoming)|_max = 4.61e-09 GeV

==== step 35: evolve downwards from pT = 0.710 GeV ===================================================
  every dipole end and both incoming partons propose their next emission below this scale (Sudakov veto algorithm); the hardest proposal wins
  FSR #87 g (col 111) against #88 g              m_dip =   21.688  pT_max(phase space) =  10.844  ->  proposes g->gg     pT =    0.643  z = 0.9508
  FSR #92 g (col 115) against #101 g             m_dip =    5.560  pT_max(phase space) =   2.780  ->  proposes g->gg     pT =    0.690  z = 0.8192
  FSR #101 g (acol 115) against #92 g            m_dip =    5.560  pT_max(phase space) =   2.780  ->  proposes g->gg     pT =    0.634  z = 0.4285
  FSR #122 g (acol 127) against #123 g           m_dip =    2.465  pT_max(phase space) =   1.233  ->  proposes g->gg     pT =    0.614  z = 0.4479
  FSR #134 g (col 104) against #143 g            m_dip =    7.363  pT_max(phase space) =   3.682  ->  proposes g->gg     pT =    0.673  z = 0.8866
  FSR #136 g (col 102) against #135 g            m_dip =    4.150  pT_max(phase space) =   2.075  ->  proposes g->qqbar  pT =    0.709  z = 0.3346
  no emission above the cut-off from 59 competitor(s): #87 g (acol 108) against #119 g; #88 g (col 109) against #93 g; #88 g (acol 111) against #87 g; #92 g (acol 114) against #93 g; #93 g (col 114) against #92 g; #93 g (acol 109) against #88 g; #94 bbar (acol 116) against #137 g; #95 bbar (acol 117) against #125 g; ... and 51 more
  winner: FSR g->qqbar of #136 g (col 102) against #135 g at pT = 0.709 GeV

---- branching 35: FSR g->qqbar  g -> u + ubar  at pT_evol = 0.709 GeV -------------------------------
  radiator #136 g radiates on its col line (tag 102) against recoiler #135 g
  evolution variable: pT_evol^2 = z(1-z)(m^2 - m_rad^2) with m_rad = 0.000 GeV
    -> virtuality of the branching parton m^2 = m_rad^2 + pT^2/(z(1-z)) = 0.000 + 0.503/(0.3346 x 0.6654) = 2.261 GeV^2,  m = 1.504 GeV
  z = 0.3346: daughter 1 (u) keeps the fraction z of the pair's energy in the dipole rest frame, daughter 2 (ubar) gets 1 - z = 0.6654
  alpha_s(pT^2) = 0.9738 (nf = 3, second order; first-order form 1.1276 was used for the overestimate)
  dipole rest frame (dipole mass m_dip = 4.150 GeV): the pair (daughters) gets E_P = 2.347, p_z = 1.803; daughter 1: E1 = z E_P = 0.785, p1z = 0.396, pT_actual = sqrt(E1^2 - m1^2 - p1z^2) = 0.678 GeV (compare pT_evol = 0.709), azimuth phi = 3.717
  the final-state recoiler keeps its mass 0.000 and its direction in the dipole frame, only its energy and |p| change so that the dipole mass is conserved
  before:
    radiator  #136 g      E=  177.196 px= -25.868 py= -18.340 pz= -174.336  | pT= 31.709 eta= -2.406 phi=-2.525
    recoiler  #135 g      E=   56.027 px=  -6.305 py=  -4.458 pz=  -55.492  | pT=  7.722 eta= -2.670 phi=-2.526
  after:
    #146 u     st  51  col 102/0   m= 0.000  E=   88.226 px= -12.179 py=  -8.593 pz=  -86.957  | pT= 14.905 eta= -2.464 phi=-2.527
    #147 ubar  st  51  col   0/124 m= 0.000  E=   96.325 px= -14.517 py= -10.332 pz=  -94.662  | pT= 17.818 eta= -2.372 phi=-2.523
    #148 g     st  52  col 130/102 m= 0.000  E=   48.673 px=  -5.477 py=  -3.873 pz=  -48.209  | pT=  6.708 eta= -2.670 phi=-2.526
  check: p_rad + p_rec (before) = p1 + p2 + p_rec' (after): max difference 2.59e-10 GeV
  check: m(daughter 1 + daughter 2) = 1.504 GeV = the virtuality m above; daughter masses 0.000, 0.000; dR(daughters) = 0.092
  state: 37 final-state partons, 63 dipole ends, incoming g x_A = 1.71398e-02, u x_B = 4.69987e-01, sqrt(s_hat) = 1220.630 GeV; |sum(final) - sum(incoming)|_max = 4.36e-09 GeV

==== step 36: evolve downwards from pT = 0.709 GeV ===================================================
  every dipole end and both incoming partons propose their next emission below this scale (Sudakov veto algorithm); the hardest proposal wins
  FSR #87 g (col 111) against #88 g              m_dip =   21.688  pT_max(phase space) =  10.844  ->  proposes g->gg     pT =    0.617  z = 0.8865
  FSR #88 g (acol 111) against #87 g             m_dip =   21.688  pT_max(phase space) =  10.844  ->  proposes g->gg     pT =    0.619  z = 0.2734
  FSR #101 g (acol 115) against #92 g            m_dip =    5.560  pT_max(phase space) =   2.780  ->  proposes g->qqbar  pT =    0.656  z = 0.2433
  FSR #104 g (acol 121) against #129 d           m_dip =   23.850  pT_max(phase space) =  11.925  ->  proposes g->gg     pT =    0.637  z = 0.7832
  FSR #118 g (acol 119) against #101 g           m_dip =    4.215  pT_max(phase space) =   2.108  ->  proposes g->gg     pT =    0.612  z = 0.3653
  FSR #131 g (acol 129) against #132 g           m_dip =    2.961  pT_max(phase space) =   1.480  ->  proposes g->gg     pT =    0.631  z = 0.4727
  FSR #137 g (acol 131) against #138 g           m_dip =    1.612  pT_max(phase space) =   0.806  ->  proposes g->qqbar  pT =    0.635  z = 0.5540
  FSR #139 g (col 118) against #138 g            m_dip =    2.805  pT_max(phase space) =   1.403  ->  proposes g->gg     pT =    0.639  z = 0.4125
  no emission above the cut-off from 57 competitor(s): #87 g (acol 108) against #119 g; #88 g (col 109) against #93 g; #92 g (col 115) against #101 g; #92 g (acol 114) against #93 g; #93 g (col 114) against #92 g; #93 g (acol 109) against #88 g; #94 bbar (acol 116) against #137 g; #95 bbar (acol 117) against #125 g; ... and 49 more
  winner: FSR g->qqbar of #101 g (acol 115) against #92 g at pT = 0.656 GeV

---- branching 36: FSR g->qqbar  g -> ubar + u  at pT_evol = 0.656 GeV -------------------------------
  radiator #101 g radiates on its acol line (tag 115) against recoiler #92 g
  evolution variable: pT_evol^2 = z(1-z)(m^2 - m_rad^2) with m_rad = 0.000 GeV
    -> virtuality of the branching parton m^2 = m_rad^2 + pT^2/(z(1-z)) = 0.000 + 0.430/(0.2433 x 0.7567) = 2.336 GeV^2,  m = 1.528 GeV
  z = 0.2433: daughter 1 (ubar) keeps the fraction z of the pair's energy in the dipole rest frame, daughter 2 (u) gets 1 - z = 0.7567
  alpha_s(pT^2) = 1.2184 (nf = 3, second order; first-order form 1.2918 was used for the overestimate)
  dipole rest frame (dipole mass m_dip = 5.560 GeV): the pair (daughters) gets E_P = 2.990, p_z = 2.570; daughter 1: E1 = z E_P = 0.727, p1z = 0.392, pT_actual = sqrt(E1^2 - m1^2 - p1z^2) = 0.613 GeV (compare pT_evol = 0.656), azimuth phi = 1.871
  the final-state recoiler keeps its mass 0.000 and its direction in the dipole frame, only its energy and |p| change so that the dipole mass is conserved
  before:
    radiator  #101 g      E=   42.832 px=  28.791 py= -30.258 pz=    9.493  | pT= 41.767 eta=  0.225 phi=-0.810
    recoiler  #92  g      E=    2.157 px=   1.549 py=  -0.643 pz=    1.356  | pT=  1.677 eta=  0.739 phi=-0.393
  after:
    #149 ubar  st  51  col   0/115 m= 0.000  E=   10.653 px=   7.186 py=  -7.273 pz=    2.993  | pT= 10.224 eta=  0.289 phi=-0.791
    #150 u     st  51  col 119/0   m= 0.000  E=   32.342 px=  21.722 py= -23.033 pz=    6.603  | pT= 31.661 eta=  0.207 phi=-0.815
    #151 g     st  52  col 115/114 m= 0.000  E=    1.994 px=   1.432 py=  -0.594 pz=    1.253  | pT=  1.550 eta=  0.739 phi=-0.393
  check: p_rad + p_rec (before) = p1 + p2 + p_rec' (after): max difference 3.20e-14 GeV
  check: m(daughter 1 + daughter 2) = 1.528 GeV = the virtuality m above; daughter masses 0.000, 0.000; dR(daughters) = 0.085
  state: 38 final-state partons, 63 dipole ends, incoming g x_A = 1.71398e-02, u x_B = 4.69987e-01, sqrt(s_hat) = 1220.630 GeV; |sum(final) - sum(incoming)|_max = 4.36e-09 GeV

==== step 37: evolve downwards from pT = 0.656 GeV ===================================================
  every dipole end and both incoming partons propose their next emission below this scale (Sudakov veto algorithm); the hardest proposal wins
  FSR #88 g (acol 111) against #87 g             m_dip =   21.688  pT_max(phase space) =  10.844  ->  proposes g->gg     pT =    0.646  z = 0.9186
  FSR #93 g (acol 109) against #88 g             m_dip =    2.194  pT_max(phase space) =   1.097  ->  proposes g->qqbar  pT =    0.624  z = 0.3114
  FSR #112 g (acol 101) against #111 g           m_dip =    3.747  pT_max(phase space) =   1.873  ->  proposes g->gg     pT =    0.630  z = 0.2406
  FSR #117 g (col 125) against #116 sbar         m_dip =    3.067  pT_max(phase space) =   1.534  ->  proposes g->gg     pT =    0.625  z = 0.4088
  FSR #120 g (col 126) against #119 g            m_dip =    2.383  pT_max(phase space) =   1.191  ->  proposes g->gg     pT =    0.647  z = 0.7121
  FSR #122 g (col 107) against #114 g            m_dip =    3.642  pT_max(phase space) =   1.821  ->  proposes g->gg     pT =    0.631  z = 0.4718
  FSR #139 g (col 118) against #138 g            m_dip =    2.805  pT_max(phase space) =   1.403  ->  proposes g->gg     pT =    0.636  z = 0.2371
  FSR #149 ubar (acol 115) against #151 g        m_dip =    2.398  pT_max(phase space) =   1.199  ->  proposes q->qg     pT =    0.643  z = 0.6060
  no emission above the cut-off from 57 competitor(s): #87 g (col 111) against #88 g; #87 g (acol 108) against #119 g; #88 g (col 109) against #93 g; #93 g (col 114) against #151 g; #94 bbar (acol 116) against #137 g; #95 bbar (acol 117) against #125 g; #104 g (col 120) against #121 g [beam]; #104 g (acol 121) against #129 d; ... and 49 more
  winner: FSR g->gg of #120 g (col 126) against #119 g at pT = 0.647 GeV

---- branching 37: FSR g->gg  g -> g + g  at pT_evol = 0.647 GeV -------------------------------------
  radiator #120 g radiates on its col line (tag 126) against recoiler #119 g
  evolution variable: pT_evol^2 = z(1-z)(m^2 - m_rad^2) with m_rad = 0.000 GeV
    -> virtuality of the branching parton m^2 = m_rad^2 + pT^2/(z(1-z)) = 0.000 + 0.419/(0.7121 x 0.2879) = 2.043 GeV^2,  m = 1.429 GeV
  z = 0.7121: daughter 1 (g) keeps the fraction z of the pair's energy in the dipole rest frame, daughter 2 (g) gets 1 - z = 0.2879
  alpha_s(pT^2) = 1.2716 (nf = 3, second order; first-order form 1.3242 was used for the overestimate)
  dipole rest frame (dipole mass m_dip = 2.383 GeV): the pair (daughters) gets E_P = 1.620, p_z = 0.763; daughter 1: E1 = z E_P = 1.154, p1z = 1.111, pT_actual = sqrt(E1^2 - m1^2 - p1z^2) = 0.310 GeV (compare pT_evol = 0.647), azimuth phi = 3.686
  the final-state recoiler keeps its mass 0.000 and its direction in the dipole frame, only its energy and |p| change so that the dipole mass is conserved
  before:
    radiator  #120 g      E=   22.731 px=   5.099 py=  18.920 pz=   11.521  | pT= 19.595 eta=  0.558 phi= 1.308
    recoiler  #119 g      E=    4.387 px=   0.025 py=   3.518 pz=    2.621  | pT=  3.518 eta=  0.689 phi= 1.564
  after:
    #152 g     st  51  col 134/105 m= 0.000  E=   23.620 px=   5.152 py=  19.537 pz=   12.233  | pT= 20.205 eta=  0.574 phi= 1.313
    #153 g     st  51  col 126/134 m= 0.000  E=    0.690 px=  -0.043 py=   0.649 pz=    0.231  | pT=  0.650 eta=  0.348 phi= 1.638
    #154 g     st  52  col 108/126 m= 0.000  E=    2.809 px=   0.016 py=   2.252 pz=    1.678  | pT=  2.252 eta=  0.689 phi= 1.564
  check: p_rad + p_rec (before) = p1 + p2 + p_rec' (after): max difference 5.68e-14 GeV
  check: m(daughter 1 + daughter 2) = 1.429 GeV = the virtuality m above; daughter masses 0.000, 0.000; dR(daughters) = 0.395
  state: 39 final-state partons, 65 dipole ends, incoming g x_A = 1.71398e-02, u x_B = 4.69987e-01, sqrt(s_hat) = 1220.630 GeV; |sum(final) - sum(incoming)|_max = 4.36e-09 GeV

==== step 38: evolve downwards from pT = 0.647 GeV ===================================================
  every dipole end and both incoming partons propose their next emission below this scale (Sudakov veto algorithm); the hardest proposal wins
  FSR #93 g (acol 109) against #88 g             m_dip =    2.194  pT_max(phase space) =   1.097  ->  proposes g->gg     pT =    0.626  z = 0.6518
  FSR #123 g (col 127) against #122 g            m_dip =    2.465  pT_max(phase space) =   1.233  ->  proposes g->gg     pT =    0.615  z = 0.4420
  FSR #138 g (col 131) against #137 g            m_dip =    1.612  pT_max(phase space) =   0.806  ->  proposes g->gg     pT =    0.625  z = 0.4701
  FSR #141 g (col 103) against #142 dbar         m_dip =    2.618  pT_max(phase space) =   1.309  ->  proposes g->qqbar  pT =    0.618  z = 0.7486
  FSR #142 dbar (acol 103) against #141 g        m_dip =    2.618  pT_max(phase space) =   1.309  ->  proposes q->qg     pT =    0.644  z = 0.7429
  FSR #143 g (acol 104) against #134 g           m_dip =    7.363  pT_max(phase space) =   3.682  ->  proposes g->gg     pT =    0.636  z = 0.7233
  no emission above the cut-off from 61 competitor(s): #87 g (col 111) against #88 g; #87 g (acol 108) against #154 g; #88 g (col 109) against #93 g; #88 g (acol 111) against #87 g; #93 g (col 114) against #151 g; #94 bbar (acol 116) against #137 g; #95 bbar (acol 117) against #125 g; #104 g (col 120) against #121 g [beam]; ... and 53 more
  winner: FSR q->qg of #142 dbar (acol 103) against #141 g at pT = 0.644 GeV

---- branching 38: FSR q->qg  dbar -> dbar + g  at pT_evol = 0.644 GeV -------------------------------
  radiator #142 dbar radiates on its acol line (tag 103) against recoiler #141 g
  evolution variable: pT_evol^2 = z(1-z)(m^2 - m_rad^2) with m_rad = 0.000 GeV
    -> virtuality of the branching parton m^2 = m_rad^2 + pT^2/(z(1-z)) = 0.000 + 0.414/(0.7429 x 0.2571) = 2.168 GeV^2,  m = 1.472 GeV
  z = 0.7429: daughter 1 (dbar) keeps the fraction z of the pair's energy in the dipole rest frame, daughter 2 (g) gets 1 - z = 0.2571
  alpha_s(pT^2) = 1.2953 (nf = 3, second order; first-order form 1.3383 was used for the overestimate)
  dipole rest frame (dipole mass m_dip = 2.618 GeV): the pair (daughters) gets E_P = 1.723, p_z = 0.895; daughter 1: E1 = z E_P = 1.280, p1z = 1.253, pT_actual = sqrt(E1^2 - m1^2 - p1z^2) = 0.260 GeV (compare pT_evol = 0.644), azimuth phi = 2.394
  the final-state recoiler keeps its mass 0.000 and its direction in the dipole frame, only its energy and |p| change so that the dipole mass is conserved
  before:
    radiator  #142 dbar   E=    0.686 px=   0.628 py=   0.094 pz=    0.257  | pT=  0.635 eta=  0.395 phi= 0.149
    recoiler  #141 g      E=    3.526 px=  -0.098 py=  -0.533 pz=   -3.484  | pT=  0.542 eta= -2.560 phi=-1.752
  after:
    #155 dbar  st  51  col   0/135 m= 0.000  E=    0.584 px=   0.415 py=   0.274 pz=    0.307  | pT=  0.497 eta=  0.584 phi= 0.583
    #156 g     st  51  col 135/103 m= 0.000  E=    1.217 px=   0.183 py=  -0.348 pz=   -1.152  | pT=  0.393 eta= -1.796 phi=-1.087
    #157 g     st  52  col 103/132 m= 0.000  E=    2.410 px=  -0.067 py=  -0.364 pz=   -2.381  | pT=  0.371 eta= -2.560 phi=-1.752
  check: p_rad + p_rec (before) = p1 + p2 + p_rec' (after): max difference 3.55e-15 GeV
  check: m(daughter 1 + daughter 2) = 1.472 GeV = the virtuality m above; daughter masses 0.000, 0.000; dR(daughters) = 2.908
  state: 40 final-state partons, 67 dipole ends, incoming g x_A = 1.71398e-02, u x_B = 4.69987e-01, sqrt(s_hat) = 1220.630 GeV; |sum(final) - sum(incoming)|_max = 4.36e-09 GeV

==== step 39: evolve downwards from pT = 0.644 GeV ===================================================
  every dipole end and both incoming partons propose their next emission below this scale (Sudakov veto algorithm); the hardest proposal wins
  no emission above the cut-off from 69 competitor(s): #87 g (col 111) against #88 g; #87 g (acol 108) against #154 g; #88 g (col 109) against #93 g; #88 g (acol 111) against #87 g; #93 g (col 114) against #151 g; #93 g (acol 109) against #88 g; #94 bbar (acol 116) against #137 g; #95 bbar (acol 117) against #125 g; ... and 61 more
  nobody can radiate above the cut-off any more: the shower stops

==== the shower has finished =========================================================================
  veto algorithm: 3513 FSR and 212 ISR trial emissions produced 433 FSR and 34 ISR accepted proposals, of which 33 FSR and 5 ISR won their step (the losers are thrown away and re-proposed from the winner's scale)
  final event record (also written to the output file):
 --------  Standalone Event Listing after the shower  ------------------------------------------------------------------------------
 
    no         id  name            status     mothers   daughters     colours      p_x        p_y        p_z         e          m 
     0         90  (system)           -11     0     0     0     0     0     0      0.000      0.000      0.000  13600.000  13600.000
     1       2212  (p+)               -12     0     0     3     0     0     0      0.000      0.000   6800.000   6800.000      0.938
     2       2212  (p+)               -12     0     0     4     0     0     0      0.000      0.000  -6800.000   6800.000      0.938
     3         -2  (ubar)             -21     7     0     5     6     0   101      0.000      0.000     14.785     14.785      0.000
     4          2  (u)                -21    11     0     5     6   102     0      0.000      0.000  -2652.934   2652.934      0.000
     5         -5  (bbar)             -23     3     4     9     9     0   101     62.071     94.690  -2413.001   2415.661      4.800
     6          5  (b)                -23     3     4    10    10   102     0    -62.071    -94.690   -225.148    252.059      4.800
     7         21  (g)                -41    16     0     3     8   103   101      0.000      0.000     18.981     18.981      0.000
     8          2  (u)                -43     7     0    13    13   103     0     14.618    -42.814   -169.985    175.903      0.000
     9         -5  (bbar)             -44     5     0    14    14     0   101     60.756     98.541  -2327.506   2330.388      4.800
    10          5  (b)                -44     6     0    15    15   102     0    -75.374    -55.726   -136.461    165.624      4.800
    11          2  (u)                -41    43     0     4    12   104     0      0.000      0.000  -3122.560   3122.560      0.000
    12         21  (g)                -43    11     0    18    18   104   102    -27.723    -23.911   -237.210    240.018      0.000
    13          2  (u)                -44     8     0    19    19   103     0     16.425    -41.256   -185.382    190.626      0.000
    14         -5  (bbar)             -44     9     0    20    20     0   101     85.094    119.531  -2529.619   2533.875      4.800
    15          5  (b)                -44    10     0    21    21   102     0    -73.796    -54.365   -151.368    177.022      4.800
    16         21  (g)                -41    81     0     7    17   103   105      0.000      0.000     92.210     92.210      0.000
    17         21  (g)                -43    16     0    24    24   101   105     41.138     -8.971     66.982     79.117      0.000
    18         21  (g)                -44    12     0    27    27   104   102    -30.767    -23.247   -260.841    263.676      0.000
    19          2  (u)                -44    13     0    45    45   103     0     10.742    -40.016   -159.504    164.797      0.000
    20         -5  (bbar)             -44    14     0    22    23     0   101     80.482    120.537  -2445.151   2449.447      4.800
    21          5  (b)                -44    15     0    25    26   102     0   -101.595    -48.303   -231.838    257.733      4.800
    22         -5  (bbar)             -51    20     0    42    42     0   106     76.769     53.289  -1464.413   1467.400      4.800
    23         21  (g)                -51    20     0    30    30   106   101      3.993     67.187   -980.280    982.588      0.000
    24         21  (g)                -52    17     0    28    29   101   105     40.857     -8.910     66.525     78.577      0.000
    25          5  (b)                -51    21     0    46    46   107     0    -90.766    -41.636   -193.075    217.424      4.800
    26         21  (g)                -51    21     0    47    47   102   107    -31.219    -22.073   -211.624    215.050      0.000
    27         21  (g)                -52    18     0    48    48   104   102    -10.377     -7.841    -87.979     88.935      0.000
    28         21  (g)                -51    24     0    49    49   108   105      5.172     22.709     13.804     27.074      0.000
    29         21  (g)                -51    24     0    31    32   101   108     35.732    -30.845     41.439     62.812      0.000
    30         21  (g)                -52    23     0    33    33   106   101      3.947     66.413   -968.998    971.279      0.000
    31         21  (g)                -51    29     0    36    36   109   108     -4.773     15.839     -3.084     16.827      0.000
    32         21  (g)                -51    29     0    34    35   101   109     40.585    -45.335     24.834     65.720      0.000
    33         21  (g)                -52    30     0    40    41   106   101      3.867     65.064   -949.309    951.544      0.000
    34         21  (g)                -51    32     0    50    50   101   110     -3.377     -1.588      7.949      8.781      0.000
    35         21  (g)                -51    32     0    39    39   110   109     42.852    -40.064     16.168     60.851      0.000
    36         21  (g)                -52    31     0    37    38   109   108     -3.663     12.156     -2.367     12.915      0.000
    37         21  (g)                -51    36     0    51    51   111   108     -3.134     -1.246      9.105      9.709      0.000
    38         21  (g)                -51    36     0    52    52   109   111      6.336      6.983     -8.882     12.953      0.000
    39         21  (g)                -52    35     0    53    53   110   109     35.987    -33.646     13.578     51.103      0.000
    40          5  (b)                -51    33     0    54    54   106     0      5.207     26.692   -364.833    365.877      4.800
    41         -5  (bbar)             -51    33     0    55    55     0   101      1.214     40.123   -632.898    634.188      4.800
    42         -5  (bbar)             -52    22     0    56    56     0   106     74.216     51.537  -1415.991   1418.879      4.800
    43          2  (u)                -41     2     0   145   145   112     0      0.000      0.000  -3191.760   3191.760      0.000
    44         21  (g)                -43    43     0    83    83   112   104     -5.672      0.883    -64.672     64.926      0.000
    45          2  (u)                -44    19     0    84    84   103     0     11.037    -40.062   -159.720    165.037      0.000
    46          5  (b)                -44    25     0    60    61   107     0    -90.393    -41.694   -193.458    217.620      4.800
    47         21  (g)                -44    26     0    62    62   102   107    -30.832    -22.133   -211.952    215.323      0.000
    48         21  (g)                -44    27     0    85    85   104   102    -10.217     -7.866    -88.113     89.051      0.000
    49         21  (g)                -44    28     0    86    86   108   105      5.184     22.707     13.767     27.056      0.000
    50         21  (g)                -44    34     0    57    58   101   110     -3.377     -1.588      7.934      8.767      0.000
    51         21  (g)                -44    37     0    87    87   111   108     -3.133     -1.246      9.089      9.694      0.000
    52         21  (g)                -44    38     0    88    88   109   111      6.355      6.980     -8.895     12.971      0.000
    53         21  (g)                -44    39     0    63    64   110   109     36.022    -33.651     13.543     51.121      0.000
    54          5  (b)                -44    40     0    74    74   106     0      5.871     26.589   -365.347    366.392      4.800
    55         -5  (bbar)             -44    41     0    59    59     0   101      2.365     39.944   -633.796    635.076      4.800
    56         -5  (bbar)             -44    42     0    72    73     0   106     76.791     51.137  -1417.929   1420.936      4.800
    57          3  (s)                -51    50     0    71    71   101     0     -0.329     -6.429      4.807      8.034      0.000
    58         -3  (sbar)             -51    50     0    65    65     0   110     -3.025      5.211     -2.753      6.625      0.000
    59         -5  (bbar)             -52    55     0    69    70     0   101      2.343     39.574   -627.917    629.185      4.800
    60          5  (b)                -51    46     0    89    89   113     0    -74.150    -32.403   -150.221    170.697      4.800
    61         21  (g)                -51    46     0    90    90   107   113    -17.427    -10.141    -51.379     55.194      0.000
    62         21  (g)                -52    47     0    91    91   102   107    -29.647    -21.283   -203.810    207.052      0.000
    63         21  (g)                -51    53     0    68    68   114   109      0.988      0.618     -0.109      1.171      0.000
    64         21  (g)                -51    53     0    66    67   110   114     34.818    -33.898     13.456     50.422      0.000
    65         -3  (sbar)             -52    58     0    80    80     0   110     -2.810      4.840     -2.556      6.152      0.000
    66         21  (g)                -51    64     0    78    79   110   115     33.595    -33.071     12.062     48.660      0.000
    67         21  (g)                -51    64     0    92    92   115   114      1.554     -0.620      1.358      2.155      0.000
    68         21  (g)                -52    63     0    93    93   114   109      0.657      0.411     -0.072      0.778      0.000
    69         -5  (bbar)             -51    59     0    94    94     0   116      3.361     36.873   -557.216    558.466      4.800
    70         21  (g)                -51    59     0    75    76   116   101     -1.019      2.681    -70.686     70.744      0.000
    71          3  (s)                -52    57     0    77    77   101     0     -0.328     -6.409      4.792      8.009      0.000
    72         -5  (bbar)             -51    56     0    95    95     0   117     61.320     39.952  -1104.866   1107.298      4.800
    73         21  (g)                -51    56     0    96    96   117   106     15.521     11.542   -317.681    318.269      0.000
    74          5  (b)                -52    54     0    97    97   106     0      5.820     26.231   -360.730    361.761      4.800
    75         21  (g)                -51    70     0    98    98   116   118      1.112      1.891    -44.631     44.685      0.000
    76         21  (g)                -51    70     0    99    99   118   101     -2.133      0.743    -26.020     26.118      0.000
    77          3  (s)                -52    71     0   100   100   101     0     -0.326     -6.362      4.757      7.951      0.000
    78         21  (g)                -51    66     0   101   101   119   115     28.867    -29.913      9.650     42.675      0.000
    79         21  (g)                -51    66     0   102   102   110   119      4.682     -3.080      2.370      6.085      0.000
    80         -3  (sbar)             -52    65     0   103   103     0   110     -2.764      4.761     -2.515      6.052      0.000
    81         21  (g)                -41     1     0   121   121   120   105      0.000      0.000    116.332    116.332      0.000
    82         21  (g)                -43    81     0   104   105   120   103      0.267      1.216     24.105     24.137      0.000
    83         21  (g)                -44    44     0   143   144   112   104     -5.673      0.882    -64.674     64.928      0.000
    84          2  (u)                -44    45     0   106   106   103     0     11.029    -40.097   -159.968    165.285      0.000
    85         21  (g)                -44    48     0   134   135   104   102    -10.218     -7.872    -88.179     89.117      0.000
    86         21  (g)                -44    49     0   119   120   108   105      5.125     22.438     13.924     26.900      0.000
    87         21  g                   44    51     0     0     0   111   108     -3.161     -1.370      9.075      9.707      0.000
    88         21  g                   44    52     0     0     0   109   111      6.349      6.953     -8.840     12.915      0.000
    89          5  (b)                -44    60     0   124   124   113     0    -74.180    -32.539   -150.541    171.018      4.800
    90         21  (g)                -44    61     0   115   115   107   113    -17.433    -10.166    -51.471     55.286      0.000
    91         21  (g)                -44    62     0   113   114   102   107    -29.652    -21.304   -203.992    207.234      0.000
    92         21  (g)                -44    67     0   151   151   115   114      1.549     -0.643      1.356      2.157      0.000
    93         21  g                   44    68     0     0     0   114   109      0.656      0.406     -0.069      0.775      0.000
    94         -5  bbar                44    69     0     0     0     0   116      3.359     36.865   -556.965    558.214      4.800
    95         -5  bbar                44    72     0     0     0     0   117     61.317     39.936  -1104.507   1106.939      4.800
    96         21  (g)                -44    73     0   125   126   117   106     15.520     11.539   -317.580    318.169      0.000
    97          5  (b)                -44    74     0   127   127   106     0      5.818     26.224   -360.546    361.577      4.800
    98         21  (g)                -44    75     0   137   138   116   118      1.112      1.890    -44.616     44.670      0.000
    99         21  (g)                -44    76     0   107   108   118   101     -2.133      0.743    -26.018     26.116      0.000
   100          3  (s)                -44    77     0   109   109   101     0     -0.344     -6.446      4.714      7.994      0.000
   101         21  (g)                -44    78     0   149   150   119   115     28.791    -30.258      9.493     42.832      0.000
   102         21  (g)                -44    79     0   118   118   110   119      4.670     -3.136      2.357      6.099      0.000
   103         -3  (sbar)             -44    80     0   116   117     0   110     -2.769      4.738     -2.487      6.025      0.000
   104         21  g                   51    82     0     0     0   120   121     -0.650      1.486     23.536     23.592      0.000
   105         21  (g)                -51    82     0   128   129   121   103      0.949     -0.387      0.100      1.030      0.000
   106          2  (u)                -52    84     0   130   130   103     0     10.997    -39.980   -159.498    164.800      0.000
   107         21  (g)                -51    99     0   139   139   118   122     -1.806     -0.036    -25.362     25.426      0.000
   108         21  (g)                -51    99     0   112   112   122   101     -0.336      0.619     -0.540      0.888      0.000
   109          3  (s)                -52   100     0   110   111   101     0     -0.336     -6.287      4.598      7.796      0.000
   110          3  s                   51   109     0     0     0   123     0      0.335     -1.947      2.292      3.026      0.000
   111         21  g                   51   109     0     0     0   101   123     -0.710     -4.268      2.243      4.873      0.000
   112         21  g                   52   108     0     0     0   122   101     -0.297      0.547     -0.478      0.785      0.000
   113         21  (g)                -51    91     0   136   136   102   124    -30.290    -21.475   -204.142    207.491      0.000
   114         21  g                   51    91     0     0     0   124   107      0.099     -0.144     -1.443      1.454      0.000
   115         21  (g)                -52    90     0   122   123   107   113    -16.893     -9.851    -49.878     53.575      0.000
   116         -3  sbar                51   103     0     0     0     0   125     -2.618      4.515     -2.809      5.927      0.000
   117         21  g                   51   103     0     0     0   125   110      0.161      0.013      0.479      0.506      0.000
   118         21  g                   52   102     0     0     0   110   119      4.358     -2.926      2.199      5.691      0.000
   119         21  (g)                -51    86     0   154   154   108   126      0.025      3.518      2.621      4.387      0.000
   120         21  (g)                -51    86     0   152   153   126   105      5.099     18.920     11.521     22.731      0.000
   121         21  (g)                -53    81     0    16    82   120   105      0.000      0.000    116.550    116.550      0.000
   122         21  g                   51   115     0     0     0   107   127    -17.724    -10.705    -50.997     55.040      0.000
   123         21  g                   51   115     0     0     0   127   113     -1.818     -0.281     -4.082      4.477      0.000
   124          5  b                   52    89     0     0     0   113     0    -71.531    -31.404   -145.341    165.076      4.800
   125         21  g                   51    96     0     0     0   117   128      7.676      5.996   -147.659    147.980      0.000
   126         21  (g)                -51    96     0   131   132   128   106      7.872      5.739   -172.430    172.705      0.000
   127          5  (b)                -52    97     0   133   133   106     0      5.791     26.027   -358.037    359.061      4.800
   128         -1  (dbar)             -51   105     0   142   142     0   103      0.650      0.098      0.266      0.710      0.000
   129          1  d                   51   105     0     0     0   121     0      0.687     -1.896     -5.795      6.136      0.000
   130          2  (u)                -52   106     0   140   141   103     0     10.609    -38.569   -153.870    158.984      0.000
   131         21  g                   51   126     0     0     0   128   129      7.609      5.262   -159.783    160.050      0.000
   132         21  g                   51   126     0     0     0   129   106      0.454      1.817    -29.557     29.616      0.000
   133          5  b                   52   127     0     0     0   106     0      5.600     24.687   -341.128    342.099      4.800
   134         21  g                   51    85     0     0     0   104   130     -8.336     -6.549    -62.492     63.385      0.000
   135         21  (g)                -51    85     0   148   148   130   102     -6.305     -4.458    -55.492     56.027      0.000
   136         21  (g)                -52   113     0   146   147   102   124    -25.868    -18.340   -174.336    177.196      0.000
   137         21  g                   51    98     0     0     0   116   131      0.296     -0.252     -9.891      9.899      0.000
   138         21  g                   51    98     0     0     0   131   118      0.444      2.135    -39.949     40.009      0.000
   139         21  g                   52   107     0     0     0   118   122     -1.434     -0.028    -20.137     20.188      0.000
   140          2  u                   51   130     0     0     0   132     0     10.728    -38.032   -150.377    155.483      0.000
   141         21  (g)                -51   130     0   157   157   103   132     -0.098     -0.533     -3.484      3.526      0.000
   142         -1  (dbar)             -52   128     0   155   156     0   103      0.628      0.094      0.257      0.686      0.000
   143         21  g                   51    83     0     0     0   133   104     -3.368      1.241    -41.789     41.943      0.000
   144         21  g                   51    83     0     0     0   112   133     -2.305     -0.359    -27.034     27.134      0.000
   145          2  (u)                -53    43     0    11    44   112     0      0.000      0.000  -3195.909   3195.909      0.000
   146          2  u                   51   136     0     0     0   102     0    -12.179     -8.593    -86.957     88.226      0.000
   147         -2  ubar                51   136     0     0     0     0   124    -14.517    -10.332    -94.662     96.325      0.000
   148         21  g                   52   135     0     0     0   130   102     -5.477     -3.873    -48.209     48.673      0.000
   149         -2  ubar                51   101     0     0     0     0   115      7.186     -7.273      2.993     10.653      0.000
   150          2  u                   51   101     0     0     0   119     0     21.722    -23.033      6.603     32.342      0.000
   151         21  g                   52    92     0     0     0   115   114      1.432     -0.594      1.253      1.994      0.000
   152         21  g                   51   120     0     0     0   134   105      5.152     19.537     12.233     23.620      0.000
   153         21  g                   51   120     0     0     0   126   134     -0.043      0.649      0.231      0.690      0.000
   154         21  g                   52   119     0     0     0   108   126      0.016      2.252      1.678      2.809      0.000
   155         -1  dbar                51   142     0     0     0     0   135      0.415      0.274      0.307      0.584      0.000
   156         21  g                   51   142     0     0     0   135   103      0.183     -0.348     -1.152      1.217      0.000
   157         21  g                   52   141     0     0     0   103   132     -0.067     -0.364     -2.381      2.410      0.000
                                   Charge sum:  0.667           Momentum sum:      0.000      0.000  -3079.359   3312.460   1220.630

 --------  End Standalone Event Listing after the shower  --------------------------------------------------------------------------

==== summary =========================================================================================
input /Users/ravindrakumar/rverma/JME/JitJet/example/ME/event_ME.lhe: hard process g u -> bbar b, pTmax = 113.32 GeV, seed = 1
shower finished: 5 ISR + 33 FSR branchings, 40 final-state partons (27 gluons); weight above unity: alpha_s ratio 14 times, PDF ratio 0 times
incoming after ISR: g x = 1.7140e-02 (+z), u x = 4.6999e-01 (-z)
parton    pT before  pT after     eta     phi  family n  family pT  family E  family m   (family: final partons within dR < 0.4)
bbar         113.22     73.18  -3.409   0.577         3      92.13   1414.97      7.02
b            113.22     78.12  -1.379  -2.728         3     100.45    224.59     13.52
branchings in pT order:
    1 ISR q<-g      side A(+z)  g    -> ubar + u     pT =   53.877  z = 0.779  x -> 2.7914e-03
    2 ISR q<-q      side B(-z)  u    -> u    + g     pT =   51.361  z = 0.850  x -> 4.5920e-01
    3 ISR g<-g      side A(+z)  g    -> g    + g     pT =   42.157  z = 0.206  x -> 1.3560e-02
    4 FSR q->qg     bbar  against g          pT =   34.218  z = 0.594  m_virt =   69.84
    5 FSR q->qg     b     against g          pT =   32.070  z = 0.601  m_virt =   65.67
    6 FSR g->gg     g     against g          pT =   25.615  z = 0.275  m_virt =   57.34
    7 FSR g->gg     g     against g          pT =   22.096  z = 0.135  m_virt =   64.72
    8 FSR g->gg     g     against g          pT =   13.377  z = 0.243  m_virt =   31.21
    9 FSR g->gg     g     against g          pT =   10.618  z = 0.398  m_virt =   21.69
   10 FSR g->qqbar  g     against bbar       pT =    5.967  z = 0.350  m_virt =   12.51
   11 ISR q<-q      side B(-z)  u    -> u    + g     pT =    5.933  z = 0.978  x -> 4.6938e-01
   12 FSR g->qqbar  g     against bbar       pT =    5.802  z = 0.783  m_virt =   14.07
   13 FSR q->qg     b     against g          pT =    4.402  z = 0.864  m_virt =   13.71
   14 FSR g->gg     g     against sbar       pT =    2.571  z = 0.076  m_virt =    9.70
   15 FSR g->gg     g     against g          pT =    2.485  z = 0.733  m_virt =    5.62
   16 FSR q->qg     bbar  against s          pT =    2.256  z = 0.887  m_virt =    8.59
   17 FSR q->qg     bbar  against b          pT =    1.866  z = 0.804  m_virt =    6.72
   18 FSR g->gg     g     against s          pT =    1.771  z = 0.632  m_virt =    3.67
   19 FSR g->gg     g     against sbar       pT =    1.489  z = 0.866  m_virt =    4.36
   20 ISR g<-g      side A(+z)  g    -> g    + g     pT =    1.245  z = 0.793  x -> 1.7108e-02
   21 FSR g->gg     g     against u          pT =    1.022  z = 0.977  m_virt =    6.80
   22 FSR g->gg     g     against s          pT =    0.985  z = 0.938  m_virt =    4.07
   23 FSR q->qg     s     against g          pT =    0.864  z = 0.419  m_virt =    1.75
   24 FSR g->gg     g     against g          pT =    0.861  z = 0.943  m_virt =    3.72
   25 FSR q->qg     sbar  against g          pT =    0.823  z = 0.922  m_virt =    3.07
   26 FSR g->gg     g     against beam g     pT =    0.820  z = 0.137  m_virt =    2.38
   27 FSR g->gg     g     against b          pT =    0.803  z = 0.879  m_virt =    2.47
   28 FSR g->gg     g     against b          pT =    0.767  z = 0.451  m_virt =    1.54
   29 FSR g->qqbar  g     against u          pT =    0.764  z = 0.945  m_virt =    3.36
   30 FSR g->gg     g     against b          pT =    0.759  z = 0.929  m_virt =    2.96
   31 FSR g->gg     g     against g          pT =    0.757  z = 0.219  m_virt =    1.83
   32 FSR g->gg     g     against g          pT =    0.747  z = 0.312  m_virt =    1.61
   33 FSR q->qg     u     against dbar       pT =    0.724  z = 0.945  m_virt =    3.19
   34 FSR g->gg     g     against beam u     pT =    0.710  z = 0.605  m_virt =    1.45
   35 FSR g->qqbar  g     against g          pT =    0.709  z = 0.335  m_virt =    1.50
   36 FSR g->qqbar  g     against g          pT =    0.656  z = 0.243  m_virt =    1.53
   37 FSR g->gg     g     against g          pT =    0.647  z = 0.712  m_virt =    1.43
   38 FSR q->qg     dbar  against g          pT =    0.644  z = 0.743  m_virt =    1.47
wrote /Users/ravindrakumar/rverma/JME/JitJet/example/PS/event_PS.lhe (158 rows, 40 final-state partons)
